Lcl Date,Lcl Time,UTCOfst,AtvWpt,Latitude,Longitude,AltB,BaroA,AltMSL,OAT,IAS,GndSpd,VSpd,Pitch,Roll,LatAc,NormAc,HDG,TRK,volt1,amp1,FQtyL,FQtyR,E1 FFlow,E1 OilT,E1 OilP,E1 Torq,E1 NP,E1 NG,E1 ITT,AltGPS,TAS,HSIS,CRS,NAV1,NAV2,COM1,COM2,HCDI,VCDI,WndSpd,WndDr,WptDst,WptBrg,MagVar,AfcsOn,RollM,PitchM,RollC,PichC,VSpdG,GPSfix,HAL,VAL,HPLwas,HPLfd,VPLwas,AIRSPEED_AVG,ALTITUDE_AVG,FLAPS_AVG,SPEEDBRAKE_DEPLOYED,VERTICAL_ACCEL,TQ_AVG,VERTICAL_SPEED,VERTICAL_SPEED_SMOOTH,ACCEL_NORM_DIFF,ALTITUDE_AGL,IS_AIRBORNE,PHASE
7/25/2026, 04:56:05,  +00:00,       ,-2.5307069,37.7304077,3525,29.92,3785.6,19,0,0,-0.04,0,0.11,0,-0.01,132,139.9,28.6,34,66.29,74.95,16.99,165.15,87.35,108.59,1108.42,54,631.01,3724.3,0,  GPS,156.2,113.1,115.9,125.3,118,       ,       ,       ,      ,       ,       ,-0.4,0,    WL,    PIT,0.1,0,0,     3D,3704,      ,       ,97,       ,0,3785.6,0,FALSE,1,108.59,-0.04,-0.04,,0.4,FALSE,GROUND
7/25/2026, 04:56:05,  +00:00,       ,-2.5307064,37.7304077,3525,29.92,3785.6,19,0,0,-0.02,0.01,0.1,0,-0.01,132,139.9,28.6,33.8,66.44,74.78,16.99,165.1,87.37,108.68,1109.09,54,631.35,3724.3,0,  GPS,156.2,113.1,115.9,125.3,118,       ,       ,       ,      ,       ,       ,-0.4,0,    WL,    PIT,0,0,0,     3D,3704,      ,       ,97,       ,0,3785.6,0,FALSE,1,108.68,-0.02,-0.02,0,0.4,FALSE,GROUND
7/25/2026, 04:56:06,  +00:00,       ,-2.5307069,37.7304077,3525,29.92,3785.6,19,0,0,-0.01,0,0.1,0,0,132,139.9,28.6,33.5,66.44,74.78,16.99,165.02,87.35,108.79,1109.56,54.03,631.52,3724.3,0,  GPS,156.2,113.1,115.9,125.3,118,       ,       ,       ,      ,       ,       ,-0.4,0,    WL,    PIT,0,0,0,     3D,3704,      ,       ,97,       ,0,3785.6,0,FALSE,1,108.79,-0.01,-0.01,0.01,0.4,FALSE,GROUND
7/25/2026, 04:56:07,  +00:00,       ,-2.5307069,37.7304077,3525,29.92,3785.6,19,0,0,0,-0.01,0.1,0,0.01,132,139.9,28.6,33.2,66.44,74.78,16.97,164.94,87.38,108.92,1110.13,54.04,631.64,3724.3,0,  GPS,156.2,113.1,115.9,125.3,118,       ,       ,       ,      ,       ,       ,-0.4,0,    WL,    PIT,0,0,0,     3D,3704,      ,       ,97,       ,0,3785.6,0,FALSE,1,108.92,0,0,0.01,0.4,FALSE,GROUND
7/25/2026, 04:56:09,  +00:00,       ,-2.5307064,37.7304077,3525,29.92,3785.6,19,0,0,0.92,-0.02,0.09,0,0,132,139.9,28.6,33.2,66.44,74.78,16.97,164.85,87.39,109.23,1110.57,54.04,631.82,3724.3,0,  GPS,156.2,113.1,115.9,125.3,118,       ,       ,       ,      ,       ,       ,-0.4,0,    WL,    PIT,0,0,0,     3D,3704,      ,       ,97,       ,0,3785.6,0,FALSE,1,109.23,0.92,0.92,-0.01,0.4,FALSE,GROUND
7/25/2026, 04:56:10,  +00:00,   HKFH,-2.5307064,37.7304077,3525,29.92,3785.7,19,0,0,4.73,-0.01,0.12,0,0,132,139.9,28.6,33.1,66.44,74.95,16.98,164.78,87.38,109.5,1110.83,54.06,632.09,3724.4,0,  GPS,156.2,113.1,115.9,125.3,118,0,       ,       ,      ,27,156.3,-0.4,0,    WL,    PIT,0,0,0,     3D,3704,      ,       ,97,       ,0,3785.7,0,FALSE,1,109.5,4.73,-1.405,0,0.5,FALSE,GROUND
7/25/2026, 04:56:11,  +00:00,   HKFH,-2.5307064,37.7304077,3524,29.92,3785.8,19,0,0,-0.4,-0.02,0.11,0,0,132,139.9,28.6,32.8,66.44,74.95,16.98,164.71,87.39,109.47,1111.2,54.06,631.83,3724.5,0,  GPS,156.2,113.1,115.9,125.3,118,0,       ,       ,      ,27,156.3,-0.4,0,  NONE,   NONE,      ,      ,0,     3D,3704,      ,       ,97,       ,0,3785.8,0,FALSE,1,109.47,-0.4,-1.557,0,0.6,FALSE,GROUND
7/25/2026, 04:56:12,  +00:00,   HKFH,-2.5307064,37.7304077,3524,29.92,3785.5,19,0,0,-8.29,-0.03,0.11,0,0,132,139.9,28.6,32.7,66.44,74.95,16.97,164.63,87.38,109.17,1110.88,54.07,632.38,3724.2,0,  GPS,156.2,113.1,115.9,125.3,118,0,       ,       ,      ,27,156.3,-0.4,0,  NONE,   NONE,      ,      ,0,     3D,3704,      ,       ,97,       ,0,3785.5,0,FALSE,1,109.17,-8.29,-1.61,0,0.3,FALSE,GROUND
7/25/2026, 04:56:13,  +00:00,   HKFH,-2.5307064,37.7304077,3525,29.92,3785.5,19,0,0,-7.27,-0.02,0.09,0,0,132,139.9,28.5,32.5,66.44,74.95,16.99,164.57,87.39,109.15,1111.19,54.05,633.48,3724.2,0,  GPS,156.2,113.1,115.9,125.3,118,0,       ,       ,      ,27,156.3,-0.4,0,  NONE,   NONE,      ,      ,0,     3D,3704,      ,       ,97,       ,0,3785.5,0,FALSE,1,109.15,-7.27,-1.05,0,0.3,FALSE,GROUND
7/25/2026, 04:56:14,  +00:00,   HKFH,-2.5307064,37.7304077,3524,29.92,3785.5,19,0,0,-3.67,-0.03,0.11,0,0.01,132,139.9,28.6,32.5,66.44,75.13,16.98,164.49,87.39,109.1,1112.16,54.05,633.45,3724.2,0,  GPS,156.2,113.1,115.9,125.3,118,0,       ,       ,      ,27,156.3,-0.4,0,  NONE,   NONE,      ,      ,3.9,     3D,3704,      ,       ,97,       ,0,3785.5,0,FALSE,1,109.1,-3.67,-0.105,0.01,0.3,FALSE,GROUND
7/25/2026, 04:56:15,  +00:00,   HKFH,-2.5307069,37.7304077,3524,29.92,3785.7,19,0,0,-1.56,-0.03,0.11,0,0,132,139.9,28.6,32.4,66.44,75.13,16.99,164.42,87.46,108.98,1112.73,54.06,633.85,3724.4,0,  GPS,156.2,113.1,115.9,125.3,118,0,       ,       ,      ,27,156.3,-0.4,0,  NONE,   NONE,      ,      ,7.9,     3D,3704,      ,       ,97,       ,0,3785.7,0,FALSE,1,108.98,-1.56,0.997,-0.01,0.5,FALSE,GROUND
7/25/2026, 04:56:15,  +00:00,   HKFH,-2.5307064,37.7304077,3525,29.92,3785.9,19,0,0,-0.55,-0.04,0.11,0,0,132,139.9,28.6,32.3,66.44,75.13,16.99,164.35,87.43,108.59,1112.74,54.04,635.01,3724.6,0,  GPS,156.2,113.1,115.9,125.3,118,0,       ,       ,      ,27,156.3,-0.4,0,  NONE,   NONE,      ,      ,0,     3D,3704,      ,       ,97,       ,0,3785.9,0,FALSE,1,108.59,-0.55,1.254,0,0.7,FALSE,GROUND
7/25/2026, 04:56:16,  +00:00,   HKFH,-2.5307064,37.7304077,3525,29.92,3786,19,0,0,5.59,-0.04,0.14,0,0,132,139.9,28.6,32.3,66.44,75.13,16.99,164.3,87.43,108.76,1113.68,54.04,635.27,3724.7,0,  GPS,156.2,113.1,115.9,125.3,118,0,       ,       ,      ,27,156.3,-0.4,0,  NONE,   NONE,      ,      ,0,     3D,3704,      ,       ,97,       ,0,3786,0,FALSE,1,108.76,5.59,1.66,0,0.8,FALSE,GROUND
7/25/2026, 04:56:17,  +00:00,   HKFH,-2.5307064,37.7304077,3525,29.92,3785.9,19,0,0,9.45,-0.05,0.13,0,0,132,139.9,28.6,32.1,66.44,75.13,16.99,164.24,87.4,108.97,1114.05,54.05,635.16,3724.6,0,  GPS,156.2,113.1,115.9,125.3,118,0,       ,       ,      ,27,156.3,-0.4,0,  NONE,   NONE,      ,      ,0,     3D,3704,      ,       ,97,       ,0,3785.9,0,FALSE,1,108.97,9.45,2.644,0,0.7,FALSE,GROUND
7/25/2026, 04:56:18,  +00:00,   HKFH,-2.5307064,37.7304077,3525,29.92,3786,19,0,0,11.94,-0.07,0.12,0,0,132,139.9,28.6,31.9,66.44,75.3,16.98,164.18,87.42,109.23,1114.79,54.06,634.74,3724.7,0,  GPS,156.2,113.1,115.9,125.3,118,0,       ,       ,      ,27,156.3,-0.4,0,  NONE,   NONE,      ,      ,0,     3D,3704,      ,       ,97,       ,0,3786,0,FALSE,1,109.23,11.94,2.987,0,0.8,FALSE,GROUND
7/25/2026, 04:56:19,  +00:00,   HKFH,-2.5307069,37.7304077,3525,29.92,3785.9,19,0,0,7.3,-0.09,0.09,0,0,132,139.9,28.6,31.8,66.44,75.3,17.01,164.11,87.43,109.63,1114.88,54.07,634.64,3724.6,0,  GPS,156.2,113.1,115.9,125.3,118,0,       ,       ,      ,27,156.3,-0.4,0,  NONE,   NONE,      ,      ,-3.9,     3D,3704,      ,       ,97,       ,0,3785.9,0,FALSE,1,109.63,7.3,2.335,0,0.7,FALSE,GROUND
7/25/2026, 04:56:21,  +00:00,   HKFH,-2.5307069,37.7304077,3525,29.92,3785.9,19,0,0,3.66,-0.14,0.11,0,0.01,132,139.9,28.6,31.9,66.44,75.3,18.24,164.05,87.42,116.77,1119.45,55.13,647.15,3724.6,0,  GPS,156.2,113.1,115.9,125.3,118,0,       ,       ,      ,27,156.3,-0.4,0,  NONE,   NONE,      ,      ,0,     3D,3704,      ,       ,97,       ,0,3785.9,0,FALSE,1,116.77,3.66,1.612,0.01,0.7,FALSE,GROUND
7/25/2026, 04:56:22,  +00:00,   HKFH,-2.5307069,37.7304077,3525,29.92,3786,19,0,0,1.55,-0.13,0.1,0,0,132,139.9,28.5,30,66.44,75.48,20.79,163.98,87.43,138.55,1151.96,58.45,693.92,3724.7,0,  GPS,156.2,113.1,115.9,125.3,118,0,       ,       ,      ,27,156.3,-0.4,0,  NONE,   NONE,      ,      ,0,     3D,3704,      ,       ,96.5,       ,0,3786,0,FALSE,1,138.55,1.55,1.003,-0.01,0.8,FALSE,GROUND
7/25/2026, 04:56:23,  +00:00,   HKFH,-2.5307071,37.7304077,3524,29.92,3786,19,0,0,-3.84,-0.11,0.08,0,0,132,139.9,28.5,29.5,66.44,75.48,22.28,163.93,87.55,166.43,1211.33,61.83,714.19,3724.7,0,  GPS,156.2,113.1,115.9,125.3,118,0,       ,       ,      ,27,156.3,-0.4,0,  NONE,   NONE,      ,      ,0,     3D,3704,      ,       ,96.5,       ,0,3786,0,FALSE,1,166.43,-3.84,-0.003,0,0.8,FALSE,GROUND
7/25/2026, 04:56:24,  +00:00,   HKFH,-2.5307076,37.7304077,3524,29.92,3786.3,19,0,0,-10.19,-0.09,0.03,0,0,132,139.9,28.5,29.6,66.44,75.48,22.54,163.87,87.52,187.89,1275.15,63.75,703.01,3725,0,  GPS,156.2,113.1,115.9,125.3,118,0,       ,       ,      ,27,156.3,-0.4,0,  NONE,   NONE,      ,      ,0,     3D,3704,      ,       ,96.5,       ,0,3786.3,0,FALSE,1,187.89,-10.19,-0.539,0,1.1,FALSE,GROUND
7/25/2026, 04:56:25,  +00:00,   HKFH,-2.5307086,37.7304077,3524,29.92,3786.2,19,0,0,-8.79,-0.14,-0.08,0.01,0,132,139.9,28.5,29.6,66.44,75.48,22.36,163.81,87.43,198.89,1324.95,64.45,673.01,3725,0,  GPS,156.2,113.1,115.9,125.3,118,0,       ,       ,      ,27,156.3,-0.4,0,  NONE,   NONE,      ,      ,0,     3D,3704,      ,       ,96.5,       ,0,3786.2,0,FALSE,1,198.89,-8.79,-0.976,0,1,FALSE,GROUND
7/25/2026, 04:56:26,  +00:00,   HKFH,-2.5307109,37.7304077,3524,29.92,3786.2,19,0,0,-6.64,-0.03,-0.16,0,0.01,132,139.9,28.5,29.6,66.44,75.48,22.15,163.75,87.47,203.44,1357.38,64.61,647.46,3725,0,  GPS,156.2,113.1,115.9,125.3,118,0,       ,       ,      ,27,156.3,-0.4,0,  NONE,   NONE,      ,      ,0,     3D,3704,      ,       ,96.5,       ,0,3786.2,0,FALSE,1,203.44,-6.64,-1.267,0.01,1,FALSE,GROUND
7/25/2026, 04:56:27,  +00:00,   HKFH,-2.5307174,37.7304192,3524,29.92,3786.2,19,0,1.11,-4.47,0.18,0.11,-0.02,0,131.1,139.9,28.5,29.8,66.29,75.48,21.86,163.67,87.34,203.14,1389.21,64.58,622.41,3724.9,0,  GPS,156.2,113.1,115.9,125.3,118,0,       ,       ,      ,27,156.3,-0.4,0,  NONE,   NONE,      ,      ,0,     3D,3704,      ,       ,96.5,       ,0,3786.2,0,FALSE,1,203.14,-4.47,-1.404,-0.01,1,FALSE,GROUND
7/25/2026, 04:56:28,  +00:00,   HKFH,-2.5307221,37.730423,3525,29.92,3786,19,0,1.38,4.09,0.27,0.33,0,0,130.1,139.9,28.5,29.6,66.29,75.3,21.74,163.62,87.34,201.12,1395.13,64.46,615.89,3724.8,0,  GPS,156.2,113.1,115.9,125.3,118,0,       ,       ,      ,27,156.3,-0.4,0,  NONE,   NONE,      ,      ,-3.9,     3D,3704,      ,       ,96.5,       ,0,3786,0,FALSE,1,201.12,4.09,-1.412,0,0.8,FALSE,GROUND
7/25/2026, 04:56:29,  +00:00,   HKFH,-2.5307271,37.7304268,3524,29.92,3786,19,0,1.63,7.57,0.05,0.41,-0.01,0.01,129.1,139.9,28.5,29.8,66.29,75.3,21.66,163.57,87.27,199.15,1397.76,64.38,612.11,3724.7,0,  GPS,156.2,113.1,115.9,125.3,118,0,       ,       ,      ,27,156.3,-0.4,0,  NONE,   NONE,      ,      ,0,     3D,3704,      ,       ,96.5,       ,0,3786,0,FALSE,1,199.15,7.57,-0.32,0.01,0.8,FALSE,GROUND
7/25/2026, 04:56:30,  +00:00,   HKFH,-2.5307319,37.7304382,3524,29.92,3786,19,0,1.69,4.39,-0.04,0.41,0.01,0,127.9,139.9,28.5,29.7,66.29,75.13,21.63,163.51,87.26,198.32,1399.21,64.33,610.37,3724.7,0,  GPS,156.2,113.1,115.9,125.3,118,0.001,       ,       ,      ,27,156.3,-0.4,0,  NONE,   NONE,      ,      ,0,     3D,3704,      ,       ,96.5,       ,0,3786,0,FALSE,1,198.32,4.39,2.306,-0.01,0.8,FALSE,GROUND
7/25/2026, 04:56:31,  +00:00,   HKFH,-2.5307372,37.7304382,3525,29.92,3785.9,19,0,1.81,2.29,0.59,1.08,-0.05,0,126.2,139.9,28.5,29.5,66.44,74.78,21.64,163.46,87.3,198.17,1399.71,64.35,609.23,3724.6,0,  GPS,156.2,113.1,115.9,125.3,118,0.001,       ,       ,      ,27,156.3,-0.4,0,  NONE,   NONE,      ,      ,0,     3D,3704,      ,       ,96.5,       ,0,3785.9,0,FALSE,1,198.17,2.29,4.791,0,0.7,FALSE,GROUND
7/25/2026, 04:56:33,  +00:00,   HKFH,-2.5307426,37.7304497,3525,29.92,3785.8,19,0,2.14,1.47,0.92,0.86,-0.01,-0.04,124.7,124.1,28.5,29.5,66.44,74.25,21.68,163.39,87.3,198.16,1399.79,64.45,609.84,3724.5,0,  GPS,156.2,113.1,115.9,125.3,118,0.001,       ,       ,      ,27,156.3,-0.4,0,  NONE,   NONE,      ,      ,0,     3D,3704,      ,       ,96.5,       ,0,3785.8,0,FALSE,1,198.16,1.47,6.481,-0.04,0.6,FALSE,GROUND
7/25/2026, 04:56:34,  +00:00,   HKFH,-2.5307486,37.7304611,3526,29.92,3785.8,19,0,2.37,7.08,1.12,0.99,-0.04,-0.02,122.9,124,28.5,29.4,66.73,73.72,21.66,163.34,87.29,197.53,1399.77,64.45,610.9,3724.5,0,  GPS,156.2,113.1,115.9,125.3,118,0.001,       ,       ,      ,27,156.3,-0.4,0,  NONE,   NONE,      ,      ,0,     3D,3704,      ,       ,96.5,       ,0,3785.8,0,FALSE,1,197.53,7.08,7.406,0.02,0.6,FALSE,GROUND
7/25/2026, 04:56:35,  +00:00,   HKFH,-2.5307548,37.7304726,3526,29.92,3785.8,19,0,2.59,16.07,1.38,0.79,-0.02,-0.03,121.1,121,28.5,29.1,67.02,73.2,21.63,163.27,87.34,196.68,1400.16,64.43,610.92,3724.5,0,  GPS,156.2,113.1,115.9,125.3,118,0.001,       ,       ,      ,27,156.3,-0.4,0,  NONE,   NONE,      ,      ,0,     3D,3704,      ,       ,96.5,       ,0,3785.8,0,FALSE,1,196.68,16.07,7.145,-0.01,0.6,FALSE,GROUND
7/25/2026, 04:56:36,  +00:00,   HKFH,-2.530761,37.7304802,3525,29.92,3786,19,0,2.64,16.06,0.98,1.13,-0.07,0.02,118.9,120.5,28.5,29.3,67.02,73.2,21.63,163.2,87.35,196.64,1400.8,64.43,611.14,3724.7,0,  GPS,156.2,113.1,115.9,125.3,118,0.001,       ,       ,      ,27,156.3,-0.4,0,  NONE,   NONE,      ,      ,3.9,     3D,3704,      ,       ,96.5,       ,0,3786,0,FALSE,1,196.64,16.06,6.414,0.05,0.8,FALSE,GROUND
7/25/2026, 04:56:37,  +00:00,   HKFH,-2.530767,37.7304955,3526,29.92,3785.7,19,0,2.82,10.26,0.63,1.03,-0.01,0.06,116.9,117,28.5,29.4,67.17,72.67,21.63,163.12,87.37,196.36,1401.38,64.44,611.14,3724.5,0,  GPS,156.2,113.1,115.9,125.3,118,0.002,       ,       ,      ,27,156.3,-0.4,0,  NONE,   NONE,      ,      ,-3.9,     3D,3704,      ,       ,96.5,       ,0,3785.7,0,FALSE,1,196.36,10.26,6.286,0.04,0.5,FALSE,GROUND
7/25/2026, 04:56:38,  +00:00,   HKFH,-2.5307724,37.7305069,3525,29.92,3785.7,19,0,2.99,4.78,-0.62,-0.29,0.03,0.12,115,113.8,28.5,29,67.46,71.97,21.62,163.05,87.39,196.24,1401.86,64.45,611.47,3724.5,0,  GPS,156.2,113.1,115.9,125.3,118,0.002,       ,       ,      ,27,156.3,-0.4,0,  NONE,   NONE,      ,      ,-3.9,     3D,3704,      ,       ,96.5,       ,0,3785.7,0,FALSE,1,196.24,4.78,6.351,0.06,0.5,FALSE,GROUND
7/25/2026, 04:56:38,  +00:00,   HKFH,-2.5307779,37.7305183,3525,29.92,3785.8,19,0,2.92,1.48,-1.75,-1.15,0.07,0.12,113.1,113.4,28.5,29.1,67.61,71.62,21.86,162.97,87.34,197.63,1403.94,64.61,613.14,3724.6,0,  GPS,156.2,113.1,115.9,125.3,118,0.002,       ,       ,      ,27,156.3,-0.4,0,  NONE,   NONE,      ,      ,3.9,     3D,3704,      ,       ,96.5,       ,0,3785.8,0,FALSE,1,197.63,1.48,6.673,0,0.6,FALSE,GROUND
7/25/2026, 04:56:39,  +00:00,   HKFH,-2.5307827,37.7305336,3525,29.92,3785.8,19,0,2.95,0.26,-1.26,-0.48,0.01,-0.05,111,111.7,28.5,28.7,67.76,71.62,23.74,162.9,87.37,215.99,1431.62,66.77,636.02,3724.5,0,  GPS,156.2,113.1,115.9,125.3,118,0.003,       ,       ,      ,27,156.4,-0.4,0,  NONE,   NONE,      ,      ,-3.9,     3D,3704,      ,       ,96.5,       ,0,3785.8,0,FALSE,1,215.99,0.26,6.823,-0.17,0.6,FALSE,GROUND
7/25/2026, 04:56:40,  +00:00,   HKFH,-2.5307887,37.7305489,3526,29.92,3785.7,19,0,3.62,3.11,-0.15,0.78,-0.05,-0.06,106.9,109.7,28.5,28.8,67.76,71.27,24.14,162.83,87.36,230.36,1466.12,67.98,639.59,3724.4,0,  GPS,156.2,113.1,115.9,125.3,118,0.003,       ,       ,      ,27,156.4,-0.4,0,  NONE,   NONE,      ,      ,-7.9,     3D,3704,      ,       ,96.5,       ,0,3785.7,0,FALSE,1,230.36,3.11,5.806,-0.01,0.5,FALSE,GROUND
7/25/2026, 04:56:41,  +00:00,   HKFH,-2.5307937,37.7305679,3526,29.92,3785.6,19,0,4.33,2.94,0.31,1.19,-0.09,-0.04,101.4,104.6,28.5,28.5,67.76,71.09,23.92,162.76,87.35,235.53,1489.98,68.1,629.15,3724.3,0,  GPS,156.2,113.1,115.9,125.3,118,0.003,       ,       ,      ,27,156.4,-0.4,0,  NONE,   NONE,      ,      ,-3.9,     3D,3704,      ,       ,96.5,       ,0,3785.6,0,FALSE,1,235.53,2.94,4.567,0.02,0.4,FALSE,GROUND
7/25/2026, 04:56:42,  +00:00,   HKFH,-2.5307958,37.7305908,3526,29.92,3785.5,19,0,4.92,4.69,0.05,0.37,-0.07,-0.04,95.8,97.1,28.5,28.5,67.76,71.09,23.62,162.7,87.3,234.77,1500.98,67.83,618.98,3724.2,0,  GPS,156.2,113.1,115.9,125.3,118,0.004,       ,       ,      ,27,156.4,-0.4,0,  NONE,   NONE,      ,      ,0,     3D,3704,      ,       ,96.5,       ,0,3785.5,0,FALSE,1,234.77,4.69,4.353,0,0.3,FALSE,GROUND
7/25/2026, 04:56:43,  +00:00,   HKFH,-2.5307963,37.7306175,3526,29.92,3785.6,19,0,5.48,8.58,0.01,0.77,0,0.03,89.1,92.3,28.5,28.5,67.76,71.09,23.44,162.62,87.3,232.24,1503.63,67.61,613.22,3724.4,0,  GPS,156.2,113.1,115.9,125.3,118,0.005,       ,       ,      ,27,156.4,-0.4,0,  NONE,   NONE,      ,      ,-3.9,     3D,3704,      ,       ,96.5,       ,0,3785.6,0,FALSE,1,232.24,8.58,4.147,0.07,0.4,FALSE,GROUND
7/25/2026, 04:56:45,  +00:00,   HKFH,-2.5307932,37.7306442,3526,29.92,3785.7,19,0,5.97,5.9,-0.02,1.04,-0.01,0.07,81.9,85.4,28.5,28.4,67.61,71.27,23.3,162.56,87.26,229.31,1502.2,67.45,610.78,3724.4,0,  GPS,156.2,113.1,115.9,125.3,118,0.006,       ,       ,      ,27,156.4,-0.4,0,  NONE,   NONE,      ,      ,0,     3D,3704,      ,       ,96.5,       ,0,3785.7,0,FALSE,1,229.31,5.9,3.221,0.04,0.5,FALSE,GROUND
7/25/2026, 04:56:46,  +00:00,   HKFH,-2.5307865,37.7306747,3526,29.92,3785.7,19,0,6.53,3.67,0.67,0.43,-0.04,0.03,74.6,78.7,28.5,28.2,67.61,71.27,23.13,162.5,87.22,226.45,1496.8,67.26,609.15,3724.4,0,  GPS,156.2,113.1,115.9,125.3,118,0.006,       ,       ,      ,27,156.4,-0.4,0,  NONE,   NONE,      ,      ,-3.9,     3D,3704,      ,       ,96.5,       ,0,3785.7,0,FALSE,1,226.45,3.67,2.246,-0.04,0.5,FALSE,GROUND
7/25/2026, 04:56:47,  +00:00,   HKFH,-2.5307755,37.7307053,3527,29.92,3785.9,19,0,7.06,8.12,0.83,0,-0.06,-0.14,67.6,71.6,28.5,28.3,67.61,71.27,23.01,162.43,87.23,223.63,1493.08,67.1,608.4,3724.6,0,  GPS,156.2,113.1,115.9,125.3,118,0.007,       ,       ,      ,27,156.4,-0.4,0,  NONE,   NONE,      ,      ,3.9,     3D,3704,      ,       ,96.5,       ,0,3785.9,0,FALSE,1,223.63,8.12,1.101,-0.17,0.7,FALSE,GROUND
7/25/2026, 04:56:48,  +00:00,   HKFH,-2.5307591,37.7307396,3525,29.92,3785.5,19,0,7.52,2.72,0.82,0.04,-0.08,-0.09,59.8,64.8,28.5,28.2,67.9,71.27,22.91,162.37,87.26,221.77,1488.03,66.95,608.31,3724.2,0,  GPS,156.2,113.1,115.9,125.3,118,0.009,       ,       ,      ,27,156.4,-0.4,0,  NONE,   NONE,      ,      ,0,     3D,3704,      ,       ,96.5,       ,0,3785.5,0,FALSE,1,221.77,2.72,-0.477,0.05,0.3,FALSE,GROUND
7/25/2026, 04:56:49,  +00:00,   HKFH,-2.5307391,37.7307663,3525,29.92,3785.3,19,0,8.01,-7.78,0.56,-0.57,-0.04,-0.03,53.6,57.7,28.5,28.3,67.9,71.09,22.82,162.32,87.26,220.28,1483.94,66.81,608.51,3724,0,  GPS,156.2,113.1,115.9,125.3,118,0.01,       ,       ,      ,27,156.4,-0.4,0,    TO,     TO,-0.1,7,-3.9,     3D,3704,      ,       ,96.5,       ,0,3785.3,0,FALSE,1,220.28,-7.78,-2.035,0.06,0.1,FALSE,GROUND
7/25/2026, 04:56:49,  +00:00,   HKFH,-2.5307143,37.7308006,3525,29.92,3785.2,19,0,8.51,-9.49,0.3,-0.12,-0.04,-0.03,49.5,53.4,28.5,28.1,68.34,70.57,22.77,162.25,87.26,219.56,1479.85,66.73,609.11,3723.9,0,  GPS,156.2,113.1,115.9,125.3,118,0.011,       ,       ,      ,27,156.4,-0.4,0,    TO,     TO,0,7,0,     3D,3704,      ,       ,96.5,       ,0,3785.2,0,FALSE,1,219.56,-9.49,-3.484,0,0,FALSE,GROUND
7/25/2026, 04:56:50,  +00:00,   HKFH,-2.5306866,37.7308311,3525,29.92,3785.2,19,0,9,-8.34,0.62,-0.04,-0.05,-0.06,46.6,50.3,28.5,28.2,68.93,69.74,22.74,162.2,87.29,219.14,1476.92,66.71,609.72,3723.9,0,  GPS,156.2,113.1,115.9,125.3,118,0.012,       ,       ,      ,27,156.4,-0.4,0,   HDG,     TO,0.7,7,0,     3D,3704,      ,       ,96.5,       ,0,3785.2,0,FALSE,1,219.14,-8.34,-4.406,-0.03,0,FALSE,GROUND
7/25/2026, 04:56:51,  +00:00,   HKFH,-2.5306561,37.7308655,3525,29.92,3785.3,19,0,9.49,-12.84,0.42,0,-0.03,0,44.1,47.5,28.5,28.6,69.66,68.84,22.72,162.14,87.26,218.64,1473.48,66.65,610.76,3724,0,  GPS,156.2,113.1,115.9,125.3,118,0.013,       ,       ,      ,27,156.4,-0.4,0,   HDG,     TO,4.9,7,0,     3D,3704,      ,       ,96.5,       ,0,3785.3,0,FALSE,1,218.64,-12.84,-4.466,0.06,0.1,FALSE,GROUND
7/25/2026, 04:56:52,  +00:00,   HKFH,-2.5306239,37.730896,3525,29.92,3785.2,19,0,9.99,-10.89,0.38,0.03,0,0.02,43,45.8,28.5,27.1,70.46,68.84,22.75,162.09,87.38,219.32,1471.13,66.66,611.9,3723.9,0,  GPS,156.2,113.1,115.9,125.3,118,0.015,       ,       ,      ,27,156.4,-0.4,0,   HDG,     TO,8.2,7,0,     3D,3704,      ,       ,96.5,       ,0,3785.2,0,FALSE,1,219.32,-10.89,-4.883,0.02,0,FALSE,GROUND
7/25/2026, 04:56:53,  +00:00,   HKFH,-2.5305889,37.7309303,3525,29.92,3785.3,19,0,10.48,-5.91,0.81,-0.08,0,0.04,42.8,45.1,28.5,27.8,71.5,67.94,22.75,162.03,87.31,219.23,1469.54,66.65,612.63,3724,0,  GPS,156.2,113.1,115.9,125.3,118,0.016,       ,       ,      ,27,156.4,-0.4,0,   HDG,     TO,8.6,7,0,     3D,3704,      ,       ,96.5,       ,0,3785.3,0,FALSE,1,219.23,-5.91,-4.43,0.02,0.1,FALSE,GROUND
7/25/2026, 04:56:54,  +00:00,   HKFH,-2.5305521,37.7309647,3525,29.92,3785.4,19,0,10.92,-3.32,0.62,-0.31,0.01,0.01,43.8,44.8,28.5,27.5,71.5,66.9,22.74,161.98,87.3,219.36,1469.32,66.64,613.01,3724.1,0,  GPS,156.2,113.1,115.9,125.3,118,0.017,       ,       ,      ,27,156.4,-0.4,0,   HDG,     TO,8.5,7,3.9,     3D,3704,      ,       ,96.5,       ,0,3785.4,0,FALSE,1,219.36,-3.32,-3.201,-0.03,0.2,FALSE,GROUND
7/25/2026, 04:56:56,  +00:00,   HKFH,-2.5305145,37.7310066,3525,29.92,3785.4,19,0,11.27,3.07,0.66,-0.48,0.03,-0.03,45,45.6,28.5,27.4,72.53,65.85,22.71,161.93,87.29,219.22,1469.35,66.65,613.28,3724.2,0,  GPS,156.2,113.1,115.9,125.3,118,0.019,       ,       ,      ,27,156.4,-0.4,0,   HDG,     TO,8.4,7,3.9,     3D,3704,      ,       ,96.5,       ,0,3785.4,0,FALSE,1,219.22,3.07,-2.044,-0.04,0.2,FALSE,GROUND
7/25/2026, 04:56:57,  +00:00,   HKFH,-2.530477,37.731041,3525,29.92,3785.4,19,0,11.64,3.95,0.69,-0.23,0.01,0,46.1,46.8,28.5,26.6,73.39,64.8,21.59,161.89,87.26,210.09,1458.15,65.6,604.03,3724.1,0,  GPS,156.2,113.1,115.9,125.3,118,0.02,       ,       ,      ,27,156.4,-0.4,0,   HDG,     TO,8.3,7,-3.9,     3D,3704,      ,       ,96.5,       ,0,3785.4,0,FALSE,1,210.09,3.95,-0.87,0.03,0.2,FALSE,GROUND
7/25/2026, 04:56:58,  +00:00,   HKFH,-2.5304401,37.7310829,3525,29.92,3785.4,19,0,11.99,7.25,0.87,0.29,0.02,0.01,47.1,48,28.5,27.2,74.25,64.06,19.64,161.84,87.22,185.78,1414.49,62.81,580.37,3724.1,0,  GPS,156.2,113.1,115.9,125.3,118,0.022,       ,       ,      ,27,156.4,-0.4,0,   HDG,     TO,8.2,7,0,     3D,3704,      ,       ,96.5,       ,0,3785.4,0,FALSE,1,185.78,7.25,2.16,0.01,0.2,FALSE,GROUND
7/25/2026, 04:56:59,  +00:00,   HKFH,-2.5304019,37.7311249,3525,29.92,3785.4,19,0,12.19,4.51,1.13,0.11,0,0.04,48.4,48.8,28.5,27.4,74.25,64.06,19.15,161.81,87.18,170.2,1371.4,61.4,578.84,3724.2,0,  GPS,156.2,113.1,115.9,125.3,118,0.024,       ,       ,      ,27,156.4,-0.4,0,   HDG,     TO,8.2,7,3.9,     3D,3704,      ,       ,96.5,       ,0,3785.4,0,FALSE,1,170.2,4.51,5.353,0.03,0.2,FALSE,GROUND
7/25/2026, 04:57:00,  +00:00,   HKFH,-2.5303645,37.7311707,3525,29.92,3785.6,19,0,12.3,2.08,1.44,0.51,-0.01,0,48.7,49.8,28.5,27.8,74.76,63.61,19.15,161.78,87.23,161.77,1338.6,60.83,589.8,3724.3,0,  GPS,156.2,113.1,115.9,125.3,118,0.025,       ,       ,      ,27,156.4,-0.4,0,   HDG,     TO,8.1,7,7.9,     3D,3704,      ,       ,96.5,       ,0,3785.6,0,FALSE,1,161.77,2.08,7.098,-0.04,0.4,FALSE,GROUND
7/25/2026, 04:57:00,  +00:00,   HKFH,-2.5303276,37.7312164,3526,29.92,3785.7,19,0,12.34,3.4,1.24,0.93,-0.04,0.02,49.3,49.9,28.5,26.4,75.11,63.61,19.24,161.75,87.26,158.22,1315.78,60.65,600.78,3724.4,0,  GPS,156.2,113.1,115.9,125.3,118,0.027,       ,       ,      ,27,156.5,-0.4,0,   HDG,     TO,8.2,7,11.8,     3D,3704,      ,       ,96.5,       ,0,3785.7,0,FALSE,1,158.22,3.4,7.21,0.02,0.5,FALSE,GROUND
7/25/2026, 04:57:01,  +00:00,   HKFH,-2.5302908,37.7312546,3527,29.92,3785.7,19,0,12.27,17.46,1.29,0.62,-0.01,-0.09,49.7,50.1,28.5,27.2,75.45,63.61,19.32,161.72,87.31,157.03,1301.28,60.57,609.66,3724.5,0,  GPS,156.2,113.1,115.9,125.3,118,0.028,       ,       ,      ,27,156.5,-0.4,0,   HDG,     TO,8.2,7,3.9,     3D,3704,      ,       ,96.5,       ,0,3785.7,0,FALSE,1,157.03,17.46,6.402,-0.11,0.5,FALSE,GROUND
7/25/2026, 04:57:02,  +00:00,   HKFH,-2.5302532,37.7313042,3526,29.92,3786,19,0,12.17,21.04,1.55,1.14,0,0.01,49.7,50.6,28.5,27.5,75.62,64.06,19.4,161.7,87.34,157.3,1291.87,60.58,615.19,3724.7,0,  GPS,156.2,113.1,115.9,125.3,118,0.03,       ,       ,      ,27,156.5,-0.4,0,   HDG,     TO,8.3,7,15.7,     3D,3704,      ,       ,96.5,       ,0,3786,0,FALSE,1,157.3,21.04,6.203,0.1,0.8,FALSE,GROUND
7/25/2026, 04:57:03,  +00:00,   HKFH,-2.5302188,37.7313423,3526,29.92,3786.4,19,0,12.07,11.54,1.14,0.9,0.01,0,50.4,50.6,28.5,27.2,75.62,64.35,19.42,161.68,87.39,157.81,1287.56,60.6,617.49,3725.1,0,  GPS,156.2,113.1,115.9,125.3,118,0.032,       ,       ,      ,27,156.5,-0.4,0,   HDG,     TO,8.4,7,11.8,     3D,3704,      ,       ,96.5,       ,0,3786.4,0,FALSE,1,157.81,11.54,7.493,-0.01,1.2,FALSE,GROUND
7/25/2026, 04:57:04,  +00:00,   HKFH,-2.5301816,37.7313843,3526,29.92,3786.6,19,0,12.01,-2.2,1.05,0.2,-0.02,0.02,50.8,50.7,28.5,26.6,75.62,64.35,19.44,161.67,87.42,158.22,1284.14,60.6,619.63,3725.3,0,  GPS,156.2,113.1,115.9,125.3,118,0.033,       ,       ,      ,27,156.5,-0.4,0,   HDG,     TO,8.4,7,7.9,     3D,3704,      ,       ,96.5,       ,0,3786.6,0,FALSE,1,158.22,-2.2,9.487,0.02,1.4,FALSE,GROUND
7/25/2026, 04:57:06,  +00:00,   HKFH,-2.5301464,37.7314301,3526,29.92,3786.6,19,0,11.99,-5.01,1.05,-0.11,-0.03,-0.01,50.1,50.7,28.5,27,75.62,64.8,19.46,161.65,87.47,158.32,1281.86,60.61,621.07,3725.3,0,  GPS,156.2,113.1,115.9,125.3,118,0.035,       ,       ,      ,27,156.5,-0.4,0,   HDG,     TO,8.4,7,3.9,     3D,3704,      ,       ,96.5,       ,0,3786.6,0,FALSE,1,158.32,-5.01,10.761,-0.03,1.4,FALSE,GROUND
7/25/2026, 04:57:07,  +00:00,   HKFH,-2.5301113,37.7314682,3527,29.92,3786.6,19,0,12.03,1.96,0.87,0.26,-0.04,0,49.4,50,28.5,26.6,75.28,65.1,19.49,161.64,87.46,158.45,1280.08,60.62,622.23,3725.3,0,  GPS,156.2,113.1,115.9,125.3,118,0.036,       ,       ,      ,27,156.5,-0.4,0,   HDG,     TO,8.5,7,0,     3D,3704,      ,       ,96.5,       ,0,3786.6,0,FALSE,1,158.45,1.96,11.098,0.01,1.4,FALSE,GROUND
7/25/2026, 04:57:08,  +00:00,   HKFH,-2.5300741,37.731514,3528,29.92,3786.5,19,0,12.07,20.15,0.63,1.02,0.03,-0.01,48.6,49.4,28.5,27.2,74.93,65.55,19.5,161.63,87.43,158.51,1278.59,60.62,622.76,3725.2,0,  GPS,156.2,113.1,115.9,125.3,118,0.038,       ,       ,      ,27,156.5,-0.4,0,   HDG,     TO,8.5,7,3.9,     3D,3704,      ,       ,96.5,       ,0,3786.5,0,FALSE,1,158.51,20.15,9.593,-0.01,1.3,FALSE,GROUND
7/25/2026, 04:57:09,  +00:00,   HKFH,-2.530036,37.7315521,3527,29.92,3786.4,19,0,12.13,24.45,0.29,0.98,-0.02,-0.03,48.6,48.8,28.5,26.1,74.59,65.55,19.51,161.63,87.43,158.88,1278.04,60.65,623.41,3725.1,0,  GPS,156.2,113.1,115.9,125.3,118,0.04,       ,       ,      ,27,156.5,-0.4,0,   HDG,     TO,8.6,7,-3.9,     3D,3704,      ,       ,96.5,       ,0,3786.4,0,FALSE,1,158.88,24.45,7.127,-0.02,1.2,FALSE,GROUND
7/25/2026, 04:57:10,  +00:00,   HKFH,-2.5299988,37.7315979,3527,29.92,3786.4,19,0,12.27,14.82,0.54,1.05,0.01,0.04,48.4,48.5,28.5,26.2,74.42,65.55,19.51,161.64,87.47,159.24,1278.25,60.68,623.58,3725.1,0,  GPS,156.2,113.1,115.9,125.3,118,0.041,       ,       ,      ,27,156.5,-0.4,0,   HDG,     TO,8.6,7,0,     3D,3704,      ,       ,96.5,       ,0,3786.4,0,FALSE,1,159.24,14.82,5.439,0.07,1.2,FALSE,GROUND
7/25/2026, 04:57:11,  +00:00,   HKFH,-2.5299609,37.7316399,3527,29.92,3786.5,19,0,12.38,6.77,0.49,1.04,-0.03,0.02,48.2,48.4,28.5,26.3,74.42,65.55,19.52,161.65,87.47,159.3,1278.18,60.67,623.37,3725.2,0,  GPS,156.2,113.1,115.9,125.3,118,0.043,       ,       ,      ,27,156.5,-0.4,0,   HDG,     TO,8.7,7,3.9,     3D,3704,      ,       ,96.5,       ,0,3786.5,0,FALSE,1,159.3,6.77,5.81,-0.02,1.3,FALSE,GROUND
7/25/2026, 04:57:11,  +00:00,   HKFH,-2.5299211,37.7316818,3527,29.92,3786.5,19,0,12.44,2.41,0.85,1.53,-0.04,0.01,47.9,48.2,28.5,26.9,74.25,65.4,19.52,161.66,87.47,159.46,1277.86,60.67,623.28,3725.3,0,  GPS,156.2,113.1,115.9,125.3,118,0.045,       ,       ,      ,27,156.5,-0.4,0,   HDG,     TO,8.7,7,7.9,     3D,3704,      ,       ,96,       ,0,3786.5,0,FALSE,1,159.46,2.41,7.283,-0.01,1.3,FALSE,GROUND
7/25/2026, 04:57:12,  +00:00,   HKFH,-2.5298822,37.7317238,3527,29.92,3786.7,19,0,12.42,-3.62,1.05,1.07,-0.03,-0.03,48,47.8,28.5,25.8,74.25,65.1,19.53,161.67,87.47,159.71,1278.25,60.67,623.17,3725.4,0,  GPS,156.2,113.1,115.9,125.3,118,0.046,       ,       ,      ,27,156.5,-0.4,0,   HDG,     TO,8.8,7,11.8,     3D,3704,      ,       ,96,       ,0,3786.7,0,FALSE,1,159.71,-3.62,8.015,-0.04,1.5,FALSE,GROUND
7/25/2026, 04:57:13,  +00:00,   HKFH,-2.5298436,37.7317696,3527,29.92,3786.7,19,0,12.4,-5.34,1.04,1.64,-0.02,0.02,48,48.3,28.5,26,74.07,64.8,19.53,161.69,87.51,159.75,1278.01,60.68,623.02,3725.4,0,  GPS,156.2,113.1,115.9,125.3,118,0.048,       ,       ,      ,27,156.5,-0.4,0,   HDG,     TO,8.8,7,7.9,     3D,3704,      ,       ,96,       ,0,3786.7,0,FALSE,1,159.75,-5.34,6.897,0.05,1.5,FALSE,GROUND
7/25/2026, 04:57:14,  +00:00,   HKFH,-2.5298033,37.7318115,3528,29.92,3786.9,19,0,12.36,1.51,1.09,1.11,-0.03,0.01,47.9,47.9,28.5,26.1,74.07,64.65,19.52,161.71,87.46,159.45,1278.29,60.66,622.96,3725.6,0,  GPS,156.2,113.1,115.9,125.3,118,0.05,       ,       ,      ,27,156.5,-0.4,0,   HDG,     TO,8.9,7,7.9,     3D,3704,      ,       ,96,       ,0,3786.9,0,FALSE,1,159.45,1.51,6.194,-0.01,1.7,FALSE,GROUND
7/25/2026, 04:57:15,  +00:00,   HKFH,-2.5297649,37.7318535,3528,29.92,3787.1,19,0,12.34,9.72,0.89,0.91,0.01,0.05,48.3,48,28.5,26.5,74.25,64.35,19.51,161.71,87.47,159.25,1278.21,60.65,623.07,3725.8,0,  GPS,156.2,113.1,115.9,125.3,118,0.051,       ,       ,      ,27,156.6,-0.4,0,   HDG,     TO,8.9,7,11.8,     3D,3704,      ,       ,96,       ,0,3787.1,0,FALSE,1,159.25,9.72,7.07,0.04,1.9,FALSE,GROUND
7/25/2026, 04:57:17,  +00:00,   HKFH,-2.5297277,37.7318916,3527,29.92,3787.3,19,0,12.27,9.28,1.08,1.1,-0.03,0.03,48.2,48.5,28.5,25.3,74.59,64.2,19.51,161.73,87.47,159.23,1277.78,60.65,623.28,3726,0,  GPS,156.2,113.1,115.9,125.3,118,0.053,       ,       ,      ,27,156.6,-0.4,0,   HDG,     TO,8.9,7,11.8,     3D,3704,      ,       ,96,       ,0,3787.3,0,FALSE,1,159.23,9.28,8.613,-0.02,2.1,FALSE,GROUND
7/25/2026, 04:57:18,  +00:00,   HKFH,-2.5296903,37.7319374,3528,29.92,3787.5,19,0,12.21,8.97,1.09,1.05,-0.02,-0.03,48,48.3,28.5,25.9,74.59,64.2,19.51,161.73,87.43,159.27,1277.11,60.67,623.62,3726.3,0,  GPS,156.2,113.1,115.9,125.3,118,0.054,       ,       ,      ,27,156.6,-0.4,0,   HDG,     TO,8.9,7,15.7,     3D,3704,      ,       ,96,       ,0,3787.5,0,FALSE,1,159.27,8.97,9.738,-0.06,2.3,FALSE,GROUND
7/25/2026, 04:57:19,  +00:00,   HKFH,-2.5296507,37.7319756,3529,29.92,3787.9,19,0,12.13,17.42,1.07,1.11,-0.02,-0.04,47.6,48,28.5,25.1,74.76,63.91,18.86,161.74,87.18,155.14,1272.65,60.13,619.13,3726.6,0,  GPS,156.2,113.1,115.9,125.3,118,0.056,       ,       ,      ,27,156.6,-0.4,0,   HDG,     TO,8.9,7,11.8,     3D,3704,      ,       ,96,       ,0,3787.9,0,FALSE,1,155.14,17.42,10.001,-0.01,2.7,FALSE,GROUND
7/25/2026, 04:57:20,  +00:00,   HKFH,-2.5296087,37.7320213,3529,29.92,3788.1,19,0,12.01,23.58,0.58,1.12,-0.03,-0.02,47.3,47.3,28.5,26.2,75.11,63.91,16.81,161.74,87.35,131.82,1240.79,57.04,589.76,3726.8,0,  GPS,156.2,113.1,115.9,125.3,118,0.058,       ,       ,      ,27,156.6,-0.4,0,   HDG,     TO,8.9,7,7.9,     3D,3704,      ,       ,96,       ,0,3788.1,0,FALSE,1,131.82,23.58,9.127,0.02,2.9,FALSE,GROUND
7/25/2026, 04:57:21,  +00:00,   HKFH,-2.5295768,37.7320557,3529,29.92,3788.1,19,0,11.94,22.2,0.24,1.3,-0.01,0.06,46.6,47.2,28.5,26.1,75.45,63.76,16.38,161.74,87.34,119.09,1216.98,55.59,584.54,3726.8,0,  GPS,156.2,113.1,115.9,125.3,118,0.059,       ,       ,      ,27,156.6,-0.4,0,   HDG,     TO,9,7,3.9,     3D,3704,      ,       ,96,       ,0,3788.1,0,FALSE,1,119.09,22.2,7.419,0.08,2.9,FALSE,GROUND
7/25/2026, 04:57:21,  +00:00,   HKFH,-2.5295382,37.7320976,3528,29.92,3788.1,19,0,11.62,13.66,-0.02,1.03,-0.05,0.03,45.5,46,28.5,26.4,75.79,63.76,16.38,161.74,87.3,111.42,1191.18,54.81,593.01,3726.8,0,  GPS,156.2,113.1,115.9,125.3,118,0.061,       ,       ,      ,27,156.6,-0.4,0,   HDG,     TO,9,7,0,     3D,3704,      ,       ,96,       ,0,3788.1,0,FALSE,1,111.42,13.66,5.078,-0.03,2.9,FALSE,GROUND
7/25/2026, 04:57:22,  +00:00,   HKFH,-2.5295007,37.732132,3528,29.92,3788.1,19,0,11.12,-0.99,-0.15,0.43,-0.05,0.03,43.6,44.1,28.5,26.1,76.31,63.61,16.49,161.74,87.34,107.52,1169.94,54.47,605.5,3726.8,0,  GPS,156.2,113.1,115.9,125.3,118,0.062,       ,       ,      ,27,156.6,-0.4,0,   HDG,     TO,9.1,7,-3.9,     3D,3704,      ,       ,96,       ,0,3788.1,0,FALSE,1,107.52,-0.99,2.963,0,2.9,FALSE,GROUND
7/25/2026, 04:57:23,  +00:00,   HKFH,-2.529464,37.7321625,3528,29.92,3788.1,19,0,10.57,-14.08,0.18,1,0,0.04,40.9,41.9,28.6,26.3,76.31,63.46,16.58,161.74,87.39,105.94,1152.26,54.27,618.05,3726.8,0,  GPS,156.2,113.1,115.9,125.3,118,0.063,       ,       ,      ,27,156.6,-0.4,0,   HDG,     TO,9.2,7,0,     3D,3704,      ,       ,96,       ,0,3788.1,0,FALSE,1,105.94,-14.08,2.105,0.01,2.9,FALSE,GROUND
7/25/2026, 04:57:24,  +00:00,   HKFH,-2.5294275,37.732193,3528,29.92,3788,19,0,10.15,-15.57,0.43,0.55,-0.05,0,38.7,39.6,28.6,26.3,76.82,63.31,16.65,161.73,87.39,105.53,1139.6,54.17,626.64,3726.7,0,  GPS,156.2,113.1,115.9,125.3,118,0.065,       ,       ,      ,27,156.6,-0.4,0,   HDG,     TO,9.3,7,0,     3D,3704,      ,       ,96,       ,0,3788,0,FALSE,1,105.53,-15.57,1.352,-0.04,2.8,FALSE,GROUND
7/25/2026, 04:57:25,  +00:00,   HKFH,-2.5293944,37.7322197,3527,29.92,3788.2,19,0,9.1,-13.69,0.86,1.15,-0.02,-0.06,37,37.8,28.6,26,77.51,63.01,16.7,161.72,87.38,105.52,1129.7,54.11,633.2,3726.9,0,  GPS,156.2,113.1,115.9,125.3,118,0.066,       ,       ,      ,27,156.6,-0.4,0,   HDG,     TO,9.4,7,7.9,     3D,3704,      ,       ,96,       ,0,3788.2,0,FALSE,1,105.52,-13.69,1.268,-0.06,3,FALSE,GROUND
7/25/2026, 04:57:27,  +00:00,   HKFH,-2.5293653,37.7322388,3528,29.92,3788.4,19,0,7.85,-11.87,0.8,0.9,-0.06,-0.04,36,36.2,28.5,25.7,78.03,62.71,16.76,161.71,87.38,106.94,1124.03,54.11,636.64,3727.1,0,  GPS,156.2,113.1,115.9,125.3,118,0.067,       ,       ,      ,27,156.6,-0.4,0,   HDG,     TO,9.4,7,7.9,     3D,3704,      ,       ,96,       ,0,3788.4,0,FALSE,1,106.94,-11.87,1.754,0.02,3.2,FALSE,GROUND
7/25/2026, 04:57:28,  +00:00,   HKFH,-2.5293396,37.7322578,3529,29.92,3788.5,19,0,6.92,0.39,0.66,0.62,-0.02,-0.08,35.1,35.3,28.6,25.9,78.72,62.71,17.61,161.7,87.31,111.58,1126.1,54.74,641.53,3727.2,0,  GPS,156.2,113.1,115.9,125.3,118,0.067,       ,       ,      ,27,156.6,-0.4,0,   HDG,     TO,9.3,7,3.9,     3D,3704,      ,       ,96,       ,0,3788.5,0,FALSE,1,111.58,0.39,1.391,-0.04,3.3,FALSE,GROUND
7/25/2026, 04:57:29,  +00:00,   HKFH,-2.5293159,37.7322693,3529,29.92,3788.6,19,0,6.18,9.89,0.42,0.47,0.04,-0.1,34.4,34.4,28.5,24.4,79.4,62.41,20.65,161.68,87.41,134.29,1162.27,58.28,693.07,3727.3,0,  GPS,156.2,113.1,115.9,125.3,118,0.068,       ,       ,      ,27,156.6,-0.4,0,   HDG,     TO,9.3,7,3.9,     3D,3704,      ,       ,96,       ,0,3788.6,0,FALSE,1,134.29,9.89,1.942,-0.02,3.4,FALSE,GROUND
7/25/2026, 04:57:30,  +00:00,   HKFH,-2.5292933,37.7322884,3530,29.92,3788.6,19,0,5.85,22.74,0.34,0.42,0,-0.03,33.9,33.7,28.5,24.3,79.4,62.11,22.86,161.67,87.62,169.42,1235.23,62.55,723.32,3727.3,0,  GPS,156.2,113.1,115.9,125.3,118,0.069,       ,       ,      ,27,156.6,-0.4,0,   HDG,     TO,9.2,7,3.9,     3D,3704,      ,       ,96,       ,0,3788.6,0,FALSE,1,169.42,22.74,4.197,0.07,3.4,FALSE,GROUND
7/25/2026, 04:57:31,  +00:00,   HKFH,-2.5292726,37.7322998,3529,29.92,3788.6,19,0,5.31,27.06,0.13,0.55,0.03,0.04,36.9,35.3,28.5,24,80.07,61.81,23.3,161.66,87.72,200.46,1325.64,65.31,708.1,3727.3,0,  GPS,156.2,113.1,115.9,125.3,118,0.069,       ,       ,      ,27,156.6,-0.4,0,   HDG,     TO,9.1,7,-3.9,     3D,3704,      ,       ,96,       ,0,3788.6,0,FALSE,1,200.46,27.06,8.382,0.07,3.4,FALSE,GROUND
7/25/2026, 04:57:31,  +00:00,   HKFH,-2.5292611,37.7323151,3528,29.92,3788.7,19,0,4.04,10.03,0.15,0.1,-0.02,0.01,45.2,43.6,28.5,24,80.44,61.51,23,161.66,87.57,213.6,1377.55,65.96,680.72,3727.4,0,  GPS,156.2,113.1,115.9,125.3,118,0.07,       ,       ,      ,27,156.6,-0.4,0,   HDG,     TO,8.8,7,3.9,     3D,3704,      ,       ,96,       ,0,3788.7,0,FALSE,1,213.6,10.03,11.996,-0.03,3.5,FALSE,GROUND
7/25/2026, 04:57:32,  +00:00,   HKFH,-2.5292554,37.7323227,3530,29.92,3788.7,19,0,2.88,4.52,-0.51,0.46,0.08,0.03,57.1,59.6,28.5,24.3,80.7,61.21,22.74,161.66,87.51,219.2,1414.11,66.14,645.36,3727.4,0,  GPS,156.2,113.1,115.9,125.3,118,0.07,       ,       ,      ,27,156.6,-0.4,0,   HDG,     TO,8.4,7,3.9,     3D,3704,      ,       ,96,       ,0,3788.7,0,FALSE,1,219.2,4.52,14.018,0.02,3.5,FALSE,GROUND
7/25/2026, 04:57:33,  +00:00,   HKFH,-2.5292559,37.7323303,3531,29.92,3788.7,19,0,1.65,8.47,-1.02,0.85,-0.06,0.07,71.4,75,28.5,24.3,80.57,61.21,23.09,161.67,87.43,223.96,1440.72,66.58,631.04,3727.4,0,  GPS,156.2,113.1,115.9,125.3,118,0.07,       ,       ,      ,27,156.6,-0.4,0,   HDG,     TO,8.2,7,0,     3D,3704,      ,       ,96,       ,0,3788.7,0,FALSE,1,223.96,8.47,13.299,0.04,3.5,FALSE,GROUND
7/25/2026, 04:57:34,  +00:00,   HKFH,-2.5292573,37.7323341,3531,29.92,3788.6,19,0,1.07,26.28,-1.21,1.12,0,0.02,82.3,75,28.5,24.3,80.07,61.21,24.43,161.69,87.43,239.99,1485.51,68.26,634.87,3727.3,0,  GPS,156.2,113.1,115.9,125.3,118,0.071,       ,       ,      ,27,156.6,-0.4,0,   HDG,     TO,8.2,7,-3.9,     3D,3704,      ,       ,96,       ,0,3788.6,0,FALSE,1,239.99,26.28,10.309,-0.05,3.4,FALSE,GROUND
7/25/2026, 04:57:36,  +00:00,   HKFH,-2.529259,37.732338,3530,29.92,3788.5,19,0,0.89,22.45,-1.6,0.79,-0.02,-0.05,90.4,75,28.5,23.9,79.23,61.21,26.79,161.71,87.45,273.42,1558.01,71.15,649.06,3727.3,0,  GPS,156.2,113.1,115.9,125.3,118,0.071,       ,       ,      ,27,156.6,-0.4,0,   HDG,     TO,8.3,7,-3.9,     3D,3704,      ,       ,96,       ,0,3788.5,0,FALSE,1,273.42,22.45,5.571,-0.07,3.3,FALSE,GROUND
7/25/2026, 04:57:37,  +00:00,   HKFH,-2.5292611,37.7323418,3530,29.92,3788.6,19,0,0.95,8.35,-1.88,1.02,0.01,0.03,99,75,28.5,24.2,79.23,61.36,28.12,161.72,87.51,306.71,1630.94,73.34,650.91,3727.3,0,  GPS,156.2,113.1,115.9,125.3,118,0.071,       ,       ,      ,27,156.6,-0.4,0,   HDG,     TO,8.4,7,0,     3D,3704,      ,       ,96,       ,0,3788.6,0,FALSE,1,306.71,8.35,0.764,0.08,3.4,FALSE,GROUND
7/25/2026, 04:57:38,  +00:00,   HKFH,-2.5292642,37.7323494,3529,29.92,3788.6,19,0,0.97,-6.8,-1.83,0.81,-0.03,0,107.3,75,28.5,24,78.2,61.66,28.3,161.73,87.36,322.02,1687.95,73.91,638.78,3727.3,0,  GPS,156.2,113.1,115.9,125.3,118,0.071,       ,       ,      ,27,156.6,-0.4,0,   HDG,     TO,8.4,7,0,     3D,3704,      ,       ,96,       ,0,3788.6,0,FALSE,1,322.02,-6.8,-2.572,-0.03,3.4,FALSE,GROUND
7/25/2026, 04:57:39,  +00:00,   HKFH,-2.529268,37.7323494,3528,29.92,3788.6,19,0,1.09,-20.01,-1.89,0.96,0.01,0.03,117.8,75,28.5,23.8,77,61.96,28.33,161.73,87.26,328.11,1721.16,73.99,625.7,3727.4,0,  GPS,156.2,113.1,115.9,125.3,118,0.071,       ,       ,      ,27,156.6,-0.4,0,   HDG,     TO,8.3,7,-3.9,     3D,3704,      ,       ,96,       ,0,3788.6,0,FALSE,1,328.11,-20.01,-5.189,0.03,3.4,FALSE,GROUND
7/25/2026, 04:57:40,  +00:00,   HKFH,-2.5292728,37.7323532,3529,29.92,3788.7,19,0,1.24,-24.64,-1.8,0.46,-0.01,-0.01,129.7,75,28.5,23.6,77,61.96,28.31,161.72,87.17,328.87,1738.62,74,616.58,3727.4,0,  GPS,156.2,113.1,115.9,125.3,118,0.071,       ,       ,      ,27,156.6,-0.4,0,   HDG,     TO,8.3,7,0,     3D,3704,      ,       ,96,       ,0,3788.7,0,FALSE,1,328.87,-24.64,-7.913,-0.04,3.5,FALSE,GROUND
7/25/2026, 04:57:40,  +00:00,   HKFH,-2.5292785,37.7323532,3528,29.92,3788.5,19,0,1.24,-21.01,-2.11,0.29,0,-0.02,142.8,75,28.5,23.7,75.62,62.41,28.31,161.7,87.12,328.45,1749.47,74.04,612.34,3727.3,0,  GPS,156.2,113.1,115.9,125.3,118,0.071,       ,       ,      ,27,156.6,-0.4,0,   HDG,     TO,8.2,7,-3.9,     3D,3704,      ,       ,96,       ,0,3788.5,0,FALSE,1,328.45,-21.01,-12.252,-0.01,3.3,FALSE,GROUND
7/25/2026, 04:57:41,  +00:00,   HKFH,-2.5292847,37.732357,3528,29.92,3788.6,19,0,1.34,-23.33,-2.09,-0.14,0.02,0.02,155.6,75,28.5,23.5,74.07,62.86,28.31,161.67,87.09,329.31,1756.84,74.12,609.56,3727.3,0,  GPS,156.2,113.1,115.9,125.3,118,0.071,       ,       ,      ,27,156.6,-0.4,0,   HDG,     TO,8.2,7,0,     3D,3704,      ,       ,96,       ,0,3788.6,0,FALSE,1,329.31,-23.33,-15.754,0.04,3.4,FALSE,GROUND
7/25/2026, 04:57:42,  +00:00,   HKFH,-2.5292935,37.732357,3527,29.92,3788.7,19,0,1.92,-21.65,-1.36,-0.03,0.01,0.02,168.6,75,28.5,23.5,72.7,63.31,28.31,161.64,87.05,329.78,1762.18,74.14,607.37,3727.4,0,  GPS,156.2,113.1,115.9,125.3,118,0.071,       ,       ,      ,27,156.6,-0.4,0,   HDG,     TO,8.1,7,0,     3D,3704,      ,       ,96,       ,0,3788.7,0,FALSE,1,329.78,-21.65,-16.027,0,3.5,FALSE,GROUND
7/25/2026, 04:57:43,  +00:00,   HKFH,-2.5293076,37.7323532,3527,29.92,3788.5,19,0,2.6,-18.77,-1.42,-0.15,0.04,0.06,181.1,188.1,28.5,23,71.67,63.76,28.28,161.6,87,329.17,1763.33,74.15,606.33,3727.2,0,  GPS,156.2,113.1,115.9,125.3,118,0.07,       ,       ,      ,27,156.6,-0.4,0,   HDG,     TO,8,7,0,     3D,3704,      ,       ,96,       ,0,3788.5,0,FALSE,1,329.17,-18.77,-12.311,0.04,3.3,FALSE,GROUND
7/25/2026, 04:57:44,  +00:00,   HKFH,-2.5293224,37.7323456,3527,29.92,3788.4,19,0,3.11,-17.11,-1.47,-1.01,0.07,0.02,194.7,198.1,28.5,23.5,70.81,64.06,29.35,161.56,87.04,339,1779.83,74.91,612.31,3727.1,0,  GPS,156.2,113.1,115.9,125.3,118,0.07,       ,       ,      ,27,156.6,-0.4,0,   HDG,     TO,7.9,7,-7.9,     3D,3704,      ,       ,96,       ,0,3788.4,0,FALSE,1,339,-17.11,-6.321,-0.04,3.2,FALSE,GROUND
7/25/2026, 04:57:46,  +00:00,   HKFH,-2.5293372,37.7323341,3528,29.92,3788.5,19,0,3.77,-12.57,-1.15,-0.47,0.04,0.01,207,210.3,28.5,23.5,70.12,64.35,32.61,161.51,86.98,387.14,1847.6,78.17,635.63,3727.2,0,  GPS,156.2,113.1,115.9,125.3,118,0.07,       ,       ,      ,27,156.6,-0.4,0,   HDG,     TO,7.7,7,0,     3D,3704,      ,       ,96,       ,0,3788.5,0,FALSE,1,387.14,-12.57,-0.886,-0.01,3.3,FALSE,GROUND
7/25/2026, 04:57:47,  +00:00,   HKFH,-2.5293567,37.7323227,3529,29.92,3788.4,19,0,5.17,5.62,-0.87,-0.14,0.05,-0.04,219.6,219.7,28.5,23.5,70.12,64.35,37.39,161.45,87.25,499.88,1930.65,82.44,666.2,3727.2,0,  GPS,156.2,113.1,115.9,125.3,118,0.069,       ,       ,      ,27,156.6,-0.4,0,   HDG,     TO,5.8,7,-3.9,     3D,3704,      ,       ,96,       ,0,3788.4,0,FALSE,1,499.88,5.62,2.092,-0.05,3.2,FALSE,GROUND
7/25/2026, 04:57:48,  +00:00,   HKFH,-2.5293825,37.732296,3530,29.92,3788.7,19,0,7.97,30.36,-1.27,-0.05,0.06,0.01,231.4,229,28.5,22.7,69.52,64.8,40.78,161.41,87.25,661.45,1872.26,85.25,674,3727.4,0,  GPS,156.2,113.1,115.9,125.3,118,0.068,       ,       ,      ,27,156.6,-0.4,0,   HDG,     TO,2.1,7,0,     3D,3704,      ,       ,96,       ,0,3788.7,0,FALSE,1,661.45,30.36,3.136,0.05,3.5,FALSE,GROUND
7/25/2026, 04:57:49,  +00:00,   HKFH,-2.5294094,37.7322464,3530,29.92,3788.4,19,0,10.65,39.89,-1.15,-0.52,0,-0.01,238.1,236.9,28.5,23,69.22,65.55,42.2,161.37,87.85,751.59,1902.12,86.03,666.62,3727.1,0,  GPS,156.2,113.1,115.9,125.3,118,0.066,       ,       ,      ,27,156.6,-0.4,0,   HDG,     TO,-2.7,7,-11.8,     3D,3704,      ,       ,96,       ,0,3788.4,0,FALSE,1,751.59,39.89,3.17,-0.02,3.2,FALSE,GROUND
7/25/2026, 04:57:50,  +00:00,   HKFH,-2.5294416,37.7322006,3529,29.92,3788.4,19,0,13.1,29.71,-0.87,-0.19,-0.05,0.02,238.2,239.4,28.5,23.1,68.64,66.45,43.21,161.35,87.69,817.41,1890.19,86.41,658.57,3727.1,0,  GPS,156.2,113.1,115.9,125.3,118,0.065,       ,       ,      ,27,156.6,-0.4,0,   HDG,     TO,-5.6,7,0,     3D,3704,      ,       ,96,       ,0,3788.4,0,FALSE,1,817.41,29.71,3.492,0.03,3.2,FALSE,GROUND
7/25/2026, 04:57:50,  +00:00,   HKFH,-2.5294821,37.7321358,3529,29.92,3788.4,19,0,15.63,8.77,-0.48,1.07,-0.04,0.06,233.6,237.7,28.5,23.3,68.2,67.64,45.97,161.34,88.02,903.94,1910.56,88.18,666.64,3727.1,0,  GPS,156.2,113.1,115.9,125.3,118,0.062,       ,       ,      ,27,156.6,-0.4,0,   HDG,     TO,-5.2,7,-3.9,     3D,3704,      ,       ,96,       ,0,3788.4,0,FALSE,1,903.94,8.77,3.914,0.04,3.2,FALSE,GROUND
7/25/2026, 04:57:51,  +00:00,   HKFH,-2.5295379,37.7320671,3528,29.92,3788.6,19,0,18.66,-12.89,-0.16,0.51,0.01,0.02,229,232.8,28.5,22.5,67.61,68.84,48.86,161.35,88.23,1021.11,1901.38,89.83,680.43,3727.3,0,  GPS,156.2,113.1,115.9,125.3,118,0.06,       ,       ,      ,27,156.6,-0.4,0,   HDG,     TO,-3.2,7,7.9,     3D,3704,      ,       ,96,       ,0,3788.6,0,FALSE,1,1021.11,-12.89,3.945,-0.04,3.4,FALSE,GROUND
7/25/2026, 04:57:52,  +00:00,   HKFH,-2.5296068,37.7319832,3528,29.92,3788.5,19,4.25,22.14,-21.31,-0.91,0.83,-0.05,0,227.8,230.1,28.5,22.4,67.61,68.84,51.67,161.36,88.36,1136.85,1900.31,91.25,691.68,3727.2,5,  GPS,156.2,113.1,115.9,125.3,118,0.057,       ,       ,      ,27,156.6,-0.4,0,   HDG,     TO,-1.2,7,-3.9,     3D,3704,      ,       ,96,       ,4.25,3788.5,0,FALSE,1,1136.85,-21.31,1.312,-0.02,3.3,FALSE,GROUND
7/25/2026, 04:57:53,  +00:00,   HKFH,-2.5296893,37.7318916,3528,29.92,3788.1,19,15.9,25.89,-15.55,-1.3,0.22,0.03,0.01,227,228.6,28.5,22.7,67.61,70.04,54.75,161.38,88.8,1266.18,1904.22,92.71,706.09,3726.8,17,  GPS,156.2,113.1,115.9,125.3,118,0.053,       ,       ,      ,27,156.6,-0.4,0,   HDG,     TO,-0.1,7,-19.7,     3D,3704,      ,       ,96,       ,15.9,3788.1,0,FALSE,1,1266.18,-15.55,-4.418,0.01,2.9,FALSE,TAXI-OUT
7/25/2026, 04:57:55,  +00:00,   HKFH,-2.5297854,37.7317886,3528,29.92,3787.4,19,25.48,29.92,-12.89,-1.35,0.24,0.03,-0.03,228,228.2,28.5,23,67.61,71.09,57.5,161.42,88.99,1392.74,1896.7,93.85,717.5,3726.1,27,  GPS,156.2,113.1,115.9,125.3,118,0.049,       ,       ,      ,27,156.5,-0.4,0,   HDG,     TO,0,7,-35.4,     3D,3704,      ,       ,96,       ,25.48,3787.4,0,FALSE,1,1392.74,-12.89,-11.046,-0.04,2.2,FALSE,TAXI-OUT
7/25/2026, 04:57:56,  +00:00,   HKFH,-2.5298929,37.7316704,3527,29.92,3787,19,31.03,33.98,-12.26,-1.1,-0.09,-0.01,0.1,228.3,228.5,28.5,22.4,67.76,72.15,58.91,161.46,88.95,1481.94,1886.24,94.17,721.83,3725.7,33,  GPS,156.2,113.1,115.9,125.3,118,0.045,       ,       ,      ,27,156.5,-0.4,0,   HDG,     TO,-0.5,7,-23.6,     3D,3704,      ,       ,96,       ,31.03,3787,0,FALSE,1,1481.94,-12.26,-16.653,0.13,1.8,FALSE,TAXI-OUT
7/25/2026, 04:57:57,  +00:00,   HKFH,-2.5300174,37.7315331,3527,29.92,3786.6,19,35.1,37.87,-20.71,-0.87,0.08,-0.03,0.04,227.3,228.4,28.5,21.8,68.05,73.02,59.58,161.52,88.88,1532.61,1887.43,94.26,722.66,3725.3,38,  GPS,156.2,113.1,115.9,125.3,118,0.039,       ,       ,      ,27,156.5,-0.4,0,   HDG,     TO,-0.5,7,-19.7,     3D,3704,      ,       ,96,       ,35.1,3786.6,0,FALSE,1,1532.61,-20.71,-22.148,-0.06,1.4,FALSE,TAXI-OUT
7/25/2026, 04:57:58,  +00:00,   HKFH,-2.5301454,37.7313957,3526,29.92,3786.4,19,38.56,41.54,-26.94,-1.11,0.81,0.04,0.12,227.3,227.8,28.5,22.4,68.34,73.72,59.92,161.59,88.98,1565.95,1888.65,94.25,722.45,3725.1,41,  GPS,156.2,113.1,115.9,125.3,118,0.034,       ,       ,      ,27,156.5,-0.4,0,   HDG,     TO,0,7,-15.7,     3D,3704,      ,       ,96,       ,38.56,3786.4,0,FALSE,1,1565.95,-26.94,-26.956,0.08,1.2,FALSE,TAXI-OUT
7/25/2026, 04:57:59,  +00:00,   HKFH,-2.5302916,37.7312317,3527,29.92,3786,19,42.53,45.04,-26.39,-1.61,0.68,0.04,0.14,228.5,228.4,28.5,22.8,68.34,73.72,60.07,161.66,88.96,1588.25,1887.79,94.25,721.89,3724.7,46,  GPS,156.2,113.1,115.9,125.3,118,0.028,       ,       ,      ,27,156.5,-0.4,0,   HDG,     TO,-0.2,7,-23.6,     3D,3704,      ,       ,96,       ,42.53,3786,0,FALSE,1,1588.25,-26.39,-30.169,0.02,0.8,FALSE,TAXI-OUT
7/25/2026, 04:57:59,  +00:00,   HKFH,-2.5304384,37.7310638,3524,29.92,3785.2,19,46.67,48.54,-26.36,-0.94,-0.62,-0.1,0.1,226,229,28.5,22.1,68.93,73.72,60.27,161.73,88.79,1608.36,1887.51,94.26,721.73,3723.9,50,  GPS,156.2,113.1,115.9,125.3,118,0.021,       ,1.63,-130.1,27,156.4,-0.4,0,   HDG,     TO,-0.6,7,-43.3,     3D,3704,      ,       ,96,       ,46.67,3785.2,0,FALSE,1,1608.36,-26.36,-33.82,-0.04,0,TRUE,TAXI-OUT
7/25/2026, 04:58:00,  +00:00,   HKFH,-2.5306041,37.7308884,3522,29.92,3785.2,19,49.65,51.88,-46.18,0,0.57,-0.05,0.13,225,227.6,28.5,21.4,69.66,73.72,60.39,161.79,88.89,1622.8,1885.83,94.27,722.11,3723.9,53,  GPS,156.2,113.1,115.9,125.3,118,0.014,       ,1.83,-130.8,27,156.4,-0.4,0,   HDG,     TO,0.5,7,-3.9,     3D,3704,      ,       ,95.5,       ,49.65,3785.2,0,FALSE,1,1622.8,-46.18,-38.442,0.03,0,TRUE,TAXI-OUT
7/25/2026, 04:58:01,  +00:00,   HKFH,-2.530782,37.7307014,3522,29.92,3785.3,18.8,51.78,55.17,-60.97,0.52,1.3,0.02,-0.1,227.1,227.2,28.5,22.2,70.81,73.2,60.36,161.85,88.84,1629.27,1886.1,94.2,722.26,3724,56,  GPS,156.2,113.1,115.9,125.3,118,0.007,       ,2.02,-131.6,27,156.4,-0.4,0,   HDG,     TO,1.1,7,3.9,     3D,3704,      ,       ,95.5,       ,51.78,3785.3,0,FALSE,1,1629.27,-60.97,-43.525,-0.23,0.1,TRUE,TAXI-OUT
7/25/2026, 04:58:02,  +00:00,   HKFH,-2.530967,37.7305031,3523,29.92,3785.3,18.8,53.92,58.37,-53.44,0.01,0.7,-0.03,0.37,225.6,228,28.5,22,72.01,72.67,60.31,161.91,88.83,1633.13,1886.53,94.15,722.2,3724,58,  GPS,156.2,113.1,115.9,125.3,118,0,       ,2.2,-132.6,27,156.3,-0.4,0,   HDG,     TO,0.4,7,0,     3D,3704,      ,       ,95.5,       ,53.92,3785.3,0,FALSE,1,1633.13,-53.44,-47.269,0.47,0.1,TRUE,TAXI-OUT
7/25/2026, 04:58:04,  +00:00,   HKFH,-2.5311627,37.7302895,3519,29.92,3785.9,18.8,55.61,61.25,-52.06,1,0.03,0.01,-0.05,226.9,227.4,28.5,21.8,72.53,72.67,60.16,161.97,88.81,1630.2,1887.62,94.07,722.1,3724.6,60,  GPS,156.2,113.1,115.9,125.3,118,-0.009,       ,2.37,-133.5,26.9,156.3,-0.4,0,   HDG,     TO,0.7,7,31.5,     3D,3704,      ,       ,95.5,       ,55.61,3785.9,0,FALSE,1,1630.2,-52.06,-51.566,-0.42,0.7,TRUE,TAKEOFF
7/25/2026, 04:58:05,  +00:00,   HKFH,-2.5313671,37.730072,3519,29.92,3785.1,18.8,58.49,64.19,-59.11,0.09,0.38,0.02,-0.04,226.7,227.7,28.5,21.2,72.53,72.67,60.06,162.03,88.8,1629.39,1887.11,94.06,722.02,3723.8,63,  GPS,156.2,113.1,115.9,125.3,118,-0.017,       ,2.51,-134.3,26.9,156.3,-0.4,0,   HDG,     TO,0.3,7,-35.4,     3D,3704,      ,       ,95.5,       ,58.49,3785.1,0,FALSE,1,1629.39,-59.11,-60.755,0.01,-0.1,TRUE,TAKEOFF
7/25/2026, 04:58:06,  +00:00,   HKFH,-2.53158,37.7298431,3518,29.92,3783.5,18.8,61.37,67.12,-63.09,0.87,1.14,0.02,-0.13,227.4,227.7,28.5,21.7,72.7,72.67,60.06,162.1,88.66,1630.87,1889.13,94.08,722.25,3722.2,66,  GPS,156.2,113.1,115.9,125.3,118,-0.026,       ,2.64,-135.1,26.9,156.2,-0.4,0,   HDG,     TO,0.1,7,-94.5,     3D,3704,      ,       ,95.5,       ,61.37,3783.5,0,FALSE,1,1630.87,-63.09,-70.305,-0.09,-1.7,TRUE,TAKEOFF
7/25/2026, 04:58:07,  +00:00,   HKFH,-2.5317962,37.7296066,3517,29.92,3781.3,18.8,64.16,70.04,-58.15,1.93,1.03,-0.04,0.34,226.7,228.2,28.5,21.6,72.53,72.67,60.05,162.18,88.65,1633.63,1886.85,93.99,722.42,3720,69,  GPS,156.2,113.1,115.9,125.3,118,-0.035,       ,2.75,-135.7,26.9,156.2,-0.4,0,   HDG,     TO,-0.1,7,-126,     3D,3704,      ,       ,95.5,       ,64.16,3781.3,0,FALSE,1,1633.63,-58.15,-75.059,0.47,-3.9,TRUE,TAKEOFF
7/25/2026, 04:58:08,  +00:00,   HKFH,-2.5320294,37.729351,3513,29.92,3780.7,18.8,66.44,72.82,-69.91,1.44,1.89,0,-0.08,225.9,228.2,28.5,22,72.36,72.85,60.08,162.27,88.66,1634.27,1888.92,93.98,722.65,3719.4,71,  GPS,156.2,113.1,115.9,125.3,118,-0.045,       ,2.84,-136.3,26.9,156.1,-0.4,0,   HDG,     TO,0.3,7,-47.2,     3D,3704,      ,       ,95.5,       ,66.44,3780.7,0,FALSE,1,1634.27,-69.91,-73.285,-0.42,-4.5,TRUE,TAKEOFF
7/25/2026, 04:58:08,  +00:00,   HKFH,-2.5322664,37.7290916,3510,29.92,3780.7,18.8,68.44,75.23,-118.28,3.2,1.42,-0.01,0.05,225.9,228.3,28.5,21.1,72.18,72.85,60.13,162.37,88.66,1637.43,1890.72,93.99,723.16,3719.4,73,  GPS,156.2,113.1,115.9,125.3,118,-0.055,       ,2.91,-136.9,26.9,156.1,-0.4,0,   HDG,     TO,0.6,7,-7.9,     3D,3704,      ,       ,95.5,       ,68.44,3780.7,0,FALSE,1,1637.43,-118.28,-63.439,0.13,-4.5,TRUE,TAKEOFF
7/25/2026, 04:58:09,  +00:00,   HKFH,-2.5325093,37.7288208,3512,29.92,3781.1,18.8,71.52,77.7,-121.86,3.15,0.82,0.02,0.04,224.5,228.4,28.5,21.5,71.84,73.2,60.17,162.46,88.61,1640,1889.67,94.01,723.48,3719.8,77,  GPS,156.2,113.1,115.9,125.3,118,-0.065,       ,2.97,-137.8,26.9,156.1,-0.4,0,   HDG,     TO,0.9,7,23.6,     3D,3704,      ,       ,95.5,       ,71.52,3781.1,0,FALSE,1,1640,-121.86,-45.668,-0.01,-4.1,TRUE,TAKEOFF
7/25/2026, 04:58:10,  +00:00,   HKFH,-2.5327666,37.7285347,3511,29.92,3782.5,18.8,75.31,79.89,-93.72,3.61,-0.3,-0.01,-0.03,223.9,228.6,28.5,21.4,71.5,73.37,60.21,162.55,88.61,1643.66,1889.93,93.98,723.81,3721.3,81,  GPS,156.2,113.1,115.9,125.3,118,-0.076,       ,3.01,-139,26.9,156,-0.4,0,   HDG,     TO,1.5,7,78.7,     3D,3704,      ,       ,95.5,       ,75.31,3782.5,0,FALSE,1,1643.66,-93.72,-12.165,-0.07,-2.7,TRUE,TAKEOFF
7/25/2026, 04:58:11,  +00:00,   HKFH,-2.5330074,37.7282639,3515,29.92,3785.1,18.8,78.28,81.86,-43.23,4.46,0.9,0.01,0.07,221.8,228.4,28.5,21.6,71.5,73.55,60.23,162.63,88.65,1645.43,1888.55,93.97,724.09,3723.8,84,  GPS,156.2,113.1,115.9,125.3,118,-0.087,       ,3.08,-140.6,26.9,156,-0.4,0,   HDG,     TO,2.3,7,145.7,     3D,3704,      ,       ,95.5,       ,78.28,3785.1,0,FALSE,1,1645.43,-43.23,26.587,0.1,-0.1,TRUE,TAKEOFF
7/25/2026, 04:58:13,  +00:00,   HKFH,-2.5332737,37.7279739,3520,29.92,3789.6,18.8,79.63,83.51,45.02,5.35,1.25,0.01,0.01,221.6,228.4,28.5,20.7,70.64,73.9,60.27,162.71,88.65,1647.48,1890.24,94,724.79,3728.4,85,  GPS,156.2,113.1,115.9,125.3,118,-0.098,       ,3.16,-142.9,26.9,155.9,-0.4,0,   HDG,     TO,3.6,7,259.8,     3D,3704,      ,       ,95.5,       ,79.63,3789.6,0,FALSE,1,1647.48,45.02,70.697,-0.06,4.4,TRUE,TAKEOFF
7/25/2026, 04:58:14,  +00:00,   HKFH,-2.5335534,37.7276649,3524,29.92,3796.2,18.5,81.03,85,125.65,4.84,1.24,-0.02,0.04,220.5,228.7,28.5,21.4,70.12,73.9,60.27,162.79,88.66,1651.67,1887.32,93.97,725.07,3734.9,87,  GPS,156.2,113.1,115.9,125.3,118,-0.11,       ,3.25,-146,26.9,155.9,-0.4,0,   HDG,     TO,4.1,7,354.3,     3D,3704,      ,       ,95.5,       ,81.03,3796.2,0,FALSE,1,1651.67,125.65,124.127,0.03,11,TRUE,TAKEOFF
7/25/2026, 04:58:16,  +00:00,   HKFH,-2.5340736,37.7270851,3538,29.92,3809.8,18.5,82.59,87.36,275.92,6.14,1.63,-0.01,0.08,220.4,228.4,28.5,21.4,69.81,73.9,60.32,162.92,88.63,1654.96,1889.27,93.98,725.65,3748.5,89,  GPS,156.2,113.1,115.9,125.3,118,-0.132,       ,3.47,-154.4,26.9,155.8,-0.4,0,   HDG,     TO,5,7,448.8,     3D,3704,      ,       ,95.5,       ,82.59,3809.8,0,FALSE,1,1654.96,275.92,186.455,0.04,24.6,TRUE,TAKEOFF
7/25/2026, 04:58:17,  +00:00,   HKFH,-2.5343537,37.7267761,3545,29.92,3819.9,18.5,83.71,88.21,324.43,6.11,2.21,-0.02,0.07,220.7,228.5,28.5,20.3,69.81,73.55,60.36,162.97,88.66,1658.09,1889.98,93.99,725.96,3758.6,90,  GPS,156.2,113.1,115.9,125.3,118,-0.144,       ,3.62,-159.5,26.9,155.7,-0.4,0,   HDG,     TO,4.9,7,578.7,     3D,3704,      ,       ,95.5,       ,83.71,3819.9,0,FALSE,1,1658.09,324.43,253.711,-0.01,34.7,TRUE,TAKEOFF
7/25/2026, 04:58:17,  +00:00,   HKFH,-2.5346296,37.7264671,3557,29.92,3831,18.5,84.43,88.99,382.95,5.89,2.01,-0.01,0,221.5,228.6,28.5,20.8,69.81,73.02,60.35,163.02,88.66,1659.53,1887.05,93.99,726.19,3769.9,91,  GPS,156.2,113.1,115.9,125.3,118,-0.156,       ,3.8,-164.9,26.9,155.7,-0.4,0,   HDG,     TO,4.9,7,661.4,     3D,3704,      ,       ,95.5,       ,84.43,3831,0,FALSE,1,1659.53,382.95,326.498,-0.07,45.8,TRUE,TAKEOFF
7/25/2026, 04:58:18,  +00:00,   HKFH,-2.5349064,37.7261581,3566,29.92,3843.1,18.5,84.81,89.69,464.39,6.25,3.2,0.02,0.03,223.1,229,28.5,20.5,69.96,72.32,60.35,163.05,88.66,1660.99,1887.87,93.99,726.47,3781.8,91,  GPS,156.2,113.1,115.9,125.3,118,-0.168,       ,4.02,-170.2,26.8,155.6,-0.4,0,   HDG,     TO,4.5,7,700.8,     3D,3704,      ,       ,95.5,       ,84.81,3843.1,0,FALSE,1,1660.99,464.39,400.169,0.03,57.9,TRUE,TAKEOFF
7/25/2026, 04:58:19,  +00:00,   HKFH,-2.5351808,37.7258415,3574,29.92,3856.2,18.5,85.66,90.21,505,7.04,3.63,0.04,0.07,223.7,229.8,28.5,21.4,70.12,71.8,60.38,163.08,88.7,1663.31,1890.05,93.97,726.53,3795,92,  GPS,156.2,113.1,115.9,125.3,118,-0.18,       ,4.26,-175.1,26.8,155.6,-0.4,0,   HDG,     TO,3.6,7,779.5,     3D,3704,      ,       ,95.5,       ,85.66,3856.2,0,FALSE,1,1663.31,505,470.905,0.04,71,TRUE,TAKEOFF
7/25/2026, 04:58:20,  +00:00,   HKFH,-2.5354505,37.7255211,3588,29.92,3871.1,18.5,86.99,90.54,550.7,6.83,2.03,0,-0.01,223.5,230.5,28.5,20.4,70.12,71.27,60.42,163.1,88.62,1667.01,1886.82,94.03,726.81,3810.2,93,  GPS,156.2,113.1,115.9,125.3,118,-0.192,       ,4.53,-179.4,26.8,155.5,-0.4,0,   HDG,     TO,3.1,7,893.7,     3D,3704,      ,       ,95.5,       ,86.99,3871.1,0,FALSE,1,1667.01,550.7,537.737,-0.08,85.9,TRUE,TAKEOFF
7/25/2026, 04:58:22,  +00:00,   HKFH,-2.5357337,37.7251778,3603,29.92,3887.4,18.5,87.24,90.82,634.15,6.94,1.1,0.04,-0.02,224.3,231,28.5,20.6,70.12,71.27,60.38,163.11,88.65,1668.86,1886.77,94,727.09,3826.1,94,  GPS,156.2,113.1,115.9,125.3,118,-0.204,       ,5.14,173.4,26.8,155.5,-0.4,0,   HDG,     TO,3.1,7,901.6,     3D,3704,      ,       ,95.5,       ,87.24,3887.4,0,FALSE,1,1668.86,634.15,592.193,-0.01,102.2,TRUE,TAKEOFF
7/25/2026, 04:58:23,  +00:00,   HKFH,-2.53598,37.7248726,3615,29.92,3901.2,18.5,87.25,91.09,693.48,6.99,-0.23,-0.01,0.01,223.8,231.4,28.5,20.2,70.12,70.92,60.42,163.12,88.74,1670.44,1887.43,93.99,727.07,3839.9,94,  GPS,156.2,113.1,115.9,125.3,118,-0.216,       ,5.14,173.4,26.8,155.4,-0.4,0,   HDG,     TO,2.6,7,889.8,     3D,3704,      ,       ,95.5,       ,87.25,3901.2,0,FALSE,1,1670.44,693.48,644.873,0.03,116,TRUE,TAKEOFF
7/25/2026, 04:58:24,  +00:00,   HKFH,-2.536247,37.7245483,3630,29.92,3916.7,18.5,87.25,91.17,752.38,6.68,-1.65,-0.01,-0.04,224.4,231.4,28.5,20.9,70.12,70.57,60.38,163.13,88.62,1669.89,1889.11,94.01,727.07,3855.4,94,  GPS,156.2,113.1,115.9,125.3,118,-0.228,       ,5.46,170.5,26.8,155.4,-0.4,0,   HDG,     TO,2.7,7,921.3,     3D,3704,      ,       ,95.5,       ,87.25,3916.7,0,FALSE,1,1669.89,752.38,693.784,-0.05,131.5,TRUE,TAKEOFF
7/25/2026, 04:58:25,  +00:00,   HKFH,-2.5365229,37.7242126,3645,29.92,3932.7,18.5,87.53,91.28,793.97,6.79,0.98,0.01,-0.01,224.3,231.2,28.5,19.9,69.96,70.22,60.35,163.14,88.58,1671.18,1886.16,93.99,727.28,3871.5,94,  GPS,156.2,113.1,115.9,125.3,118,-0.241,       ,5.8,167.9,26.8,155.3,-0.4,0,   HDG,     TO,2.5,7,937,     3D,3704,      ,       ,95.5,       ,87.53,3932.7,0,FALSE,1,1671.18,793.97,737.139,0.03,147.5,TRUE,TAKEOFF
7/25/2026, 04:58:25,  +00:00,   HKFH,-2.5367885,37.7238846,3659,29.92,3948.3,18.5,87.88,91.34,820.48,7.05,1.31,0.02,0,224.4,231.3,28.5,20.2,69.81,70.04,60.34,163.14,88.61,1670.63,1888.57,94.02,727.26,3887.3,94,  GPS,156.2,113.1,115.9,125.3,118,-0.253,       ,6.15,165.6,26.8,155.3,-0.4,0,   HDG,     TO,2.5,7,956.7,     3D,3704,      ,       ,95.5,       ,87.88,3948.3,0,FALSE,1,1670.63,820.48,778.482,0.01,163.1,TRUE,TAKEOFF
7/25/2026, 04:58:26,  +00:00,   HKFH,-2.5370436,37.723568,3674,29.92,3964.5,18.5,88.42,91.3,851.23,7.38,0.04,0.02,0,224.9,231.8,28.5,20.2,69.52,70.22,60.37,163.15,88.69,1673.02,1888.87,94.03,727.44,3903.2,95,  GPS,156.2,113.1,115.9,125.3,118,-0.265,       ,6.5,163.7,26.8,155.2,-0.4,0,   HDG,     TO,2.2,7,980.3,     3D,3704,      ,       ,95.5,       ,88.42,3964.5,0,FALSE,1,1673.02,851.23,815.251,0,179.3,TRUE,TAKEOFF
7/25/2026, 04:58:27,  +00:00,   HKFH,-2.5373192,37.7232246,3690,29.92,3981.5,18.2,88.68,91.22,872.06,7.23,-0.62,0,-0.03,224,232.1,28.5,20.6,69.52,70.22,60.35,163.15,88.64,1674.71,1885.53,93.98,727.3,3920.3,95,  GPS,156.2,113.1,115.9,125.3,118,-0.277,       ,6.85,162.1,26.8,155.2,-0.4,0,   HDG,     TO,1.9,7,980.3,     3D,3704,      ,       ,95.5,       ,88.68,3981.5,0,FALSE,1,1674.71,872.06,840.389,-0.03,196.3,TRUE,TAKEOFF
7/25/2026, 04:58:28,  +00:00,   HKFH,-2.537581,37.7228966,3707,29.92,3997.3,18.2,88.36,91.15,897.94,7.42,2.16,0,-0.08,224.5,232,28.5,19.9,68.93,70.74,60.33,163.15,88.54,1675.15,1884.15,94,727.72,3936,95,  GPS,156.2,113.1,115.9,125.3,118,-0.289,       ,7.21,160.7,26.8,155.1,-0.4,0,   HDG,     TO,2.5,7,960.6,     3D,3704,      ,       ,95.5,       ,88.36,3997.3,0,FALSE,1,1675.15,897.94,857.022,-0.05,212.1,TRUE,TAKEOFF
7/25/2026, 04:58:29,  +00:00,   HKFH,-2.5378394,37.7225685,3722,29.92,4011.6,18.2,87.85,91.19,918.43,7.02,-0.08,0,-0.03,224.7,232.3,28.5,20,68.34,71.44,60.26,163.14,88.52,1675.14,1883.5,94,727.96,3950.3,95,  GPS,156.2,113.1,115.9,125.3,118,-0.302,       ,7.56,159.6,26.8,155.1,-0.4,0,   HDG,     TO,2.2,7,874,     3D,3704,      ,       ,95.5,       ,87.85,4011.6,0,FALSE,1,1675.14,918.43,867.059,0.05,226.4,TRUE,TAKEOFF
7/25/2026, 04:58:31,  +00:00,   HKFH,-2.5381057,37.722229,3735,29.92,4025.1,18.2,87.16,91.34,918.39,7.03,-1.74,0,0.02,224,232.3,28.5,19.7,67.61,72.15,60.22,163.13,88.56,1675.48,1882.58,94.01,728.03,3963.8,94,  GPS,156.2,113.1,115.9,125.3,118,-0.314,       ,7.91,158.6,26.8,155,-0.4,0,   HDG,     TO,2,7,807.1,     3D,3704,      ,       ,95.5,       ,87.16,4025.1,0,FALSE,1,1675.48,918.39,877.361,0.05,239.9,TRUE,TAKEOFF
7/25/2026, 04:58:32,  +00:00,   HKFH,-2.5383797,37.7218895,3748,29.92,4038.4,18.2,86.61,91.38,885.53,7.49,0.41,-0.01,0.04,222.3,232.1,28.5,20.4,67.17,72.67,60.24,163.13,88.57,1674.87,1884.98,94,728.22,3977.6,93,  GPS,156.2,113.1,115.9,125.3,118,-0.327,       ,8.24,157.7,26.8,154.9,-0.4,0,   HDG,     TO,3.1,7,795.3,     3D,3704,      ,       ,95.5,       ,86.61,4038.4,0,FALSE,1,1674.87,885.53,889.245,0.02,253.2,TRUE,TAKEOFF
7/25/2026, 04:58:33,  +00:00,   HKFH,-2.5386443,37.7215538,3763,29.92,4052.7,18.2,86.73,91.34,859.81,7.7,1.44,0,-0.01,222.1,231.9,28.5,19.6,66.58,73.37,60.21,163.12,88.69,1674.08,1884.58,94,728.42,3991.9,93,  GPS,156.2,113.1,115.9,125.3,118,-0.339,       ,8.58,156.8,26.8,154.9,-0.4,0,   HDG,     TO,4.5,7,846.5,     3D,3704,      ,       ,95.5,       ,86.73,4052.7,0,FALSE,1,1674.08,859.81,895.803,-0.05,267.5,TRUE,TAKEOFF
7/25/2026, 04:58:34,  +00:00,   HKFH,-2.5389061,37.7212296,3779,29.92,4067.5,18.2,86.71,91.3,852.75,8.34,1.18,-0.02,0.09,222.3,231.9,28.5,19.8,66.58,73.37,60.16,163.11,88.6,1672.3,1884.46,93.98,728.33,4006.2,93,  GPS,156.2,113.1,115.9,125.3,118,-0.351,       ,8.93,155.9,26.8,154.8,-0.4,0,   HDG,     TO,4.8,7,862.2,     3D,3704,      ,       ,95.5,       ,86.71,4067.5,0,FALSE,1,1672.3,852.75,897.778,0.1,282.3,TRUE,TAKEOFF
7/25/2026, 04:58:34,  +00:00,   HKFH,-2.5391634,37.7209091,3798,29.92,4084.2,18.2,87.23,91.07,896.99,7.58,0.33,-0.03,-0.06,223,231.6,28.5,19.4,66.29,73.72,60.12,163.11,88.68,1669.83,1883.96,93.99,728.32,4023.3,94,  GPS,156.2,113.1,115.9,125.3,118,-0.363,       ,9.28,154.9,26.7,154.8,-0.4,0,   HDG,     TO,4.7,7,1019.7,     3D,3704,      ,       ,95.5,       ,87.23,4084.2,0,FALSE,1,1669.83,896.99,893.532,-0.15,299,TRUE,TAKEOFF
7/25/2026, 04:58:35,  +00:00,   HKFH,-2.5394385,37.7205696,3809,29.92,4101.8,18.2,87.29,91.01,939.32,7.44,1.82,-0.02,-0.08,223.6,231.6,28.5,19.9,66,74.07,60.08,163.1,88.66,1670.42,1882.32,94.02,728.1,4040.6,94,  GPS,156.2,113.1,115.9,125.3,118,-0.376,       ,9.63,154.1,26.7,154.7,-0.4,0,   HDG,     TO,4.1,7,1000,     3D,3704,      ,       ,95.5,       ,87.29,4101.8,0,FALSE,1,1670.42,939.32,885.766,-0.02,316.6,TRUE,INITIAL_CLIMB
7/25/2026, 04:58:36,  +00:00,   HKFH,-2.5396891,37.7202606,3823,29.92,4114.8,18.2,86.69,91.21,916.81,7.03,3.42,-0.01,0.01,223.9,231.6,28.5,19.5,66,73.9,60.02,163.1,88.53,1670.94,1881.38,94.01,727.9,4053.5,93,  GPS,156.2,113.1,115.9,125.3,118,-0.388,       ,9.98,153.2,26.7,154.7,-0.4,0,   HDG,     TO,3.6,7,858.3,     3D,3704,      ,       ,95.5,       ,86.69,4114.8,0,FALSE,1,1670.94,916.81,877.988,0.09,329.6,TRUE,INITIAL_CLIMB
7/25/2026, 04:58:37,  +00:00,   HKFH,-2.539959,37.7199173,3838,29.92,4128.4,18.2,85.91,91.57,891.81,6.84,4.26,-0.02,-0.04,223.8,232.1,28.5,19.4,66.14,73.55,60.01,163.1,88.58,1670.74,1882.7,94.02,727.68,4067.1,93,  GPS,156.2,113.1,115.9,125.3,118,-0.401,       ,10.3,152.4,26.7,154.6,-0.4,0,   HDG,     TO,3.5,7,803.1,     3D,3704,      ,       ,95.5,       ,85.91,4128.4,0,FALSE,1,1670.74,891.81,874.04,-0.05,343.2,TRUE,INITIAL_CLIMB
7/25/2026, 04:58:39,  +00:00,   HKFH,-2.5402293,37.719574,3851,29.92,4141.1,18.2,85.49,92.06,855.48,6.61,4.57,-0.03,0.01,223.4,232.6,28.5,19.3,66.44,73.02,59.96,163.11,88.54,1669.24,1884.28,94.03,727.38,4079.8,92,  GPS,156.2,113.1,115.9,125.3,118,-0.413,       ,10.59,151.6,26.7,154.6,-0.4,0,   HDG,     TO,3.7,7,744.1,     3D,3704,      ,       ,95.5,       ,85.49,4141.1,0,FALSE,1,1669.24,855.48,867.94,0.05,355.9,TRUE,INITIAL_CLIMB
7/25/2026, 04:58:40,  +00:00,   HKFH,-2.5404835,37.7192421,3865,29.92,4154.1,18.2,86.08,92.53,840.77,6.78,3.35,-0.03,0.06,223.8,233.1,28.5,19.7,67.02,72.32,59.97,163.12,88.61,1667.79,1886.23,94.01,727.42,4092.8,93,  GPS,156.2,113.1,115.9,125.3,118,-0.425,       ,10.87,150.8,26.7,154.5,-0.4,0,   HDG,     TO,4,7,787.4,     3D,3704,      ,       ,95.5,       ,86.08,4154.1,0,FALSE,1,1667.79,840.77,858.966,0.05,368.9,TRUE,INITIAL_CLIMB
7/25/2026, 04:58:41,  +00:00,   HKFH,-2.5407426,37.7188988,3880,29.92,4168.8,18.2,86.99,92.88,840.61,6.72,1.2,-0.03,0.04,224.4,233.3,28.5,19.6,67.02,72.32,59.94,163.13,88.63,1667.04,1885.14,94.01,727.34,4107.5,94,  GPS,156.2,113.1,115.9,125.3,118,-0.438,       ,11.14,150.1,26.7,154.5,-0.4,0,   HDG,     TO,3.7,7,874,     3D,3704,      ,       ,95.5,       ,86.99,4168.8,0,FALSE,1,1667.04,840.61,851.25,-0.02,383.6,TRUE,INITIAL_CLIMB
7/25/2026, 04:58:42,  +00:00,   HKFH,-2.5410051,37.7185555,3892,29.92,4184.2,18,87.52,93.11,846.05,6.66,-0.6,-0.01,0.01,225.1,233.2,28.5,18.9,67.61,71.62,59.93,163.14,88.62,1666.21,1886.98,94.01,727.13,4122.9,94,  GPS,156.2,113.1,115.9,125.3,118,-0.45,       ,11.41,149.3,26.7,154.4,-0.4,0,   HDG,     TO,3.3,7,929.1,     3D,3704,      ,       ,95.5,       ,87.52,4184.2,0,FALSE,1,1666.21,846.05,845.606,-0.03,399,TRUE,INITIAL_CLIMB
7/25/2026, 04:58:42,  +00:00,   HKFH,-2.5412629,37.7182198,3901,29.92,4200.4,18,88.06,93.15,798.81,7.59,-0.38,-0.01,-0.03,224.6,232.9,28.5,18.9,68.34,70.92,59.95,163.15,88.67,1668.31,1887.15,94.04,727.07,4139.1,95,  GPS,156.2,113.1,115.9,125.3,118,-0.463,       ,11.66,148.6,26.7,154.4,-0.4,0,   HDG,     TO,2.8,7,960.6,     3D,3704,      ,       ,95.5,       ,88.06,4200.4,0,FALSE,1,1668.31,798.81,844.838,-0.04,415.2,TRUE,INITIAL_CLIMB
7/25/2026, 04:58:43,  +00:00,   HKFH,-2.541539,37.717865,3918,29.92,4217.2,18,87.94,93.01,763.01,7.71,-1.56,-0.03,0.05,223.1,232.7,28.5,19.2,69.22,70.04,59.91,163.15,88.58,1669.21,1884.81,94.02,726.67,4156,95,  GPS,156.2,113.1,115.9,125.3,118,-0.476,       ,11.9,148,26.7,154.3,-0.4,0,   HDG,     TO,3.5,7,968.5,     3D,3704,      ,       ,95.5,       ,87.94,4217.2,0,FALSE,1,1669.21,763.01,847.377,0.08,432,TRUE,INITIAL_CLIMB
7/25/2026, 04:58:44,  +00:00,   HKFH,-2.541815,37.7175179,3939,29.92,4235.3,18,87.53,92.8,819.83,7.73,-0.89,-0.02,-0.03,222.7,232.1,28.5,19.5,70.12,69.44,59.87,163.15,88.62,1668.02,1884.61,94.04,726.62,4174,95,  GPS,156.2,113.1,115.9,125.3,118,-0.489,       ,12.12,147.5,26.7,154.2,-0.4,0,   HDG,     TO,4.9,7,1039.4,     3D,3704,      ,       ,95.5,       ,87.53,4235.3,0,FALSE,1,1668.02,819.83,853.426,-0.08,450.1,TRUE,INITIAL_CLIMB
7/25/2026, 04:58:45,  +00:00,   HKFH,-2.5420771,37.7171936,3951,29.92,4251.3,18,87.14,92.62,882.88,8,-0.13,-0.03,0,222.9,231.5,28.5,19.1,71.15,68.84,59.82,163.16,88.61,1668.07,1882.82,94.03,726.59,4190,94,  GPS,156.2,113.1,115.9,125.3,118,-0.501,       ,12.34,146.9,26.7,154.2,-0.4,0,   HDG,     TO,5.2,7,1000,     3D,3704,      ,       ,95.5,       ,87.14,4251.3,0,FALSE,1,1668.07,882.88,861.026,0.03,466.1,TRUE,INITIAL_CLIMB
7/25/2026, 04:58:47,  +00:00,   HKFH,-2.5423517,37.7168617,3967,29.92,4267.8,18,86.67,92.45,909.13,7.99,0.24,0,-0.01,222.5,231.4,28.5,18.7,71.15,68.84,59.79,163.17,88.61,1666.9,1885.87,94.03,726.27,4206.5,94,  GPS,156.2,113.1,115.9,125.3,118,-0.513,       ,12.56,146.4,26.7,154.1,-0.4,0,   HDG,     TO,5.2,7,976.4,     3D,3704,      ,       ,95,       ,86.67,4267.8,0,FALSE,1,1666.9,909.13,865.191,-0.01,482.6,TRUE,INITIAL_CLIMB
7/25/2026, 04:58:48,  +00:00,   HKFH,-2.5426223,37.716526,3981,29.92,4284.9,18,86.69,92.24,917.2,7.35,0.2,-0.01,-0.05,221.4,231.3,28.5,18.8,72.18,68.24,59.78,163.18,88.58,1666.82,1885.73,94.02,725.64,4223.6,94,  GPS,156.2,113.1,115.9,125.3,118,-0.525,       ,12.76,145.9,26.7,154.1,-0.4,0,   HDG,     TO,5.6,7,1015.7,     3D,3704,      ,       ,95,       ,86.69,4284.9,0,FALSE,1,1666.82,917.2,863.342,-0.04,499.7,TRUE,INITIAL_CLIMB
7/25/2026, 04:58:49,  +00:00,   HKFH,-2.5428901,37.7162018,3998,29.92,4300.3,18,86.79,92.25,915.97,5.16,-0.32,-0.01,-0.15,220.1,231.1,28.5,18.7,73.22,67.64,59.72,163.19,88.57,1666.86,1884.2,94.02,725.5,4239.1,94,  GPS,156.2,113.1,115.9,125.3,118,-0.538,       ,12.94,145.4,26.7,154,-0.4,0,   HDG,     TO,6.5,7,952.8,     3D,3704,      ,       ,95,       ,86.79,4300.3,0,FALSE,1,1666.86,915.97,857.521,-0.1,515.1,TRUE,INITIAL_CLIMB
7/25/2026, 04:58:50,  +00:00,   HKFH,-2.5431576,37.7158775,4011,29.92,4310.9,18,86.84,92.7,916.77,4.72,0.33,-0.01,-0.08,220.1,230.8,28.5,18.8,74.07,67.05,59.69,163.2,88.54,1665.94,1885.36,94.02,725.33,4249.8,94,  GPS,156.2,113.1,115.9,125.3,118,-0.55,       ,13.14,144.9,26.7,154,-0.4,0,   HDG,     TO,7,7,712.6,     3D,3704,      ,       ,95,       ,86.84,4310.9,0,FALSE,1,1665.94,916.77,846.708,0.07,525.7,TRUE,INITIAL_CLIMB
7/25/2026, 04:58:51,  +00:00,   HKFH,-2.5434463,37.7155342,4022,29.92,4320.7,18,87.51,93.38,882.26,4.27,-0.16,-0.03,0.01,220,230.7,28.5,18.4,74.93,67.05,59.68,163.21,88.56,1664.87,1886.8,94.03,725.31,4259.4,95,  GPS,156.2,113.1,115.9,125.3,118,-0.563,       ,13.34,144.5,26.7,153.9,-0.4,0,   HDG,     TO,7,7,574.8,     3D,3704,      ,       ,95,       ,87.51,4320.7,0,FALSE,1,1664.87,882.26,825.727,0.09,535.5,TRUE,INITIAL_CLIMB
7/25/2026, 04:58:51,  +00:00,   HKFH,-2.5437193,37.7152138,4033,29.92,4329.3,17.8,88.32,94.12,827.56,4.35,-0.46,-0.02,0.02,220.5,230.3,28.5,18.8,75.79,66.6,59.7,163.23,88.62,1663.8,1889.08,94.04,725.07,4268.2,96,  GPS,156.2,113.1,115.9,125.3,118,-0.575,       ,13.55,144.1,26.7,153.9,-0.4,0,   HDG,     TO,7,7,555.1,     3D,3704,      ,       ,95,       ,88.32,4329.3,0,FALSE,1,1663.8,827.56,797.068,0.01,544.1,TRUE,INITIAL_CLIMB
7/25/2026, 04:58:52,  +00:00,   HKFH,-2.5440073,37.7148819,4039,29.92,4339.6,17.8,89.26,94.82,740.6,4.65,-0.18,-0.02,0.04,220.2,229.9,28.5,18.6,75.79,66,59.68,163.24,88.58,1664.36,1887.79,94.04,724.71,4278.3,97,  GPS,156.2,113.1,115.9,125.3,118,-0.587,       ,13.76,143.7,26.6,153.8,-0.4,0,   HDG,     TO,6.9,7,598.4,     3D,3704,      ,       ,95,       ,89.26,4339.6,0,FALSE,1,1664.36,740.6,764.417,0.02,554.4,TRUE,INITIAL_CLIMB
7/25/2026, 04:58:53,  +00:00,   HKFH,-2.5442972,37.7145462,4049,29.92,4350.4,17.8,89.53,95.5,654.88,4.61,0.44,-0.02,0.01,220,229.5,28.5,18.2,76.31,65.55,59.7,163.25,88.59,1665.72,1888.45,94.04,724.54,4289.3,97,  GPS,156.2,113.1,115.9,125.3,118,-0.6,       ,13.97,143.4,26.6,153.8,-0.4,0,   HDG,     TO,7,7,653.5,     3D,3704,      ,       ,95,       ,89.53,4350.4,0,FALSE,1,1665.72,654.88,731.816,-0.03,565.2,TRUE,INITIAL_CLIMB
7/25/2026, 04:58:54,  +00:00,   HKFH,-2.5446022,37.7141991,4060,29.92,4361.9,17.8,89.98,96.12,610.02,4.52,0.59,-0.01,-0.01,220.1,229.4,28.5,18,76.82,64.95,59.69,163.26,88.57,1666,1889.62,94.05,724.04,4301,97,  GPS,156.2,113.1,115.9,125.3,118,-0.613,       ,14.17,143,26.6,153.7,-0.4,0,   HDG,     TO,7.1,7,665.4,     3D,3704,      ,       ,95,       ,89.98,4361.9,0,FALSE,1,1666,610.02,699.523,-0.02,576.7,TRUE,INITIAL_CLIMB
7/25/2026, 04:58:56,  +00:00,   HKFH,-2.5448828,37.7138786,4069,29.92,4372.4,17.8,90.47,96.76,596.29,4.2,0.21,0,-0.04,220.4,229.3,28.5,17.9,77.17,64.5,59.67,163.26,88.6,1667.25,1887.73,94.04,723.37,4311.3,98,  GPS,156.2,113.1,115.9,125.3,118,-0.626,       ,14.35,142.7,26.6,153.7,-0.4,0,   HDG,     TO,7.1,7,657.5,     3D,3704,      ,       ,95,       ,90.47,4372.4,0,FALSE,1,1667.25,596.29,663.892,-0.03,587.2,TRUE,INITIAL_CLIMB
7/25/2026, 04:58:57,  +00:00,   HKFH,-2.5451972,37.7135201,4079,29.92,4382.6,17.8,90.63,97.41,582.62,4.33,-0.73,-0.03,-0.03,220.1,229.1,28.5,18.3,77.34,64.5,59.66,163.26,88.58,1667.97,1889.04,94.05,723.24,4321.3,98,  GPS,156.2,113.1,115.9,125.3,118,-0.639,       ,14.53,142.4,26.6,153.6,-0.4,0,   HDG,     TO,6.9,7,574.8,     3D,3704,      ,       ,95,       ,90.63,4382.6,0,FALSE,1,1667.97,582.62,628.974,0.01,597.4,TRUE,INITIAL_CLIMB
7/25/2026, 04:58:58,  +00:00,   HKFH,-2.5454998,37.7131805,4091,29.92,4392.1,17.8,91.14,97.97,591.19,4.13,-0.18,-0.01,0.04,220.7,228.8,28.5,18,77.34,64.2,59.65,163.26,88.5,1668.2,1887.94,94.05,723.27,4330.9,99,  GPS,156.2,113.1,115.9,125.3,118,-0.652,       ,14.68,142.2,26.6,153.5,-0.4,0,   HDG,     TO,7,7,570.9,     3D,3704,      ,       ,95,       ,91.14,4392.1,0,FALSE,1,1668.2,591.19,599.696,0.07,606.9,TRUE,INITIAL_CLIMB
7/25/2026, 04:58:59,  +00:00,   HKFH,-2.5457947,37.7128563,4098,29.92,4403.1,17.5,91.76,98.59,593.04,3.46,-1.31,0.01,-0.07,221.1,228.6,28.5,17.7,77,63.91,59.71,163.28,88.65,1668.2,1891.23,94.06,723.26,4342,99,  GPS,156.2,113.1,115.9,125.3,118,-0.665,       ,14.82,141.9,26.6,153.5,-0.4,0,   HDG,     TO,6.7,7,669.3,     3D,3704,      ,       ,95,       ,91.76,4403.1,0,FALSE,1,1668.2,593.04,580.463,-0.11,617.9,TRUE,INITIAL_CLIMB
7/25/2026, 04:58:59,  +00:00,   HKFH,-2.5461121,37.7125053,4105,29.92,4413.6,17.5,93.1,99.17,560.46,3.92,-0.82,0.01,0.02,220.9,228.3,28.5,17.6,77,63.91,59.72,163.3,88.67,1670.54,1889.67,94.03,723.31,4352.4,101,  GPS,156.2,113.1,115.9,125.3,118,-0.678,       ,14.93,141.6,26.6,153.4,-0.4,0,   HDG,     TO,6.5,7,614.2,     3D,3704,      ,       ,95,       ,93.1,4413.6,0,FALSE,1,1670.54,560.46,567.275,0.09,628.4,TRUE,INITIAL_CLIMB
7/25/2026, 04:59:00,  +00:00,   HKFH,-2.5464082,37.7121773,4114,29.92,4422.9,17.5,94.14,99.68,533.08,3.3,-1.1,0,-0.05,219.6,228.2,28.5,18,76.65,64.06,59.75,163.31,88.61,1672.9,1888.62,94.06,723.19,4361.7,102,  GPS,156.2,113.1,115.9,125.3,118,-0.691,       ,15.01,141.4,26.6,153.4,-0.4,0,   HDG,     TO,6.7,7,594.5,     3D,3704,      ,       ,95,       ,94.14,4422.9,0,FALSE,1,1672.9,533.08,555.06,-0.07,637.7,TRUE,INITIAL_CLIMB
7/25/2026, 04:59:01,  +00:00,   HKFH,-2.5467241,37.711834,4125,29.92,4431.6,17.5,94.49,100.28,534.78,2.46,-2.64,-0.01,-0.07,218.6,227.9,28.5,17.8,76.31,64.2,59.68,163.33,88.57,1673.89,1884.88,94.05,722.71,4370.7,102,  GPS,156.2,113.1,115.9,125.3,118,-0.704,       ,15.07,141.3,26.6,153.3,-0.4,0,   HDG,     TO,7.3,7,547.2,     3D,3704,      ,       ,95,       ,94.49,4431.6,0,FALSE,1,1673.89,534.78,540.966,-0.02,646.4,TRUE,INITIAL_CLIMB
7/25/2026, 04:59:02,  +00:00,   HKFH,-2.5470443,37.7114944,4133,29.92,4439.6,17.5,94.44,101.06,548.27,2.07,-0.8,0.01,-0.04,218.9,227.5,28.5,17.8,75.62,64.2,59.67,163.35,88.57,1672.96,1888.16,94.04,722.35,4378.5,102,  GPS,156.2,113.1,115.9,125.3,118,-0.718,       ,15.13,141.2,26.6,153.3,-0.4,0,   HDG,     TO,7.7,7,476.4,     3D,3704,      ,       ,95,       ,94.44,4439.6,0,FALSE,1,1672.96,548.27,524.248,0.03,654.4,TRUE,INITIAL_CLIMB
7/25/2026, 04:59:04,  +00:00,   HKFH,-2.5473762,37.7111435,4139,29.92,4446.2,17.5,95,101.97,523,1.7,-0.22,0,-0.02,218.2,227.3,28.5,17.4,74.93,64.65,59.69,163.37,88.57,1672.4,1891.04,94.08,722.09,4385.3,103,  GPS,156.2,113.1,115.9,125.3,118,-0.731,       ,15.18,141,26.6,153.2,-0.4,0,   HDG,     TO,7.6,7,405.5,     3D,3704,      ,       ,95,       ,95,4446.2,0,FALSE,1,1672.4,523,504.568,0.02,661,TRUE,INITIAL_CLIMB
7/25/2026, 04:59:05,  +00:00,   HKFH,-2.5477057,37.7107964,4146,29.92,4452.7,17.2,96.28,102.87,487.87,1.75,-0.88,0,0.02,218.2,227.1,28.5,18,74.25,65.1,59.69,163.39,88.59,1673.69,1889.81,94.07,722.08,4391.7,104,  GPS,156.2,113.1,115.9,125.3,118,-0.744,       ,15.24,140.9,26.6,153.1,-0.4,0,   HDG,     TO,7.9,7,389.8,     3D,3704,      ,       ,95,       ,96.28,4452.7,0,FALSE,1,1673.69,487.87,481.191,0.04,667.5,TRUE,INITIAL_CLIMB
7/25/2026, 04:59:06,  +00:00,   HKFH,-2.5480313,37.7104568,4152,29.92,4459.3,17.2,97.68,103.72,455.35,2.21,-0.78,0.01,-0.09,218.9,226.7,28.5,17.4,74.25,65.7,59.7,163.41,88.61,1674.38,1889.78,94.08,721.9,4398.3,106,  GPS,156.2,113.1,115.9,125.3,118,-0.758,       ,15.29,140.8,26.6,153.1,-0.4,0,   HDG,     TO,7.8,7,397.6,     3D,3704,      ,       ,95,       ,97.68,4459.3,0,FALSE,1,1674.38,455.35,453.304,-0.11,674.1,TRUE,INITIAL_CLIMB
7/25/2026, 04:59:07,  +00:00,   HKFH,-2.5483758,37.7100983,4158,29.92,4463.9,17.2,98.82,104.73,415.44,2.34,-2.04,0,-0.13,218.4,226.7,28.5,17.5,73.39,66.15,59.65,163.43,88.63,1674.68,1889.64,94.05,721.25,4402.9,107,  GPS,156.2,113.1,115.9,125.3,118,-0.772,       ,15.34,140.8,26.5,153,-0.4,0,   HDG,     TO,7.6,7,287.4,     3D,3704,      ,       ,95,       ,98.82,4463.9,0,FALSE,1,1674.68,415.44,416.991,-0.04,678.7,TRUE,INITIAL_CLIMB
7/25/2026, 04:59:07,  +00:00,   HKFH,-2.5487142,37.7097549,4164,29.92,4464.7,17.2,99.89,106.04,394.39,2.79,-2.34,-0.01,-0.07,218.6,226.1,28.5,16.7,72.87,66.75,59.58,163.44,88.66,1673.62,1889.57,94.07,720.3,4403.7,108,  GPS,156.2,113.1,115.9,125.3,118,-0.786,       ,15.38,140.7,26.5,152.9,-0.4,0,   HDG,     TO,7.8,7,82.7,     3D,3704,      ,       ,95,       ,99.89,4464.7,0,FALSE,1,1673.62,394.39,369.73,0.06,679.5,TRUE,INITIAL_CLIMB
7/25/2026, 04:59:08,  +00:00,   HKFH,-2.5490677,37.7094002,4165,29.92,4463.2,17.2,100.79,107.61,359.27,2.9,-3.5,-0.03,0.01,218,225.5,28.5,17.7,72.87,66.75,59.56,163.45,88.61,1672.68,1889.4,94.06,719.31,4402.2,109,  GPS,156.2,113.1,115.9,125.3,118,-0.8,       ,15.41,140.7,26.5,152.9,-0.4,0,   HDG,     TO,7.9,7,-70.9,     3D,3704,      ,       ,95,       ,100.79,4463.2,0,FALSE,1,1672.68,359.27,314.699,0.08,678,TRUE,INITIAL_CLIMB
7/25/2026, 04:59:09,  +00:00,   HKFH,-2.5494413,37.7090378,4164,29.92,4461.1,17,101.63,109.28,281.59,3.68,-1.68,0,0.02,217.5,224.5,28.5,17.2,72.36,67.2,59.56,163.47,88.57,1671.2,1892.88,94.03,718.85,4400.1,110,  GPS,156.2,113.1,115.9,125.3,118,-0.814,       ,15.42,140.7,26.5,152.8,-0.4,0,   HDG,     TO,8.4,7,-114.2,     3D,3704,      ,       ,95,       ,101.63,4461.1,0,FALSE,1,1671.2,281.59,262.365,0.01,675.9,TRUE,INITIAL_CLIMB
7/25/2026, 04:59:10,  +00:00,   HKFH,-2.5498228,37.7086754,4162,29.92,4459.8,17,103.34,110.86,169.95,4.23,-1.25,0.01,0.09,217.3,224,28.5,17.4,72.01,67.49,59.61,163.47,88.61,1671.96,1892.07,94.03,718.5,4398.7,112,  GPS,156.2,113.1,115.9,125.3,118,-0.828,       ,15.43,140.8,26.5,152.8,-0.4,0,   HDG,     TO,8.7,7,-86.6,     3D,3704,      ,       ,95,       ,103.34,4459.8,0,FALSE,1,1671.96,169.95,217.426,0.07,674.6,TRUE,INITIAL_CLIMB
7/25/2026, 04:59:12,  +00:00,   HKFH,-2.5501807,37.7083397,4160,29.92,4461.1,17,105.56,112.24,62.17,4.04,0.08,0.01,0.02,217.1,223.7,28.5,16.9,72.01,67.79,59.65,163.48,88.67,1673.24,1891.92,94.04,718.35,4400.1,114,  GPS,156.2,113.1,115.9,125.3,118,-0.842,       ,15.42,140.8,26.5,152.7,-0.4,0,   HDG,     TO,8.8,7,59.1,     3D,3704,      ,       ,95,       ,105.56,4461.1,0,FALSE,1,1673.24,62.17,180.329,-0.07,675.9,TRUE,INITIAL_CLIMB
7/25/2026, 04:59:13,  +00:00,   HKFH,-2.5505805,37.7079659,4161,29.92,4463.1,17,107.35,113.52,-2.04,3.99,-0.03,-0.02,-0.03,216.7,223.7,28.5,17.2,72.01,67.94,59.68,163.47,88.68,1676.52,1888.84,94.07,718.39,4402.1,116,  GPS,156.2,113.1,115.9,125.3,118,-0.857,       ,15.4,140.9,26.5,152.6,-0.4,0,   HDG,     TO,9,7,110.2,     3D,3704,      ,       ,95,       ,107.35,4463.1,0,FALSE,1,1676.52,-2.04,151.743,-0.05,677.9,TRUE,INITIAL_CLIMB
7/25/2026, 04:59:14,  +00:00,   HKFH,-2.5509713,37.7076035,4164,29.92,4464.1,16.8,108.18,114.75,-0.34,4.45,-1.15,-0.03,0.12,216.9,223.4,28.5,17.2,72.36,67.94,59.68,163.47,88.66,1677.9,1890.87,94.09,718.28,4403.1,117,  GPS,156.2,113.1,115.9,125.3,118,-0.872,       ,15.37,141.1,26.5,152.6,-0.4,0,   HDG,     TO,9.3,7,63,     3D,3704,      ,       ,95,       ,108.18,4464.1,0,FALSE,1,1677.9,-0.34,127.939,0.15,678.9,TRUE,INITIAL_CLIMB
7/25/2026, 04:59:15,  +00:00,   HKFH,-2.551368,37.7072411,4167,29.92,4467.6,16.8,109.24,115.81,38.48,3.79,-1.42,-0.04,0.06,217.5,222.9,28.5,16.9,73.04,67.79,59.67,163.46,88.7,1676.88,1891.6,94.07,718.09,4406.6,118,  GPS,156.2,113.1,115.9,125.3,118,-0.886,       ,15.33,141.3,26.5,152.5,-0.4,0,   HDG,     TO,9.3,7,189,     3D,3704,      ,       ,95,       ,109.24,4467.6,0,FALSE,1,1676.88,38.48,110.773,-0.06,682.4,TRUE,INITIAL_CLIMB
7/25/2026, 04:59:15,  +00:00,   HKFH,-2.5517879,37.7068672,4170,29.92,4472.9,16.8,110.37,116.96,84.38,3.32,-3.05,-0.01,-0.01,218,222.3,28.5,16.8,73.04,67.79,59.67,163.45,88.65,1676.48,1890.31,94.07,717.8,4412.2,120,  GPS,156.2,113.1,115.9,125.3,118,-0.902,       ,15.28,141.5,26.5,152.4,-0.4,0,   HDG,     TO,8.5,7,307.1,     3D,3704,      ,       ,95,       ,110.37,4472.9,0,FALSE,1,1676.48,84.38,106.729,-0.07,687.7,TRUE,INITIAL_CLIMB
7/25/2026, 04:59:16,  +00:00,   HKFH,-2.5521789,37.7065239,4173,29.92,4479.4,16.8,110.98,118.15,129.58,3.57,-4.37,0.03,-0.04,218.1,221.7,28.5,17,73.73,67.49,59.67,163.43,88.6,1677.98,1890.28,94.07,717.55,4418.4,120,  GPS,156.2,113.1,115.9,125.3,118,-0.916,       ,15.2,141.7,26.4,152.4,-0.4,0,   HDG,     TO,4.8,7,385.8,     3D,3704,      ,       ,95,       ,110.98,4479.4,0,FALSE,1,1677.98,129.58,120.527,-0.03,694.2,TRUE,INITIAL_CLIMB
7/25/2026, 04:59:18,  +00:00,   HKFH,-2.5526671,37.7061043,4176,29.92,4485.7,16.8,111.28,119.24,156.35,4.54,-3.61,0.02,0.03,216.7,221.2,28.5,17,74.59,67.05,59.69,163.42,88.62,1680.39,1890.31,94.07,717.42,4425.5,120,  GPS,156.2,113.1,115.9,125.3,118,-0.933,       ,14.92,142.1,26.4,152.3,-0.4,0,   HDG,     TO,-1.3,7,358.3,     3D,3704,      ,       ,95,       ,111.28,4485.7,0,FALSE,1,1680.39,156.35,148.821,0.07,700.5,TRUE,INITIAL_CLIMB
7/25/2026, 04:59:19,  +00:00,   HKFH,-2.5530334,37.7057953,4183,29.92,4492,16.8,111.75,120.05,187.61,4.39,-4.22,0,0.02,215.1,220.8,28.5,17,75.28,66.6,59.68,163.4,88.64,1680.25,1891.73,94.08,717.08,4431,121,  GPS,156.2,113.1,115.9,125.3,118,-0.946,       ,14.92,142.1,26.4,152.2,-0.4,0,   HDG,     TO,-5.3,7,374,     3D,3704,      ,       ,95,       ,111.75,4492,0,FALSE,1,1680.25,187.61,184.426,-0.01,706.8,TRUE,INITIAL_CLIMB
7/25/2026, 04:59:20,  +00:00,   HKFH,-2.5534656,37.7054367,4190,29.92,4497.9,16.8,112.44,120.73,241.15,4.41,-5.24,-0.03,0.1,213.9,220.2,28.5,16.2,75.79,66.3,59.67,163.39,88.59,1681.98,1887.83,94.07,716.98,4437,122,  GPS,156.2,113.1,115.9,125.3,118,-0.961,       ,14.73,142.2,26.4,152.2,-0.4,0,   HDG,     TO,-10.3,7,362.2,     3D,3704,      ,       ,95,       ,112.44,4497.9,0,FALSE,1,1681.98,241.15,222.28,0.08,712.7,TRUE,INITIAL_CLIMB
7/25/2026, 04:59:21,  +00:00,   HKFH,-2.5538962,37.7050972,4197,29.92,4505.2,16.5,113.07,121.3,307.93,4.67,-8.45,0.01,0.03,213.6,219.2,28.5,16.8,76.14,66,59.65,163.37,88.72,1680.33,1892.53,94.07,716.72,4444.1,122,  GPS,156.2,113.1,115.9,125.3,118,-0.976,       ,14.55,142.4,26.4,152.1,-0.4,0,   HDG,     TO,-14.4,7,425.2,     3D,3704,      ,       ,95,       ,113.07,4505.2,0,FALSE,1,1680.33,307.93,264.123,-0.07,720,TRUE,INITIAL_CLIMB
7/25/2026, 04:59:22,  +00:00,   HKFH,-2.5543463,37.7047501,4202,29.92,4513.9,16.5,113.96,121.68,345.11,5.37,-10.16,0.04,-0.01,213,217.9,28.5,16.8,76.14,66,59.65,163.35,88.67,1681.31,1890.83,94.06,716.67,4452.8,123,  GPS,156.2,113.1,115.9,125.3,118,-0.991,       ,14.37,142.5,26.4,152,-0.4,0,   HDG,     TO,-15.1,7,507.9,     3D,3704,      ,       ,95,       ,113.96,4513.9,0,FALSE,1,1681.31,345.11,310.676,-0.04,728.7,TRUE,INITIAL_CLIMB
7/25/2026, 04:59:22,  +00:00,   HKFH,-2.5548031,37.7044182,4208,29.92,4523.7,16.5,114.72,121.78,354.01,5.53,-12.11,0.02,0.03,210.3,216.6,28.5,16.7,75.97,66,59.67,163.32,88.63,1681.48,1892.19,94.07,716.32,4462.7,124,  GPS,156.2,113.1,115.9,125.3,118,-1.006,       ,14.19,142.5,26.4,152,-0.4,0,   HDG,     TO,-15,7,578.7,     3D,3704,      ,       ,95,       ,114.72,4523.7,0,FALSE,1,1681.48,354.01,359.163,0.04,738.5,TRUE,INITIAL_CLIMB
7/25/2026, 04:59:23,  +00:00,   HKFH,-2.5552788,37.7040939,4219,29.92,4535.2,16.5,115.63,121.63,378.2,4.88,-12.88,-0.03,0.01,206.9,214.8,28.5,16.1,75.62,66,59.66,163.28,88.54,1680.24,1891.53,94.05,715.73,4474.4,125,  GPS,156.2,113.1,115.9,125.3,118,-1.02,       ,14.02,142.6,26.4,151.9,-0.4,0,   HDG,     TO,-15,7,677.2,     3D,3704,      ,       ,95,       ,115.63,4535.2,0,FALSE,1,1680.24,378.2,409.829,-0.02,750,TRUE,INITIAL_CLIMB
7/25/2026, 04:59:24,  +00:00,   HKFH,-2.555759,37.7037964,4233,29.92,4548.5,16.5,116.44,121.41,456.91,5.26,-11,-0.02,0.06,204.9,212.5,28.5,16.4,74.93,66.45,59.67,163.24,88.71,1682.15,1890.24,94.11,715.66,4487.5,126,  GPS,156.2,113.1,115.9,125.3,118,-1.034,       ,13.87,142.6,26.3,151.8,-0.4,0,   HDG,     TO,-15,7,771.7,     3D,3704,      ,       ,95,       ,116.44,4548.5,0,FALSE,1,1682.15,456.91,460.909,0.05,763.3,TRUE,INITIAL_CLIMB
7/25/2026, 04:59:25,  +00:00,   HKFH,-2.5562348,37.7035179,4243,29.92,4561,16.5,116.85,121.28,549.91,5.64,-11.4,0,0.04,203.8,210.7,28.5,16.3,73.9,67.05,59.66,163.19,88.66,1683.07,1891.9,94.11,715.54,4500,126,  GPS,156.2,113.1,115.9,125.3,118,-1.048,       ,13.77,142.6,26.3,151.8,-0.4,0,   HDG,     TO,-15,7,767.7,     3D,3704,      ,       ,95,       ,116.85,4561,0,FALSE,1,1683.07,549.91,509.492,-0.02,775.8,TRUE,INITIAL_CLIMB
7/25/2026, 04:59:27,  +00:00,   HKFH,-2.5567305,37.7032547,4255,29.92,4574.4,16.5,117.1,121.06,614.45,5.21,-11.37,-0.01,-0.02,201.8,208.8,28.5,16.4,72.7,67.94,59.63,163.13,88.85,1683.8,1889.77,94.09,715.51,4513.4,127,  GPS,156.2,113.1,115.9,125.3,118,-1.061,       ,13.71,142.6,26.3,151.7,-0.4,0,   HDG,     TO,-15,7,783.5,     3D,3704,      ,       ,95,       ,117.1,4574.4,0,FALSE,1,1683.8,614.45,552.311,-0.06,789.2,TRUE,INITIAL_CLIMB
7/25/2026, 04:59:28,  +00:00,   HKFH,-2.5572329,37.7030029,4268,29.92,4586.6,16.5,117.23,120.87,663.01,5.52,-12.05,0,0.06,199.9,206.9,28.5,15.9,72.7,67.94,59.6,163.08,88.67,1683.51,1889.98,94.09,715.44,4525.6,127,  GPS,156.2,113.1,115.9,125.3,118,-1.074,       ,13.67,142.5,26.3,151.7,-0.4,0,   HDG,     TO,-15,7,736.2,     3D,3704,      ,       ,95,       ,117.23,4586.6,0,FALSE,1,1683.51,663.01,591.443,0.08,801.4,TRUE,INITIAL_CLIMB
7/25/2026, 04:59:29,  +00:00,   HKFH,-2.5577402,37.7027702,4281,29.92,4599.6,16.5,117.24,120.67,698.41,5.32,-13.7,0,0.05,197.9,204.8,28.5,16.1,71.32,68.99,59.58,163.03,88.61,1683.41,1889.06,94.08,715.45,4538.6,127,  GPS,156.2,113.1,115.9,125.3,118,-1.087,       ,13.66,142.4,26.3,151.6,-0.4,0,   HDG,     TO,-15,7,775.6,     3D,3704,      ,       ,95,       ,117.24,4599.6,0,FALSE,1,1683.41,698.41,631.54,-0.01,814.4,TRUE,INITIAL_CLIMB
7/25/2026, 04:59:30,  +00:00,   HKFH,-2.5582621,37.7025604,4293,29.92,4613.8,16.5,117.15,120.44,726.98,5.53,-14.39,-0.02,0.01,196.2,202.7,28.5,16.1,69.96,69.89,59.57,162.98,88.7,1682.54,1890.93,94.09,715.48,4552.8,127,  GPS,156.2,113.1,115.9,125.3,118,-1.099,       ,13.68,142.2,26.2,151.5,-0.4,0,   HDG,     TO,-15,7,834.6,     3D,3704,      ,       ,95,       ,117.15,4613.8,0,FALSE,1,1682.54,726.98,673.467,-0.04,828.6,TRUE,INITIAL_CLIMB
7/25/2026, 04:59:30,  +00:00,   HKFH,-2.5587835,37.7023735,4305,29.92,4627.8,16.2,117.34,120.09,736.12,6.13,-13.03,0.01,0.11,194.4,200.3,28.5,16.3,69.08,70.74,59.59,162.93,88.78,1681.34,1894.53,94.11,715.81,4566.8,127,  GPS,156.2,113.1,115.9,125.3,118,-1.11,       ,13.71,142,26.2,151.5,-0.4,0,   HDG,     TO,-15,7,838.6,     3D,3704,      ,       ,95,       ,117.34,4627.8,0,FALSE,1,1681.34,736.12,711.125,0.1,842.6,TRUE,INITIAL_CLIMB
7/25/2026, 04:59:31,  +00:00,   HKFH,-2.5593157,37.7022018,4318,29.92,4643.3,16.2,117.91,119.62,736.43,5.82,-13.08,0,-0.02,192.1,198.3,28.5,15.6,68.49,71.44,59.57,162.88,88.8,1681.66,1889.92,94.09,715.78,4582.3,128,  GPS,156.2,113.1,115.9,125.3,118,-1.121,       ,13.76,141.8,26.2,151.4,-0.4,0,   HDG,     TO,-15,7,917.3,     3D,3704,      ,       ,95,       ,117.91,4643.3,0,FALSE,1,1681.66,736.43,742.591,-0.13,858.1,TRUE,INITIAL_CLIMB
7/25/2026, 04:59:32,  +00:00,   HKFH,-2.55986,37.7020454,4334,29.92,4658.6,16.2,118.37,119.22,754.98,5.65,-14.35,0,-0.06,189.9,196.1,28.5,15.6,67.9,71.44,59.54,162.83,88.69,1681.79,1889.48,94.08,716.01,4597.6,128,  GPS,156.2,113.1,115.9,125.3,118,-1.132,       ,13.82,141.6,26.2,151.4,-0.4,0,   HDG,     TO,-15,7,905.5,     3D,3704,      ,       ,94.5,       ,118.37,4658.6,0,FALSE,1,1681.79,754.98,767.567,-0.04,873.4,TRUE,INITIAL_CLIMB
7/25/2026, 04:59:33,  +00:00,   HKFH,-2.5603983,37.7019196,4349,29.92,4673.5,16.2,118.53,118.87,797.47,5.65,-13.54,0,-0.01,188.1,194,28.5,15.9,67.61,71.97,59.51,162.77,88.66,1682.87,1886.42,94.11,716.16,4612.5,129,  GPS,156.2,113.1,115.9,125.3,118,-1.142,       ,13.89,141.4,26.1,151.3,-0.4,0,   HDG,     TO,-15,7,885.8,     3D,3704,      ,       ,94.5,       ,118.53,4673.5,0,FALSE,1,1682.87,797.47,783.231,0.05,888.3,TRUE,INITIAL_CLIMB
7/25/2026, 04:59:35,  +00:00,   HKFH,-2.5609391,37.7018127,4363,29.92,4688.4,16.2,118.32,118.57,833.49,5.75,-13.73,-0.03,-0.01,186.1,191.6,28.5,16.1,67.61,72.32,59.48,162.71,88.83,1681.12,1890.19,94.1,715.87,4627.4,128,  GPS,156.2,113.1,115.9,125.3,118,-1.152,       ,13.97,141.3,26.1,151.3,-0.4,0,   HDG,     TO,-15,7,893.7,     3D,3704,      ,       ,94.5,       ,118.32,4688.4,0,FALSE,1,1681.12,833.49,793.381,0,903.2,TRUE,INITIAL_CLIMB
7/25/2026, 04:59:36,  +00:00,   HKFH,-2.5614691,37.7017288,4378,29.92,4702.7,16.2,118.26,118.28,864.57,5.93,-15.41,-0.01,-0.03,184.9,189.2,28.5,15.3,67.61,72.32,59.46,162.66,88.75,1682.27,1889.2,94.09,715.68,4641.6,128,  GPS,156.2,113.1,115.9,125.3,118,-1.16,       ,14.06,141.1,26.1,151.2,-0.4,0,   HDG,     TO,-15,7,889.8,     3D,3704,      ,       ,94.5,       ,118.26,4702.7,0,FALSE,1,1682.27,864.57,801.786,-0.02,917.5,TRUE,INITIAL_CLIMB
7/25/2026, 04:59:37,  +00:00,   HKFH,-2.5620267,37.7016716,4389,29.92,4716.5,16.2,118.14,118.05,864.21,6.26,-15.1,0.02,-0.01,183.1,186.8,28.5,15.2,67.61,72.15,59.47,162.6,88.7,1683.72,1887.97,94.08,715.68,4655.8,128,  GPS,156.2,113.1,115.9,125.3,118,-1.169,       ,14.14,140.9,26.1,151.2,-0.4,0,   HDG,     TO,-15,7,834.6,     3D,3704,      ,       ,94.5,       ,118.14,4716.5,0,FALSE,1,1683.72,864.21,811.602,0.02,931.3,TRUE,INITIAL_CLIMB
7/25/2026, 04:59:38,  +00:00,   HKFH,-2.562573,37.7016296,4401,29.92,4729.9,16.2,118.11,117.68,819.65,6.58,-14.62,-0.01,0.09,180.1,184.7,28.5,15.6,67.9,72.15,59.47,162.54,88.75,1682.21,1891.11,94.08,715.86,4668.8,128,  GPS,156.2,113.1,115.9,125.3,118,-1.177,       ,14.2,140.8,26,151.2,-0.4,0,   HDG,     TO,-15,7,795.3,     3D,3704,      ,       ,94.5,       ,118.11,4729.9,0,FALSE,1,1682.21,819.65,825.713,0.1,944.7,TRUE,INITIAL_CLIMB
7/25/2026, 04:59:38,  +00:00,   HKFH,-2.5631168,37.7016106,4417,29.92,4743.7,16.2,118.24,117.16,799.91,6.56,-12.96,-0.01,0.03,177.7,182.2,28.5,15.7,68.05,71.8,59.51,162.48,88.82,1681.73,1893.02,94.1,716.22,4682.9,128,  GPS,156.2,113.1,115.9,125.3,118,-1.184,       ,14.26,140.8,26,151.1,-0.4,0,   HDG,     TO,-15,7,838.6,     3D,3704,      ,       ,94.5,       ,118.24,4743.7,0,FALSE,1,1681.73,799.91,837.913,-0.06,958.5,TRUE,INITIAL_CLIMB
7/25/2026, 04:59:39,  +00:00,   HKFH,-2.5636609,37.7016144,4431,29.92,4759.3,16.2,118.44,116.65,811.03,6.59,-11.83,-0.02,0.08,175.5,180.1,28.5,15.3,68.05,71.62,59.48,162.42,88.82,1683.23,1888.71,94.06,716.55,4698.3,129,  GPS,156.2,113.1,115.9,125.3,118,-1.19,       ,14.31,140.7,26,151.1,-0.4,0,   HDG,     TO,-15,7,897.6,     3D,3704,      ,       ,94.5,       ,118.44,4759.3,0,FALSE,1,1683.23,811.03,842.706,0.05,974.1,TRUE,INITIAL_CLIMB
7/25/2026, 04:59:40,  +00:00,   HKFH,-2.5641985,37.7016411,4448,29.92,4774.7,16.2,118.13,116.28,834.28,5.97,-14.03,-0.03,0.04,173,177.8,28.5,15,68.05,71.62,59.47,162.36,88.7,1685.16,1883.7,94.09,716.58,4713.7,128,  GPS,156.2,113.1,115.9,125.3,118,-1.196,       ,14.36,140.7,26,151.1,-0.4,0,   HDG,     TO,-15,7,921.3,     3D,3704,      ,       ,94.5,       ,118.13,4774.7,0,FALSE,1,1685.16,834.28,842.426,-0.04,989.5,TRUE,INITIAL_CLIMB
7/25/2026, 04:59:42,  +00:00,   HKFH,-2.5647368,37.7016869,4462,29.92,4789.4,16.2,117.14,116.14,877.54,5.78,-13.41,0,-0.05,171.7,175.3,28.5,15.4,68.05,71.8,59.42,162.3,88.75,1683.35,1887.68,94.08,716.66,4728.7,127,  GPS,156.2,113.1,115.9,125.3,118,-1.201,       ,14.41,140.7,25.9,151,-0.4,0,   HDG,     TO,-15,7,897.6,     3D,3704,      ,       ,94.5,       ,117.14,4789.4,0,FALSE,1,1683.35,877.54,839.009,-0.09,1004.2,TRUE,INITIAL_CLIMB
7/25/2026, 04:59:43,  +00:00,   HKFH,-2.565273,37.7017517,4474,29.92,4802.9,16.2,116.26,116.16,876.98,5.89,-10.81,0,0.01,169.8,173.3,28.5,15.3,68.05,71.97,59.4,162.24,88.82,1683.56,1887.61,94.06,717.01,4742.1,126,  GPS,156.2,113.1,115.9,125.3,118,-1.206,       ,14.44,140.6,25.9,151,-0.4,0,   HDG,     TO,-15,7,811,     3D,3704,      ,       ,94.5,       ,116.26,4802.9,0,FALSE,1,1683.56,876.98,833.785,0.06,1017.7,TRUE,INITIAL_CLIMB
7/25/2026, 04:59:44,  +00:00,   HKFH,-2.5657961,37.7018356,4487,29.92,4815.9,16.2,115.92,116.09,845.4,5.95,-8.64,-0.03,0.1,167.7,171.4,28.5,14.8,68.05,72.32,59.47,162.18,88.85,1681.95,1894.95,94.07,717.21,4754.9,126,  GPS,156.2,113.1,115.9,125.3,118,-1.21,       ,14.45,140.5,25.9,151,-0.4,0,   HDG,     TO,-15,7,783.5,     3D,3704,      ,       ,94.5,       ,115.92,4815.9,0,FALSE,1,1681.95,845.4,830.317,0.09,1030.7,TRUE,INITIAL_CLIMB
7/25/2026, 04:59:45,  +00:00,   HKFH,-2.5663264,37.7019348,4503,29.92,4831.3,16,116.84,115.85,830.69,5.35,-7.81,-0.02,-0.04,166.2,169.8,28.5,14.6,68.05,72.32,59.49,162.12,88.83,1682.34,1892.94,94.07,717.67,4770.3,127,  GPS,156.2,113.1,115.9,125.3,118,-1.214,       ,14.46,140.4,25.8,151,-0.4,0,   HDG,     TO,-14.5,7,901.6,     3D,3704,      ,       ,94.5,       ,116.84,4831.3,0,FALSE,1,1682.34,830.69,826.118,-0.14,1046.1,TRUE,INITIAL_CLIMB
7/25/2026, 04:59:45,  +00:00,   HKFH,-2.5668616,37.7020493,4515,29.92,4846,16,118.1,115.79,830.4,5.33,-7,0.01,-0.01,165.7,168.3,28.5,15.2,68.2,72.67,59.47,162.06,88.74,1683.66,1889.24,94.09,718.16,4785,128,  GPS,156.2,113.1,115.9,125.3,118,-1.217,       ,14.47,140.3,25.8,150.9,-0.4,0,   HDG,     TO,-13.7,7,870.1,     3D,3704,      ,       ,94.5,       ,118.1,4846,0,FALSE,1,1683.66,830.4,817.397,0.03,1060.8,TRUE,INITIAL_CLIMB
7/25/2026, 04:59:46,  +00:00,   HKFH,-2.5673752,37.7021713,4526,29.92,4858.9,16,118.84,115.83,811.97,4.94,-5.9,0,-0.06,164.7,167.3,28.5,15.2,68.2,72.85,59.43,162,88.78,1684.2,1890.89,94.1,718.14,4797.9,129,  GPS,156.2,113.1,115.9,125.3,118,-1.22,       ,14.48,140.2,25.8,150.9,-0.4,0,   HDG,     TO,-13.3,7,791.3,     3D,3704,      ,       ,94.5,       ,118.84,4858.9,0,FALSE,1,1684.2,811.97,801.387,-0.05,1073.7,TRUE,INITIAL_CLIMB
7/25/2026, 04:59:47,  +00:00,   HKFH,-2.567909,37.7023048,4539,29.92,4870.3,16,119.37,115.89,784.97,4.86,-7.36,0,-0.01,163.7,166.2,28.5,15.1,68.34,73.2,59.41,161.94,88.83,1682.8,1892.93,94.07,717.93,4809.3,130,  GPS,156.2,113.1,115.9,125.3,118,-1.223,       ,14.5,140.1,25.7,150.9,-0.4,0,   HDG,     TO,-12.7,7,685,     3D,3704,      ,       ,94.5,       ,119.37,4870.3,0,FALSE,1,1682.8,784.97,775.544,0.05,1085.1,TRUE,INITIAL_CLIMB
7/25/2026, 04:59:48,  +00:00,   HKFH,-2.5684302,37.702446,4550,29.92,4881,16,119.95,115.99,757.92,4.66,-7.6,0,-0.02,162.8,165.1,28.5,14.5,68.64,73.2,59.37,161.88,88.89,1682.02,1891.89,94.08,717.83,4820,130,  GPS,156.2,113.1,115.9,125.3,118,-1.225,       ,14.53,140.2,25.7,150.9,-0.4,0,   HDG,     TO,-12.1,7,645.7,     3D,3704,      ,       ,94.5,       ,119.95,4881,0,FALSE,1,1682.02,757.92,746.828,-0.01,1095.8,TRUE,INITIAL_CLIMB
7/25/2026, 04:59:50,  +00:00,   HKFH,-2.5689483,37.7025948,4560,29.92,4890.9,16,120.39,116.11,723.82,4.58,-8.07,0,-0.04,161.8,163.9,28.5,14.9,68.93,73.02,59.32,161.83,88.87,1680.77,1892.06,94.09,717.68,4829.9,131,  GPS,156.2,113.1,115.9,125.3,118,-1.228,       ,14.57,140.3,25.7,150.9,-0.4,0,   HDG,     TO,-11.5,7,602.4,     3D,3704,      ,       ,94.5,       ,120.39,4890.9,0,FALSE,1,1680.77,723.82,719.441,-0.02,1105.7,TRUE,INITIAL_CLIMB
7/25/2026, 04:59:51,  +00:00,   HKFH,-2.5694532,37.7027588,4568,29.92,4899.3,16,120.67,116.24,674.18,4.79,-7.87,0.02,-0.01,160.7,162.7,28.5,15.2,68.93,73.02,59.3,161.78,88.84,1680.51,1891.79,94.08,717.59,4838.5,131,  GPS,156.2,113.1,115.9,125.3,118,-1.229,       ,14.61,140.4,25.7,150.9,-0.4,0,   HDG,     TO,-10.7,7,531.5,     3D,3704,      ,       ,94.5,       ,120.67,4899.3,0,FALSE,1,1680.51,674.18,692.795,0.03,1114.1,TRUE,INITIAL_CLIMB
7/25/2026, 04:59:52,  +00:00,   HKFH,-2.5699775,37.7029305,4578,29.92,4908.5,16,120.72,116.38,619.11,4.44,-7.64,0.01,-0.01,159,161.6,28.5,15,69.22,72.85,59.32,161.72,88.84,1683.34,1888.44,94.1,717.6,4847.4,131,  GPS,156.2,113.1,115.9,125.3,118,-1.231,       ,14.66,140.6,25.6,150.8,-0.4,0,   HDG,     TO,-7.3,7,523.6,     3D,3704,      ,       ,94.5,       ,120.72,4908.5,0,FALSE,1,1683.34,619.11,663.673,0,1123.3,TRUE,INITIAL_CLIMB
7/25/2026, 04:59:52,  +00:00,   HKFH,-2.5705068,37.7031212,4587,29.92,4918.4,16,120.12,116.71,589.82,3.85,-6.54,0,-0.07,157.2,160.4,28.5,14.2,69.52,72.5,59.35,161.67,88.91,1685.23,1887.59,94.1,717.15,4857.4,131,  GPS,156.2,113.1,115.9,125.3,118,-1.232,       ,14.71,140.8,25.6,150.8,-0.4,0,   HDG,     TO,-3.6,7,563,     3D,3704,      ,       ,94.5,       ,120.12,4918.4,0,FALSE,1,1685.23,589.82,628.93,-0.06,1133.2,TRUE,INITIAL_CLIMB
7/25/2026, 04:59:53,  +00:00,   HKFH,-2.5710158,37.7033195,4596,29.92,4926.4,16,119.39,117.17,571.53,3.38,-5.25,-0.03,-0.12,155.8,159.3,28.5,14.8,69.52,72.32,59.35,161.61,88.92,1686.44,1888.38,94.11,716.73,4865.3,130,  GPS,156.2,113.1,115.9,125.3,118,-1.233,       ,14.75,140.9,25.6,150.8,-0.4,0,   HDG,     TO,-2.4,7,492.1,     3D,3704,      ,       ,94.5,       ,119.39,4926.4,0,FALSE,1,1686.44,571.53,587.695,-0.05,1141.2,TRUE,INITIAL_CLIMB
7/25/2026, 04:59:54,  +00:00,   HKFH,-2.5715036,37.7035179,4605,29.92,4931.7,16,119.2,117.78,564.23,2.42,-2.97,-0.04,-0.08,155.6,158.3,28.5,14.6,69.66,72.15,59.29,161.54,89,1683.11,1893.73,94.08,716.43,4870.8,130,  GPS,156.2,113.1,115.9,125.3,118,-1.233,       ,14.78,141,25.5,150.8,-0.4,0,   HDG,     TO,-1,7,362.2,     3D,3704,      ,       ,94.5,       ,119.2,4931.7,0,FALSE,1,1683.11,564.23,543.486,0.04,1146.5,TRUE,INITIAL_CLIMB
7/25/2026, 04:59:55,  +00:00,   HKFH,-2.5720112,37.7037354,4610,29.92,4935.5,15.8,120.04,118.46,539.18,2.56,-0.78,-0.02,0.01,156,157.4,28.5,14.9,69.52,72.15,59.29,161.48,88.95,1681.71,1894.51,94.11,716.81,4874.4,131,  GPS,156.2,113.1,115.9,125.3,118,-1.234,       ,14.81,140.9,25.5,150.8,-0.4,0,   HDG,     TO,-0.6,7,236.2,     3D,3704,      ,       ,94.5,       ,120.04,4935.5,0,FALSE,1,1681.71,539.18,499.595,0.09,1150.3,TRUE,INITIAL_CLIMB
7/25/2026, 04:59:57,  +00:00,   HKFH,-2.5725412,37.7039566,4612,29.92,4939.3,15.8,121.32,119.22,464.54,2.71,-1.12,-0.01,0.02,155.8,157.1,28.5,14,69.52,72.15,59.27,161.41,88.88,1680.89,1894.15,94.08,716.76,4878.4,132,  GPS,156.2,113.1,115.9,125.3,118,-1.234,       ,14.83,140.9,25.5,150.8,-0.4,0,   HDG,     TO,-1,7,228.3,     3D,3704,      ,       ,94.5,       ,121.32,4939.3,0,FALSE,1,1680.89,464.54,461.066,0.01,1154.1,TRUE,INITIAL_CLIMB
7/25/2026, 04:59:58,  +00:00,   HKFH,-2.5730469,37.704174,4616,29.92,4944.1,15.8,122.66,119.86,372.62,3.03,-1.29,-0.02,0.03,155.5,157,28.5,14.3,69.37,72.15,59.28,161.36,88.92,1681.14,1893.85,94.1,717.12,4883.1,134,  GPS,156.2,113.1,115.9,125.3,118,-1.234,       ,14.86,140.8,25.4,150.8,-0.4,0,   HDG,     TO,-0.6,7,271.7,     3D,3704,      ,       ,94.5,       ,122.66,4944.1,0,FALSE,1,1681.14,372.62,432.813,0.01,1158.9,TRUE,INITIAL_CLIMB
7/25/2026, 04:59:59,  +00:00,   HKFH,-2.5735657,37.7044029,4621,29.92,4950.2,15.8,123.66,120.42,315.83,3.28,-1.35,-0.01,0.03,155.5,156.5,28.5,14.6,69.08,72.15,59.26,161.31,88.91,1681.08,1894.23,94.09,717.19,4889.2,135,  GPS,156.2,113.1,115.9,125.3,118,-1.234,       ,14.89,140.9,25.4,150.8,-0.4,0,   HDG,     TO,-0.2,7,342.5,     3D,3704,      ,       ,94.5,       ,123.66,4950.2,0,FALSE,1,1681.08,315.83,416.542,0,1165,TRUE,INITIAL_CLIMB
7/25/2026, 05:00:00,  +00:00,   HKFH,-2.574079,37.7046318,4626,29.92,4957.5,15.8,124.44,120.83,284.91,3.76,-0.85,-0.01,0.06,155.2,156.2,28.5,14.8,68.78,72.32,59.23,161.26,88.87,1680.6,1893.97,94.11,717.06,4896.4,135,  GPS,156.2,113.1,115.9,125.3,118,-1.234,       ,14.92,140.9,25.4,150.8,-0.4,0,   HDG,     TO,-0.1,7,417.3,     3D,3704,      ,       ,94.5,       ,124.44,4957.5,0,FALSE,1,1680.6,284.91,413.647,0.03,1172.3,TRUE,INITIAL_CLIMB
7/25/2026, 05:00:00,  +00:00,   HKFH,-2.5745716,37.7048569,4634,29.92,4966.4,15.8,125.02,121.04,288.89,4.39,-0.59,-0.01,0.08,154.9,156.1,28.5,13.9,68.49,72.32,59.25,161.21,88.87,1680.57,1894.38,94.11,717.07,4905.4,136,  GPS,156.2,113.1,115.9,125.3,118,-1.234,       ,14.95,141,25.3,150.8,-0.4,1,   HDG,     TO,0.2,7,535.4,     3D,3704,      ,       ,94.5,       ,125.02,4966.4,0,FALSE,1,1680.57,288.89,425.906,0.02,1181.2,TRUE,INITIAL_CLIMB
7/25/2026, 05:00:01,  +00:00,   HKFH,-2.5750837,37.7050858,4643,29.92,4978.1,15.5,125.55,121.04,336.58,5.38,-0.02,-0.01,0.1,154.8,155.9,28.5,14.2,68.49,72.32,59.29,161.16,89.04,1682.23,1893.25,94.1,717.14,4917.4,137,  GPS,156.2,113.1,115.9,125.3,118,-1.234,       ,14.99,141.2,25.3,150.8,-0.4,1,   HDG,     TO,0.5,7,696.9,     3D,3704,      ,       ,94.5,       ,125.55,4978.1,0,FALSE,1,1682.23,336.58,455.796,0.02,1192.9,TRUE,INITIAL_CLIMB
7/25/2026, 05:00:02,  +00:00,   HKFH,-2.5756059,37.7053261,4657,29.92,4994.3,15.5,125.87,120.71,427.11,6.53,0.48,-0.01,0.12,154.7,155.7,28.5,14.3,68.49,72.32,59.29,161.12,88.96,1682.79,1892.23,94.12,717.03,4933.4,137,  GPS,156.2,113.1,115.9,125.3,118,-1.234,       ,15.03,141.4,25.3,150.7,-0.4,1,   HDG,     TO,0.7,7,897.6,     3D,3704,      ,       ,94.5,       ,125.87,4994.3,0,FALSE,1,1682.79,427.11,507.187,0.02,1209.1,TRUE,CLIMB
7/25/2026, 05:00:04,  +00:00,   HKFH,-2.5760899,37.7055511,4672,29.92,5012.9,15.5,125.93,120.03,542.58,7.2,0.93,-0.01,0.08,154.8,155.7,28.5,14.6,68.64,71.8,59.25,161.07,88.98,1682.79,1891.34,94.11,717.08,4952,137,  GPS,156.2,113.1,115.9,125.3,118,-1.234,       ,15.07,141.6,25.2,150.7,-0.4,1,   HDG,     TO,0.8,7,1126,     3D,3704,      ,       ,94.5,       ,125.93,5012.9,0,FALSE,1,1682.79,542.58,579.105,-0.04,1227.7,TRUE,CLIMB
7/25/2026, 05:00:05,  +00:00,   HKFH,-2.5765831,37.7057762,4690,29.92,5034.5,15.5,125.75,119.14,686.82,7.2,0.94,-0.01,0,154.9,155.7,28.5,13.5,68.93,71.27,59.19,161.03,88.94,1683.16,1889.5,94.12,717,4973.6,137,  GPS,156.2,113.1,115.9,125.3,118,-1.233,       ,15.12,141.9,25.2,150.7,-0.4,1,   HDG,     TO,0.7,7,1295.3,     3D,3704,      ,       ,94.5,       ,125.75,5034.5,0,FALSE,1,1683.16,686.82,664.198,-0.08,1249.3,TRUE,CLIMB
7/25/2026, 05:00:06,  +00:00,   HKFH,-2.5770819,37.7060013,4710,29.92,5056.9,15.5,125.23,118.3,838.08,7.04,0.87,-0.01,-0.03,155.1,155.7,28.5,14.2,69.37,70.74,59.11,160.99,88.91,1682.94,1887.24,94.12,716.78,4996,137,  GPS,156.2,113.1,115.9,125.3,118,-1.233,       ,15.18,142.2,25.2,150.7,-0.4,1,   HDG,     TO,0.6,7,1338.6,     3D,3704,      ,       ,94.5,       ,125.23,5056.9,0,FALSE,1,1682.94,838.08,755.592,-0.03,1271.7,TRUE,CLIMB
7/25/2026, 05:00:07,  +00:00,   HKFH,-2.5775886,37.706234,4731,29.92,5079.2,15.5,124.4,117.56,978.45,6.97,0.55,-0.01,-0.03,155.3,155.8,28.5,14,69.81,70.04,59.05,160.96,88.88,1681.94,1886.18,94.1,716.48,5018.3,136,  GPS,156.2,113.1,115.9,125.3,118,-1.233,       ,15.24,142.6,25.1,150.7,-0.4,1,   HDG,     TO,0.3,7,1307.1,     3D,3704,      ,       ,94.5,       ,124.4,5079.2,0,FALSE,1,1681.94,978.45,847.084,0,1294,TRUE,CLIMB
7/25/2026, 05:00:07,  +00:00,   HKFH,-2.5780835,37.706459,4752,29.92,5100.4,15.8,123.48,116.9,1091.8,6.99,0.27,-0.01,-0.02,155.5,155.8,28.5,14.4,70.46,69.29,59.01,160.93,88.89,1680.76,1886.31,94.11,716.41,5039.5,135,  GPS,156.2,113.1,115.9,125.3,118,-1.233,       ,15.3,142.9,25.1,150.7,-0.4,1,   HDG,     TO,0.1,7,1271.7,     3D,3704,      ,       ,94.5,       ,123.48,5100.4,0,FALSE,1,1680.76,1091.8,933.037,0.01,1315.2,TRUE,CLIMB
7/25/2026, 05:00:08,  +00:00,   HKFH,-2.578584,37.7066841,4773,29.92,5121.3,15.8,122.61,116.26,1166.76,6.99,0.08,-0.01,-0.02,155.5,155.8,28.5,13.7,71.15,68.69,58.96,160.91,88.93,1680.18,1885.12,94.12,716.2,5060.4,134,  GPS,156.2,113.1,115.9,125.3,118,-1.233,       ,15.36,143.4,25.1,150.7,-0.4,1,   HDG,     TO,-0.1,7,1240.2,     3D,3704,      ,       ,94.5,       ,122.61,5121.3,0,FALSE,1,1680.18,1166.76,1008.272,0,1336.1,TRUE,CLIMB
7/25/2026, 05:00:10,  +00:00,   HKFH,-2.579073,37.7069092,4792,29.92,5141.1,15.8,121.81,115.66,1198.85,6.95,-0.07,-0.01,-0.02,155.5,155.7,28.5,13.8,71.15,68.69,58.91,160.89,88.93,1679.3,1885.23,94.11,716.2,5080.6,133,  GPS,156.2,113.1,115.9,125.3,118,-1.233,       ,15.41,143.8,25,150.7,-0.4,1,   HDG,     TO,-0.2,7,1212.6,     3D,3704,      ,       ,94.5,       ,121.81,5141.1,0,FALSE,1,1679.3,1198.85,1069.923,0,1355.9,TRUE,CLIMB
7/25/2026, 05:00:10,  +00:00,   HKFH,-2.5795577,37.7071342,4812,29.92,5161,15.8,121.06,115.11,1203.81,6.98,-0.19,-0.01,-0.02,155.4,155.6,28.5,13.9,71.67,68.24,58.88,160.87,88.9,1677.82,1884.34,94.11,716.23,5100.5,132,  GPS,156.2,113.1,115.9,125.3,118,-1.232,       ,15.47,144.3,25,150.7,-0.4,1,   HDG,     TO,-0.2,7,1189,     3D,3704,      ,       ,94.5,       ,121.06,5161,0,FALSE,1,1677.82,1203.81,1114.784,0,1375.8,TRUE,CLIMB
7/25/2026, 05:00:12,  +00:00,   HKFH,-2.5800312,37.7073555,4831,29.92,5180.4,15.8,120.37,114.59,1196.11,6.98,-0.18,-0.01,-0.02,155.3,155.5,28.5,14.1,72.01,67.79,58.82,160.84,88.87,1676.26,1884.23,94.13,716.28,5119.5,132,  GPS,156.2,113.1,115.9,125.3,118,-1.232,       ,15.52,144.8,25,150.7,-0.4,1,   HDG,     TO,-0.1,7,1165.4,     3D,3704,      ,       ,94.5,       ,120.37,5180.4,0,FALSE,1,1676.26,1196.11,1142.549,0,1395.2,TRUE,CLIMB
7/25/2026, 05:00:13,  +00:00,   HKFH,-2.5805116,37.7075768,4850,29.92,5199.3,15.8,119.77,114.08,1179.46,6.98,-0.16,-0.01,-0.01,155.3,155.4,28.5,14,72.36,67.64,58.79,160.8,88.97,1674.81,1884.37,94.1,716.1,5138.4,131,  GPS,156.2,113.1,115.9,125.3,118,-1.232,       ,15.56,145.3,24.9,150.7,-0.4,1,   HDG,     TO,0,7,1141.7,     3D,3704,      ,       ,94.5,       ,119.77,5199.3,0,FALSE,1,1674.81,1179.46,1154.006,0.01,1414.1,TRUE,CLIMB
7/25/2026, 05:00:14,  +00:00,   HKFH,-2.5810254,37.7078133,4868,29.92,5218,15.8,119.28,113.6,1159.09,6.99,-0.09,-0.01,-0.01,155.1,155.3,28.5,13.7,72.7,67.49,58.75,160.76,88.99,1674,1884.88,94.11,716.08,5158.4,130,  GPS,156.2,113.1,115.9,125.3,118,-1.232,       ,15.64,146.4,24.9,150.7,-0.4,1,   HDG,     TO,0.2,7,1122,     3D,3704,      ,       ,94.5,       ,119.28,5218,0,FALSE,1,1674,1159.09,1150.389,0,1432.8,TRUE,CLIMB
7/25/2026, 05:00:14,  +00:00,   HKFH,-2.5814753,37.7080231,4886,29.92,5236.6,15.8,118.9,113.13,1135.43,6.97,0.05,-0.01,-0.01,155,155.2,28.5,13.6,72.7,67.49,58.72,160.71,89,1673.22,1884.42,94.14,716.12,5176,130,  GPS,156.2,113.1,115.9,125.3,118,-1.231,       ,15.64,146.4,24.9,150.7,-0.4,1,   HDG,   ALTS,0.3,7,1106.3,     3D,3704,      ,       ,94.5,       ,118.9,5236.6,0,FALSE,1,1673.22,1135.43,1133.989,0,1451.4,TRUE,CLIMB
7/25/2026, 05:00:15,  +00:00,   HKFH,-2.5819383,37.7082405,4904,29.92,5254.6,15.8,118.58,112.7,1115.73,6.43,0.24,-0.01,-0.06,154.9,155.1,28.5,14.1,72.7,67.49,58.69,160.66,88.96,1672.32,1884.54,94.1,715.97,5193.7,130,  GPS,156.2,113.1,115.9,125.3,118,-1.231,       ,15.68,147,24.8,150.7,-0.4,1,   HDG,   ALTS,0.5,6.2,1086.6,     3D,3704,      ,       ,94.5,       ,118.58,5254.6,0,FALSE,1,1672.32,1115.73,1106.978,-0.05,1469.4,TRUE,CLIMB
7/25/2026, 05:00:16,  +00:00,   HKFH,-2.5824211,37.7084732,4920,29.92,5271,15.8,118.29,112.45,1093.02,5.7,0.49,-0.01,-0.08,155,155,28.5,13.7,72.7,67.64,58.66,160.6,89.01,1671.82,1883.91,94.12,716.06,5210.4,129,  GPS,156.2,113.1,115.9,125.3,118,-1.23,       ,15.72,147.5,24.8,150.7,-0.4,1,   HDG,   ALTS,0.5,5.2,996.1,     3D,3704,      ,       ,94.5,       ,118.29,5271,0,FALSE,1,1671.82,1093.02,1070.032,-0.02,1485.8,TRUE,CLIMB
7/25/2026, 05:00:17,  +00:00,   HKFH,-2.5829048,37.7086983,4935,29.92,5285.3,15.5,117.95,112.45,1055.63,5.16,0.57,0,-0.07,155,155,28.5,13.6,72.7,67.79,58.6,160.55,88.96,1671.34,1883.48,94.11,715.88,5224.6,129,  GPS,156.2,113.1,115.9,125.3,118,-1.23,       ,15.76,148,24.8,150.7,-0.4,1,   HDG,   ALTS,0.5,4.8,858.3,     3D,3704,      ,       ,94.5,       ,117.95,5285.3,0,FALSE,1,1671.34,1055.63,1023.056,0.01,1500.1,TRUE,CLIMB
7/25/2026, 05:00:19,  +00:00,   HKFH,-2.5833688,37.7089195,4949,29.92,5297.1,15.5,117.56,112.63,1002.76,4.67,0.46,-0.01,-0.07,155.1,155,28.5,13.3,72.7,68.09,58.58,160.5,88.97,1670.06,1883.82,94.11,715.68,5236.1,129,  GPS,156.2,113.1,115.9,125.3,118,-1.23,       ,15.8,148.5,24.7,150.7,-0.4,1,   HDG,   ALTS,0.4,4.4,724.4,     3D,3704,      ,       ,94,       ,117.56,5297.1,0,FALSE,1,1670.06,1002.76,966.085,0,1511.9,TRUE,CLIMB
7/25/2026, 05:00:20,  +00:00,   HKFH,-2.5838532,37.7091446,4960,29.92,5306.9,15.5,117.21,112.98,928.74,4.1,0.42,-0.01,-0.06,155.2,155,28.5,13.7,72.7,68.09,58.56,160.46,88.96,1669.21,1884.53,94.12,715.7,5246.2,128,  GPS,156.2,113.1,115.9,125.3,118,-1.23,       ,15.84,149.1,24.7,150.6,-0.4,1,   HDG,    ALT,0.2,3.8,606.3,     3D,3704,      ,       ,94,       ,117.21,5306.9,0,FALSE,1,1669.21,928.74,891.168,0.01,1521.7,TRUE,CLIMB
7/25/2026, 05:00:21,  +00:00,   HKFH,-2.5843298,37.7093735,4968,29.92,5314.7,15.5,116.95,113.5,834.35,3.63,0.32,0,-0.05,155.3,155,28.5,14,72.7,68.24,58.51,160.42,88.94,1667.03,1884.94,94.1,715.76,5254,128,  GPS,156.2,113.1,115.9,125.3,118,-1.229,       ,15.86,149.6,24.7,150.6,-0.4,1,   HDG,    ALT,0.1,3.4,492.1,     3D,3704,      ,       ,94,       ,116.95,5314.7,0,FALSE,1,1667.03,834.35,809.858,0.01,1529.5,TRUE,CLIMB
7/25/2026, 05:00:21,  +00:00,   HKFH,-2.5848014,37.7095947,4976,29.92,5321.1,15.5,116.89,114.14,726.35,3.22,0.21,0,-0.05,155.3,155,28.5,13.4,72.7,68.39,58.52,160.37,89.03,1665.98,1886.65,94.1,715.81,5260.2,128,  GPS,156.2,113.1,115.9,125.3,118,-1.229,       ,15.88,150.1,24.7,150.6,-0.4,1,   HDG,    ALT,0,3.1,397.6,     3D,3704,      ,       ,94,       ,116.89,5321.1,0,FALSE,1,1665.98,726.35,723.116,0,1535.9,TRUE,CLIMB
7/25/2026, 05:00:22,  +00:00,   HKFH,-2.5853121,37.7098351,4982,29.92,5326.6,15.5,117.13,114.9,609.75,2.85,-0.07,0,-0.04,155.3,155,28.5,13.4,72.7,68.54,58.52,160.34,89.04,1665.16,1888.46,94.1,715.87,5265.7,128,  GPS,156.2,113.1,115.9,125.3,118,-1.228,       ,15.88,150.6,24.6,150.6,-0.4,1,   HDG,    ALT,-0.1,2.7,318.9,     3D,3704,      ,       ,94,       ,117.13,5326.6,0,FALSE,1,1665.16,609.75,632.757,0.01,1541.4,TRUE,CLIMB
7/25/2026, 05:00:24,  +00:00,   HKFH,-2.586271,37.710289,4989,29.92,5332.8,15.5,118.34,116.53,409.92,2.55,0.02,0,-0.01,155.5,155,28.5,14,72.7,68.84,58.48,160.27,88.98,1662.72,1890.49,94.12,715.68,5271.9,130,  GPS,156.2,113.1,115.9,125.3,118,-1.228,       ,15.86,151.6,24.6,150.6,-0.4,1,   HDG,    ALT,-0.3,2.5,169.3,     3D,3704,      ,       ,94,       ,118.34,5332.8,0,FALSE,1,1662.72,409.92,541.756,0.03,1547.6,TRUE,CLIMB
7/25/2026, 05:00:26,  +00:00,   HKFH,-2.5867636,37.7105217,4991,29.92,5335,15.5,119.13,117.39,322.33,2.37,-0.1,0.01,-0.02,155.6,155,28.5,13.2,72.53,68.84,58.51,160.24,89.03,1662.87,1891.37,94.1,715.62,5274.1,131,  GPS,156.2,113.1,115.9,125.3,118,-1.227,       ,15.84,152.1,24.5,150.6,-0.4,1,   HDG,    ALT,-0.4,2.4,141.7,     3D,3704,      ,       ,94,       ,119.13,5335,0,FALSE,1,1662.87,322.33,452.621,-0.01,1549.8,TRUE,CLIMB
7/25/2026, 05:00:27,  +00:00,   HKFH,-2.5872629,37.7107544,4993,29.92,5336.9,15.5,119.93,118.22,248.31,2.19,-0.21,0.01,0,155.6,155,28.5,13,72.18,69.14,58.54,160.21,89.07,1663.08,1891.91,94.13,715.59,5275.9,131,  GPS,156.2,113.1,115.9,125.3,118,-1.227,       ,15.81,152.6,24.5,150.6,-0.4,1,   HDG,    ALT,-0.6,2.2,110.2,     3D,3704,      ,       ,94,       ,119.93,5336.9,0,FALSE,1,1663.08,248.31,368.098,0.02,1551.7,TRUE,CLIMB
7/25/2026, 05:00:28,  +00:00,   HKFH,-2.5877635,37.7109909,4994,29.92,5338.4,15.5,120.67,119.12,189.43,1.98,-0.43,0.01,-0.01,155.6,155,28.5,13.2,72.01,69.29,58.52,160.19,89,1662.63,1891.84,94.11,715.65,5277.5,132,  GPS,156.2,113.1,115.9,125.3,118,-1.226,       ,15.78,153.1,24.5,150.6,-0.4,1,   HDG,    ALT,-0.7,2,94.5,     3D,3704,      ,       ,94,       ,120.67,5338.4,0,FALSE,1,1662.63,189.43,291.171,-0.01,1553.2,TRUE,CRUISE
7/25/2026, 05:00:28,  +00:00,   HKFH,-2.5882692,37.711235,4995,29.92,5339.7,15.2,121.33,120.03,145.62,1.8,-0.71,0.01,-0.01,155.6,155,28.5,13.9,72.01,69.59,58.52,160.17,89.06,1663.26,1892.46,94.1,715.6,5278.8,133,  GPS,156.2,113.1,115.9,125.3,118,-1.226,       ,15.74,153.6,24.4,150.6,-0.4,1,   HDG,    ALT,-0.7,1.8,78.7,     3D,3704,      ,       ,94,       ,121.33,5339.7,0,FALSE,1,1663.26,145.62,223.592,0,1554.5,TRUE,CRUISE
7/25/2026, 05:00:29,  +00:00,   HKFH,-2.588778,37.7114716,4996,29.92,5341,15.2,121.93,120.97,111.41,1.69,-0.83,0.01,0,155.5,155,28.5,12.9,71.5,70.04,58.53,160.15,89.07,1663.89,1893.07,94.13,715.57,5280.1,134,  GPS,156.2,113.1,115.9,125.3,118,-1.226,       ,15.7,154.1,24.4,150.6,-0.4,1,   HDG,    ALT,-0.7,1.7,59.1,     3D,3704,      ,       ,94,       ,121.93,5341,0,FALSE,1,1663.89,111.41,166.645,0.01,1555.8,TRUE,CRUISE
7/25/2026, 05:00:30,  +00:00,   HKFH,-2.5893099,37.7117233,4997,29.92,5342,15.2,122.61,121.9,83.51,1.57,-0.78,0.01,0,155.4,154.9,28.5,12.7,71.15,70.39,58.53,160.13,89.11,1664.15,1893.74,94.11,715.56,5281.1,134,  GPS,156.2,113.1,115.9,125.3,118,-1.225,       ,15.65,154.6,24.4,150.6,-0.4,1,   HDG,    ALT,-0.7,1.5,51.2,     3D,3704,      ,       ,94,       ,122.61,5342,0,FALSE,1,1664.15,83.51,128.672,0,1556.8,TRUE,CRUISE
7/25/2026, 05:00:31,  +00:00,   HKFH,-2.589817,37.7119598,4997,29.92,5342.8,15.2,123.24,122.83,65.08,1.49,-0.66,0.01,0,155.4,154.9,28.5,13.1,70.46,70.39,58.57,160.11,89.04,1664.73,1894.9,94.12,715.58,5281.9,135,  GPS,156.2,113.1,115.9,125.3,118,-1.225,       ,15.59,155.1,24.3,150.6,-0.4,1,   HDG,    ALT,-0.6,1.4,43.3,     3D,3704,      ,       ,94,       ,123.24,5342.8,0,FALSE,1,1664.73,65.08,98.679,0,1557.6,TRUE,CRUISE
7/25/2026, 05:00:33,  +00:00,   HKFH,-2.5903158,37.712204,4998,29.92,5343.4,15.2,124.03,123.73,50.56,1.43,-0.57,0.01,0,155.4,154.8,28.5,13.3,69.96,71.09,58.57,160.1,89.08,1665.38,1894.91,94.13,715.46,5282.5,136,  GPS,156.2,113.1,115.9,125.3,118,-1.224,       ,15.53,155.6,24.3,150.6,-0.4,1,   HDG,    ALT,-0.6,1.4,35.4,     3D,3704,      ,       ,94,       ,124.03,5343.4,0,FALSE,1,1665.38,50.56,75.707,0,1558.2,TRUE,CRUISE
7/25/2026, 05:00:34,  +00:00,   HKFH,-2.5908387,37.7124519,4998,29.92,5343.6,15.2,124.9,124.6,40.28,1.36,-0.55,0.01,0,155.4,154.8,28.5,12.8,69.96,71.62,58.61,160.08,89.05,1666.03,1895.69,94.13,715.3,5282.7,137,  GPS,156.2,113.1,115.9,125.3,118,-1.224,       ,15.47,156.1,24.3,150.6,-0.4,1,   HDG,    ALT,-0.6,1.3,27.6,     3D,3704,      ,       ,94,       ,124.9,5343.6,0,FALSE,1,1666.03,40.28,58.462,0,1558.4,TRUE,CRUISE
7/25/2026, 05:00:35,  +00:00,   HKFH,-2.5913758,37.7127037,4998,29.92,5344.1,15.2,125.84,125.44,30.19,1.27,-0.63,0.01,0.01,155.4,154.8,28.5,12.8,69.52,72.32,58.63,160.05,89.07,1667.25,1895.29,94.12,715.43,5283.2,138,  GPS,156.2,113.1,115.9,125.3,118,-1.223,       ,15.4,156.5,24.2,150.6,-0.4,1,   HDG,    ALT,-0.7,1.2,27.6,     3D,3704,      ,       ,94,       ,125.84,5344.1,0,FALSE,1,1667.25,30.19,45.536,0.01,1558.9,TRUE,CRUISE
7/25/2026, 05:00:35,  +00:00,   HKFH,-2.5918975,37.7129555,4998,29.92,5344.5,15.2,126.76,126.25,22.4,1.22,-0.71,0.01,0,155.3,154.6,28.5,12.6,68.93,72.85,58.63,160.03,89.15,1668.46,1894.81,94.13,715.51,5283.6,139,  GPS,156.2,113.1,115.9,125.3,118,-1.223,       ,15.33,156.9,24.2,150.6,-0.4,1,   HDG,    ALT,-0.7,1.2,23.6,     3D,3704,      ,       ,94,       ,126.76,5344.5,0,FALSE,1,1668.46,22.4,35.493,-0.01,1559.3,TRUE,CRUISE
7/25/2026, 05:00:36,  +00:00,   HKFH,-2.5924399,37.7132149,4998,29.92,5344.9,15,127.57,127.07,18.59,1.13,-0.73,0.01,0.01,155.3,154.7,28.5,13.5,68.49,73.55,58.65,160.01,89.05,1669.19,1895.03,94.13,715.49,5284,140,  GPS,156.2,113.1,115.9,125.3,118,-1.222,       ,15.27,157.3,24.1,150.6,-0.4,1,   HDG,    ALT,-0.7,1.1,23.6,     3D,3704,      ,       ,94,       ,127.57,5344.9,0,FALSE,1,1669.19,18.59,27.367,0.01,1559.7,TRUE,CRUISE
7/25/2026, 05:00:37,  +00:00,   HKFH,-2.5929658,37.7134666,4999,29.92,5345.5,15,128.25,127.87,16.98,0.99,-0.68,0.01,0,155.3,154.7,28.5,12.6,68.05,74.07,58.66,159.98,89.08,1669.6,1895.37,94.13,715.32,5284.6,140,  GPS,156.2,113.1,115.9,125.3,118,-1.222,       ,15.2,157.7,24.1,150.5,-0.4,1,   HDG,    ALT,-0.7,1,27.6,     3D,3704,      ,       ,94,       ,128.25,5345.5,0,FALSE,1,1669.6,16.98,20.946,-0.01,1560.3,TRUE,CRUISE
7/25/2026, 05:00:38,  +00:00,   HKFH,-2.5935171,37.7137299,4999,29.92,5345.7,15,128.9,128.68,16.36,0.92,-0.59,0.01,0,155.3,154.7,28.5,12.5,68.05,74.07,58.63,159.94,89.11,1669.37,1895.42,94.13,715.34,5284.8,141,  GPS,156.2,113.1,115.9,125.3,118,-1.221,       ,15.13,158.1,24.1,150.5,-0.4,1,   HDG,    ALT,-0.7,0.9,15.7,     3D,3704,      ,       ,94,       ,128.9,5345.7,0,FALSE,1,1669.37,16.36,15.922,0,1560.5,TRUE,CRUISE
7/25/2026, 05:00:40,  +00:00,   HKFH,-2.5940785,37.7140007,4999,29.92,5345.9,15,129.66,129.44,10.98,0.89,-0.6,0.01,0,155.3,154.7,28.5,12.3,67.61,74.6,58.63,159.9,89.08,1669.78,1895.47,94.14,715.15,5285,142,  GPS,156.2,113.1,115.9,125.3,118,-1.221,       ,15.07,158.5,24,150.5,-0.4,1,   HDG,    ALT,-0.8,0.8,11.8,     3D,3704,      ,       ,94,       ,129.66,5345.9,0,FALSE,1,1669.78,10.98,11.426,0,1560.7,TRUE,CRUISE
7/25/2026, 05:00:42,  +00:00,   HKFH,-2.595155,37.7145195,4999,29.92,5346.3,15,131.03,130.94,2.25,0.78,-0.73,0.02,0,155.5,154.6,28.5,12.5,66.73,75.3,58.65,159.81,89.08,1670.3,1895.08,94.12,715.09,5285.4,143,  GPS,156.2,113.1,115.9,125.3,118,-1.22,       ,14.94,159.2,24,150.5,-0.4,1,   HDG,    ALT,-1.1,0.8,7.9,     3D,3704,      ,       ,94,       ,131.03,5346.3,0,FALSE,1,1670.3,2.25,7.347,0,1561.1,TRUE,CRUISE
7/25/2026, 05:00:42,  +00:00,   HKFH,-2.5957191,37.7147865,4998,29.92,5346.5,15,131.71,131.64,0.87,0.79,-0.94,0.02,0,155.6,154.6,28.5,12.4,66.14,75.83,58.66,159.77,89.15,1670.14,1895.3,94.15,715.15,5285.6,144,  GPS,156.2,113.1,115.9,125.3,118,-1.219,       ,14.88,159.5,23.9,150.5,-0.4,1,   HDG,    ALT,-1.2,0.8,7.9,     3D,3704,      ,       ,94,       ,131.71,5346.5,0,FALSE,1,1670.14,0.87,3.733,0,1561.3,TRUE,CRUISE
7/25/2026, 05:00:43,  +00:00,   HKFH,-2.596271,37.7150536,4998,29.92,5346.4,15,132.33,132.28,0.32,0.81,-1.25,0.02,0,155.5,154.6,28.5,12.2,65.71,76.18,58.66,159.72,89.16,1670.62,1895.98,94.14,715.17,5285.5,145,  GPS,156.2,113.1,115.9,125.3,118,-1.219,       ,14.82,159.9,23.9,150.5,-0.4,1,   HDG,    ALT,-1.3,0.8,-7.9,     3D,3704,      ,       ,94,       ,132.33,5346.4,0,FALSE,1,1670.62,0.32,0.909,0,1561.2,TRUE,CRUISE
7/25/2026, 05:00:44,  +00:00,   HKFH,-2.5968285,37.7153244,4998,29.92,5346.2,15,132.95,132.9,-4.68,0.89,-1.35,0.02,0.01,155.4,154.6,28.5,12.9,65.71,76.18,58.66,159.66,89.18,1671.42,1895.83,94.14,715.2,5285.3,146,  GPS,156.2,113.1,115.9,125.3,118,-1.218,       ,14.76,160.2,23.9,150.5,-0.4,1,   HDG,    ALT,-1.2,0.8,-11.8,     3D,3704,      ,       ,94,       ,132.95,5346.2,0,FALSE,1,1671.42,-4.68,-1.214,0.01,1561,TRUE,CRUISE
7/25/2026, 05:00:46,  +00:00,   HKFH,-2.5973856,37.7155914,4998,29.92,5346.2,15,133.66,133.46,-10.6,0.9,-1.36,0.01,0.01,155.3,154.5,28.5,12.3,65.12,76.7,58.69,159.61,89.17,1671.86,1895.83,94.13,715.39,5285.3,146,  GPS,156.2,113.1,115.9,125.3,118,-1.217,       ,14.71,160.6,23.8,150.5,-0.4,1,   HDG,    ALT,-1.1,0.9,-3.9,     3D,3704,      ,       ,94,       ,133.66,5346.2,0,FALSE,1,1671.86,-10.6,-1.927,0,1561,TRUE,CRUISE
7/25/2026, 05:00:47,  +00:00,   HKFH,-2.5979471,37.7158623,4998,29.92,5346.4,15,134.38,133.99,-13.74,0.89,-1.29,0.01,0,155.2,154.4,28.5,12,64.53,77.05,58.68,159.55,89.2,1672.52,1895.55,94.13,715.34,5285.4,147,  GPS,156.2,113.1,115.9,125.3,118,-1.217,       ,14.66,160.9,23.8,150.5,-0.4,1,   HDG,    ALT,-1,0.9,3.9,     3D,3704,      ,       ,94,       ,134.38,5346.4,0,FALSE,1,1672.52,-13.74,-1.778,-0.01,1561.2,TRUE,CRUISE
7/25/2026, 05:00:48,  +00:00,   HKFH,-2.5985096,37.7161369,4998,29.92,5346.4,15,135.03,134.48,-9.65,0.88,-0.94,0.01,0.01,155.1,154.3,28.5,12.1,63.95,77.76,58.71,159.49,89.25,1674.06,1894.88,94.13,715.15,5285.5,148,  GPS,156.2,113.1,115.9,125.3,118,-1.216,       ,14.62,161.2,23.7,150.5,-0.4,1,   HDG,    ALT,-0.8,0.9,0,     3D,3704,      ,       ,94,       ,135.03,5346.4,0,FALSE,1,1674.06,-9.65,-0.986,0.01,1561.2,TRUE,CRUISE
7/25/2026, 05:00:49,  +00:00,   HKFH,-2.5991294,37.7164383,4998,29.92,5346.4,14.8,135.58,135.04,-4.25,0.85,-0.92,0.01,0.01,154.9,154.3,28.5,12.9,63.36,78.28,58.72,159.42,89.21,1675.63,1895.23,94.15,714.9,5285.5,148,  GPS,156.2,113.1,115.9,125.3,118,-1.215,       ,14.56,161.8,23.7,150.5,-0.4,1,   HDG,    ALT,-0.7,0.8,0,     3D,3704,      ,       ,94,       ,135.58,5346.4,0,FALSE,1,1675.63,-4.25,-0.357,0,1561.2,TRUE,CRUISE
7/25/2026, 05:00:50,  +00:00,   HKFH,-2.600215,37.7169685,4998,29.92,5346.7,14.8,136.41,135.89,9.23,0.64,-0.75,0.01,0,154.7,154.2,28.5,12.1,62.77,78.98,58.77,159.3,89.28,1678.62,1895.12,94.15,714.81,5285.8,149,  GPS,156.2,113.1,115.9,125.3,118,-1.214,       ,14.53,162,23.6,150.5,-0.4,1,   HDG,    ALT,-0.3,0.6,7.9,     3D,3704,      ,       ,94,       ,136.41,5346.7,0,FALSE,1,1678.62,9.23,-0.041,-0.01,1561.5,TRUE,CRUISE
7/25/2026, 05:00:51,  +00:00,   HKFH,-2.6007755,37.7172432,4998,29.92,5346.5,14.8,136.75,136.36,12.47,0.63,-0.38,0.01,0.01,154.7,154.1,28.5,11.7,62.19,79.86,58.79,159.24,89.2,1679.17,1894.73,94.14,714.67,5285.6,150,  GPS,156.2,113.1,115.9,125.3,118,-1.213,-2.683,14.51,162.2,23.6,150.5,-0.4,1,   HDG,    ALT,-0.2,0.6,-3.9,     3D,3704,      ,       ,94,       ,136.75,5346.5,0,FALSE,1,1679.17,12.47,0.581,0.01,1561.3,TRUE,CRUISE
7/25/2026, 05:00:53,  +00:00,   HKFH,-2.6013379,37.7175217,4999,29.92,5346.5,14.8,137.1,136.85,10.17,0.56,-0.09,0.01,0.01,154.6,154.1,28.5,12.3,61.75,80.28,58.82,159.17,89.28,1680.06,1895.23,94.15,714.95,5285.5,150,  GPS,156.2,113.1,115.9,125.3,118,-1.213,-2.674,14.49,162.3,23.6,150.5,-0.4,1,   HDG,    ALT,-0.1,0.5,3.9,     3D,3704,      ,       ,94,       ,137.1,5346.5,0,FALSE,1,1680.06,10.17,1.699,0,1561.3,TRUE,CRUISE
7/25/2026, 05:00:54,  +00:00,   HKFH,-2.6019099,37.717804,4999,29.92,5346.5,14.8,137.47,137.31,7.16,0.51,-0.05,0.01,-0.01,154.6,154.1,28.5,12,61.31,80.8,58.84,159.11,89.25,1680.69,1895.72,94.16,715.18,5285.6,150,  GPS,156.2,113.1,115.9,125.3,118,-1.212,-2.666,14.47,162.5,23.5,150.5,-0.4,1,   HDG,    ALT,-0.1,0.5,3.9,     3D,3704,      ,       ,94,       ,137.47,5346.5,0,FALSE,1,1680.69,7.16,3.096,-0.02,1561.3,TRUE,CRUISE
7/25/2026, 05:00:55,  +00:00,   HKFH,-2.6024985,37.7180901,4998,29.92,5346.4,14.8,137.99,137.76,3.48,0.53,-0.05,0.01,0.01,154.7,154.1,28.5,11.8,60.87,81.18,58.8,159.03,89.22,1679.83,1895.65,94.13,715,5285.5,151,  GPS,156.2,113.1,115.9,125.3,118,-1.211,-2.789,14.44,162.6,23.5,150.4,-0.4,1,   HDG,    ALT,-0.2,0.5,-3.9,     3D,3704,      ,       ,94,       ,137.99,5346.4,0,FALSE,1,1679.83,3.48,4.069,0.02,1561.2,TRUE,CRUISE
7/25/2026, 05:00:56,  +00:00,   HKFH,-2.6030629,37.7183723,4998,29.92,5346.6,14.8,138.46,138.19,1.54,0.48,-0.08,0.01,0.01,154.8,154.2,28.5,11.5,60.57,81.44,58.82,158.95,89.32,1680.45,1895.7,94.17,714.64,5285.7,152,  GPS,156.2,113.1,115.9,125.3,118,-1.21,-2.765,14.43,162.6,23.4,150.4,-0.4,1,   HDG,    ALT,-0.2,0.5,3.9,     3D,3704,      ,       ,94,       ,138.46,5346.6,0,FALSE,1,1680.45,1.54,4.496,0,1561.4,TRUE,CRUISE
7/25/2026, 05:00:56,  +00:00,   HKFH,-2.6036532,37.7186584,4999,29.92,5347,14.8,139,138.6,0.58,0.4,-0.14,0.01,-0.01,154.8,154.2,28.5,12.1,60.57,81.44,58.83,158.87,89.25,1680.74,1894.97,94.16,714.49,5286,152,  GPS,156.2,113.1,115.9,125.3,118,-1.21,-2.741,14.41,162.7,23.4,150.4,-0.4,1,   HDG,    ALT,-0.3,0.4,19.7,     3D,3704,      ,       ,94,       ,139,5347,0,FALSE,1,1680.74,0.58,2.923,-0.02,1561.8,TRUE,CRUISE
7/25/2026, 05:00:57,  +00:00,   HKFH,-2.6042244,37.7189331,4999,29.92,5346.8,14.8,139.3,139.02,0.23,0.42,-0.25,0.01,-0.01,154.9,154.3,28.5,11.9,60.28,81.7,58.76,158.79,89.25,1680.23,1894.31,94.15,714.36,5285.9,152,  GPS,156.2,113.1,115.9,125.3,118,-1.209,-2.717,14.4,162.7,23.4,150.4,-0.4,1,   HDG,    ALT,-0.4,0.4,0,     3D,3704,      ,       ,94,       ,139.3,5346.8,0,FALSE,1,1680.23,0.23,0.35,0,1561.6,TRUE,CRUISE
7/25/2026, 05:00:58,  +00:00,   HKFH,-2.6048057,37.719223,4998,29.92,5346.3,14.8,139.49,139.53,0.08,0.55,-0.43,0.01,0.01,154.9,154.3,28.5,11.6,59.99,81.83,58.79,158.71,89.28,1679.85,1895.28,94.15,714.48,5285.4,153,  GPS,156.2,113.1,115.9,125.3,118,-1.208,-2.692,14.39,162.7,23.3,150.4,-0.4,1,   HDG,    ALT,-0.5,0.5,-27.6,     3D,3704,      ,       ,94,       ,139.49,5346.3,0,FALSE,1,1679.85,0.08,-1.843,0.02,1561.1,TRUE,CRUISE
7/25/2026, 05:01:00,  +00:00,   HKFH,-2.6053901,37.7195053,4998,29.92,5346.2,14.8,139.69,139.78,0.02,0.57,-0.56,0.02,0,154.9,154.3,28.5,11.4,59.99,81.96,58.8,158.63,89.33,1679.9,1895.55,94.15,714.75,5285.2,153,  GPS,156.2,113.1,115.9,125.3,118,-1.207,-2.674,14.37,162.7,23.3,150.4,-0.4,1,   HDG,    ALT,-0.5,0.6,-11.8,     3D,3704,      ,       ,94,       ,139.69,5346.2,0,FALSE,1,1679.9,0.02,-2.978,-0.01,1561,TRUE,CRUISE
7/25/2026, 05:01:01,  +00:00,   HKFH,-2.6059859,37.7197952,4997,29.92,5345.9,14.8,139.97,140.09,-6.5,0.77,-0.46,0.01,0.01,154.8,154.3,28.5,11.8,59.85,81.96,58.8,158.55,89.33,1678.92,1897.17,94.16,714.59,5285,153,  GPS,156.2,113.1,115.9,125.3,118,-1.207,-2.655,14.35,162.7,23.2,150.4,-0.4,1,   HDG,    ALT,-0.4,0.7,-15.7,     3D,3704,      ,       ,94,       ,139.97,5345.9,0,FALSE,1,1678.92,-6.5,-2.763,0.01,1560.7,TRUE,CRUISE
7/25/2026, 05:01:02,  +00:00,   HKFH,-2.606575,37.7200775,4997,29.92,5345.9,14.8,140.47,140.31,-13.26,0.81,-0.53,0.01,0.02,154.7,154.3,28.5,12,59.85,81.96,58.84,158.47,89.29,1681.15,1895.86,94.14,714.66,5284.8,154,  GPS,156.2,113.1,115.9,125.3,118,-1.206,-2.64,14.33,162.7,23.2,150.4,-0.4,1,   HDG,    ALT,-0.3,0.8,-7.9,     3D,3704,      ,       ,94,       ,140.47,5345.9,0,FALSE,1,1681.15,-13.26,-1.811,0.01,1560.7,TRUE,CRUISE
7/25/2026, 05:01:02,  +00:00,   HKFH,-2.6071463,37.720356,4998,29.92,5346.3,14.8,140.94,140.5,-11.76,0.71,-0.6,0,0,154.6,154.3,28.5,11.6,59.85,82.08,58.81,158.39,89.33,1681.36,1895.31,94.14,714.62,5285.2,154,  GPS,156.2,113.1,115.9,125.3,118,-1.205,-2.624,14.32,162.7,23.2,150.4,-0.4,1,   HDG,    ALT,-0.1,0.7,11.8,     3D,3704,      ,       ,94,       ,140.94,5346.3,0,FALSE,1,1681.36,-11.76,-1.899,-0.02,1561.1,TRUE,CRUISE
7/25/2026, 05:01:03,  +00:00,   HKFH,-2.6077204,37.7206383,4998,29.92,5346.3,14.8,141.4,140.7,-4.19,0.69,-0.44,0,0,154.6,154.3,28.5,11.3,59.85,82.08,58.83,158.32,89.3,1682.29,1895.25,94.16,714.71,5285.2,155,  GPS,156.2,113.1,115.9,125.3,118,-1.205,-2.609,14.31,162.6,23.1,150.4,-0.4,1,   HDG,    ALT,-0.1,0.7,0,     3D,3704,      ,       ,94,       ,141.4,5346.3,0,FALSE,1,1682.29,-4.19,-3.528,0,1561.1,TRUE,CRUISE
7/25/2026, 05:01:04,  +00:00,   HKFH,-2.6083224,37.7209358,4998,29.92,5346.2,14.8,141.71,140.89,5.63,0.7,-0.27,0,0,154.5,154.2,28.5,11.2,59.85,82.08,58.81,158.24,89.37,1682.48,1895.1,94.15,714.62,5285.1,155,  GPS,156.2,113.1,115.9,125.3,118,-1.204,-2.594,14.3,162.5,23.1,150.4,-0.4,1,   HDG,    ALT,0.1,0.7,-7.9,     3D,3704,      ,       ,94,       ,141.71,5346.2,0,FALSE,1,1682.48,5.63,-6.221,0,1561,TRUE,CRUISE
7/25/2026, 05:01:06,  +00:00,   HKFH,-2.6089294,37.7212296,4998,29.92,5346,14.8,141.92,141.08,11.06,0.71,0.02,0,0,154.5,154.2,28.5,11.8,59.72,82.08,58.82,158.16,89.34,1682.24,1895.32,94.15,714.33,5284.9,155,  GPS,156.2,113.1,115.9,125.3,118,-1.203,-2.579,14.3,162.4,23.1,150.4,-0.4,1,   HDG,    ALT,0.1,0.7,-15.7,     3D,3704,      ,       ,93.5,       ,141.92,5346,0,FALSE,1,1682.24,11.06,-8.476,0,1560.8,TRUE,CRUISE
7/25/2026, 05:01:08,  +00:00,   HKFH,-2.6100912,37.7217979,4997,29.92,5345.2,14.8,142.19,141.41,-0.3,0.88,0.44,0.01,0.01,154.7,154.2,28.5,11.2,59.72,81.96,58.89,158.01,89.42,1684.13,1897.2,94.16,714.31,5284.1,156,  GPS,156.2,113.1,115.9,125.3,118,-1.202,-2.551,14.3,162.1,23,150.4,-0.4,1,   HDG,    ALT,0.2,0.9,-27.6,     3D,3704,      ,       ,93.5,       ,142.19,5345.2,0,FALSE,1,1684.13,-0.3,-8.622,0.01,1560,TRUE,CRUISE
7/25/2026, 05:01:09,  +00:00,   HKFH,-2.6107039,37.7220955,4996,29.92,5345,14.8,142.53,141.49,-16.06,0.93,0.45,0.01,0.02,154.6,154.3,28.5,10.9,59.72,81.83,58.92,157.94,89.38,1686.27,1896.34,94.16,714.26,5283.9,156,  GPS,156.2,113.1,115.9,125.3,118,-1.201,-2.542,14.3,161.9,22.9,150.4,-0.4,1,   HDG,    ALT,0,0.9,-11.8,     3D,3704,      ,       ,93.5,       ,142.53,5345,0,FALSE,1,1686.27,-16.06,-6.801,0.01,1559.8,TRUE,CRUISE
7/25/2026, 05:01:09,  +00:00,   HKFH,-2.6112745,37.722374,4996,29.92,5345.4,14.8,142.93,141.55,-26.85,0.94,0.16,0.01,0.01,154.7,154.4,28.5,11.6,59.72,81.7,58.92,157.86,89.42,1686.94,1895.72,94.16,714.13,5284.3,156,  GPS,156.2,113.1,115.9,125.3,118,-1.2,-2.531,14.32,161.8,22.9,150.4,-0.4,1,   HDG,    ALT,0,1,15.7,     3D,3704,      ,       ,93.5,       ,142.93,5345.4,0,FALSE,1,1686.94,-26.85,-3.914,-0.01,1560.2,TRUE,CRUISE
7/25/2026, 05:01:10,  +00:00,   HKFH,-2.6118786,37.7226639,4997,29.92,5346,14.8,143.26,141.59,-22.53,0.82,-0.18,0,0,154.7,154.5,28.5,11.3,59.72,81.57,58.93,157.78,89.43,1687.71,1895.02,94.15,714.08,5284.9,157,  GPS,156.2,113.1,115.9,125.3,118,-1.2,-2.521,14.34,161.6,22.9,150.3,-0.4,1,   HDG,    ALT,0,0.9,31.5,     3D,3704,      ,       ,93.5,       ,143.26,5346,0,FALSE,1,1687.71,-22.53,-1.575,-0.01,1560.8,TRUE,CRUISE
7/25/2026, 05:01:11,  +00:00,   HKFH,-2.6124589,37.7229424,4997,29.92,5346.4,14.8,143.45,141.65,-7.96,0.75,-0.14,0.01,0,154.6,154.5,28.5,10.9,59.72,81.44,58.92,157.7,89.42,1687.56,1894.86,94.16,713.86,5285.3,157,  GPS,156.2,113.1,115.9,125.3,118,-1.199,-2.51,14.37,161.4,22.8,150.3,-0.4,1,   HDG,    ALT,0,0.8,35.4,     3D,3704,      ,       ,93.5,       ,143.45,5346.4,0,FALSE,1,1687.56,-7.96,-1.23,0,1561.2,TRUE,CRUISE
7/25/2026, 05:01:13,  +00:00,   HKFH,-2.6130395,37.7232285,4998,29.92,5346.7,14.8,143.57,141.73,4.95,0.76,-0.18,0,0,154.5,154.5,28.5,10.6,59.58,81.31,58.94,157.62,89.46,1688.13,1895.2,94.18,713.79,5285.6,157,  GPS,156.2,113.1,115.9,125.3,118,-1.199,-2.498,14.4,161.2,22.8,150.3,-0.4,1,   HDG,    ALT,0.1,0.7,23.6,     3D,3704,      ,       ,93.5,       ,143.57,5346.7,0,FALSE,1,1688.13,4.95,-2.191,0,1561.5,TRUE,CRUISE
7/25/2026, 05:01:14,  +00:00,   HKFH,-2.6136365,37.7235107,4998,29.92,5346.8,14.8,143.62,141.8,17.11,0.78,0,0.01,-0.01,154.6,154.5,28.5,11,59.58,81.31,58.93,157.54,89.36,1688.64,1895.38,94.16,713.71,5285.7,157,  GPS,156.2,113.1,115.9,125.3,118,-1.198,-2.488,14.44,160.9,22.7,150.3,-0.4,1,   HDG,    ALT,0.2,0.8,11.8,     3D,3704,      ,       ,93.5,       ,143.62,5346.8,0,FALSE,1,1688.64,17.11,-0.723,-0.01,1561.6,TRUE,CRUISE
7/25/2026, 05:01:15,  +00:00,   HKFH,-2.6142404,37.7238007,4998,29.92,5346.5,14.8,143.7,141.84,19.2,0.97,0.41,0.02,0.01,154.5,154.7,28.5,11.1,59.58,81.18,58.94,157.46,89.41,1689.41,1895.68,94.17,713.77,5285.4,157,  GPS,156.2,113.1,115.9,125.3,118,-1.197,-2.478,14.49,160.7,22.7,150.3,-0.4,1,   HDG,    ALT,0.2,0.9,-15.7,     3D,3704,      ,       ,93.5,       ,143.7,5346.5,0,FALSE,1,1689.41,19.2,3.989,0.02,1561.3,TRUE,CRUISE
7/25/2026, 05:01:15,  +00:00,   HKFH,-2.6148252,37.7240829,4997,29.92,5346.5,14.5,143.85,141.86,9.08,1.08,0.7,0.01,0.05,154.2,154.7,28.5,10.8,59.58,81.05,58.97,157.37,89.48,1689.84,1896.65,94.15,713.47,5285.4,157,  GPS,150.3,113.1,115.9,125.3,118,-0.002,-2.497,14.54,160.4,22.7,150.3,-0.4,1,   HDG,    ALT,0.3,1.1,-7.9,     3D,3704,      ,       ,93.5,       ,143.85,5346.5,0,FALSE,1,1689.84,9.08,9.62,0.04,1561.3,TRUE,CRUISE
7/25/2026, 05:01:16,  +00:00,   HKFH,-2.6154301,37.724369,4998,29.92,5348,14.5,144.08,141.86,1.45,0.6,0.32,0,-0.01,154,155,28.5,10.2,59.58,81.05,59.02,157.3,89.49,1691.57,1896.39,94.16,713.45,5286.9,158,  GPS,150.3,113.1,115.9,125.3,118,-0.003,-2.487,14.59,160.1,22.6,150.3,-0.4,1,   GPS,    ALT,0.2,0.8,74.8,     3D,3704,      ,       ,93.5,       ,144.08,5348,0,FALSE,1,1691.57,1.45,12.464,-0.06,1562.8,TRUE,CRUISE
7/25/2026, 05:01:17,  +00:00,   HKFH,-2.6160483,37.7246666,5000,29.92,5349.7,14.5,144.25,141.96,14.38,0.14,-1.1,0.01,-0.02,154,154.9,28.5,11.3,59.58,81.05,59.05,157.22,89.58,1693.9,1894.31,94.17,713.58,5288.6,158,  GPS,150.3,113.1,115.9,125.3,118,-0.005,-2.478,14.65,159.8,22.6,150.3,-0.4,1,   GPS,    ALT,-3.6,0.2,90.6,     3D,3704,      ,       ,93.5,       ,144.25,5349.7,0,FALSE,1,1693.9,14.38,11.289,-0.01,1564.5,TRUE,CRUISE
7/25/2026, 05:01:19,  +00:00,   HKFH,-2.6166372,37.7249451,5000,29.92,5350,14.5,144.21,142.19,31.06,0.07,-4.13,0.02,-0.01,154,154.8,28.5,11.1,59.58,81.05,59.04,157.15,89.52,1695.02,1893.61,94.19,713.5,5288.9,158,  GPS,150.3,113.1,115.9,125.3,118,-0.006,-2.469,14.71,159.3,22.5,150.3,-0.4,1,   GPS,    ALT,-8.7,0,31.5,     3D,3704,      ,       ,93.5,       ,144.21,5350,0,FALSE,1,1695.02,31.06,8.825,0.01,1564.8,TRUE,CRUISE
7/25/2026, 05:01:20,  +00:00,   HKFH,-2.6172049,37.7252235,4999,29.92,5349.9,14.5,144.07,142.46,29.46,0.14,-8.05,0.01,0.01,153.5,154.2,28.5,10.8,59.58,81.05,59,157.07,89.46,1694.14,1893.5,94.14,713.15,5288.8,158,  GPS,150.3,113.1,115.9,125.3,118,-0.008,-2.461,14.77,158.9,22.5,150.3,-0.4,1,   GPS,    ALT,-11.9,0.1,3.9,     3D,3704,      ,       ,93.5,       ,144.07,5349.9,0,FALSE,1,1694.14,29.46,7.613,0.02,1564.7,TRUE,CRUISE
7/25/2026, 05:01:21,  +00:00,   HKFH,-2.6178157,37.7255325,4997,29.92,5350,14.5,143.9,142.7,5.91,0.3,-10.31,0.01,0.03,152.4,153.3,28.5,10,59.58,81.05,58.98,156.99,89.44,1693.77,1894.3,94.14,712.93,5288.9,157,  GPS,150.3,113.1,115.9,125.3,118,-0.009,-2.454,14.83,158.4,22.5,150.3,-0.4,1,   GPS,    ALT,-10.6,0.3,3.9,     3D,3704,      ,       ,93.5,       ,143.9,5350,0,FALSE,1,1693.77,5.91,9.367,0.02,1564.8,TRUE,CRUISE
7/25/2026, 05:01:22,  +00:00,   HKFH,-2.6183813,37.7258377,4997,29.92,5350.7,14.5,143.84,142.91,-19.71,0.44,-10.25,0.01,0.03,151.1,152,28.5,10.8,59.58,81.18,58.72,156.91,89.49,1689.54,1892.92,94.06,712.79,5289.6,157,  GPS,150.3,113.1,115.9,125.3,118,-0.009,-2.447,14.88,157.8,22.4,150.3,-0.4,1,   GPS,    ALT,-8.7,0.4,35.4,     3D,3704,      ,       ,93.5,       ,143.84,5350.7,0,FALSE,1,1689.54,-19.71,14.489,0,1565.5,TRUE,CRUISE
7/25/2026, 05:01:22,  +00:00,   HKFH,-2.6189606,37.7261696,4999,29.92,5352,14.5,143.9,142.99,-19.69,0.34,-9.05,0,0.01,149.8,150.7,28.5,10.8,59.58,81.44,56.3,156.84,89.05,1626.57,1883.5,92.82,701.74,5290.9,157,  GPS,150.3,113.1,115.9,125.3,118,-0.009,-2.436,14.93,157.2,22.4,150.3,-0.4,1,   GPS,    ALT,-6.5,0.4,74.8,     3D,3704,      ,       ,93.5,       ,143.9,5352,0,FALSE,1,1626.57,-19.69,21.23,-0.02,1566.8,TRUE,CRUISE
7/25/2026, 05:01:23,  +00:00,   HKFH,-2.6195314,37.7265091,5001,29.92,5353.1,14.5,143.96,142.87,4.99,0.23,-7.16,0,-0.01,148.9,149.6,28.5,10.5,59.58,81.44,54.66,156.77,89.02,1561.75,1887.2,92.22,694.2,5292,158,  GPS,150.3,113.1,115.9,125.3,118,-0.009,-2.427,14.97,156.6,22.3,150.3,-0.4,1,   GPS,    ALT,-4.4,0.2,70.9,     3D,3704,      ,       ,93.5,       ,143.96,5353.1,0,FALSE,1,1561.75,4.99,26.164,-0.02,1567.9,TRUE,CRUISE
7/25/2026, 05:01:24,  +00:00,   HKFH,-2.6200967,37.7268562,5002,29.92,5353.7,14.5,143.97,142.79,36.74,0.16,-4.97,0,0,148.1,148.6,28.5,9.7,59.58,81.7,54.12,156.71,89,1527.81,1889.85,92.19,692.31,5292.6,158,  GPS,150.3,113.1,115.9,125.3,118,-0.009,-2.416,15,155.9,22.3,150.3,-0.4,1,   GPS,    ALT,-2.4,0.1,39.4,     3D,3704,      ,       ,93.5,       ,143.97,5353.7,0,FALSE,1,1527.81,36.74,27.426,0.01,1568.5,TRUE,CRUISE
7/25/2026, 05:01:26,  +00:00,   HKFH,-2.6206639,37.727211,5003,29.92,5353.9,14.5,143.99,142.74,60.3,0.03,-2.74,-0.01,-0.01,147.6,147.9,28.5,10.6,59.58,81.7,53.9,156.64,89.04,1510.86,1889.99,92.15,691.5,5292.8,158,  GPS,150.3,113.1,115.9,125.3,118,-0.008,-2.407,15.03,155.2,22.3,150.3,-0.4,1,   GPS,    ALT,-0.8,0,19.7,     3D,3704,      ,       ,93.5,       ,143.99,5353.9,0,FALSE,1,1510.86,60.3,26.059,-0.01,1568.7,TRUE,CRUISE
7/25/2026, 05:01:27,  +00:00,   HKFH,-2.6212227,37.7275734,5004,29.92,5353.6,14.5,144.07,142.72,68.86,-0.07,-1.08,0,-0.01,147.3,147.6,28.5,10.7,59.58,81.7,53.79,156.58,89.04,1501.54,1889.55,92.15,690.83,5292.5,158,  GPS,150.3,113.1,115.9,125.3,118,-0.007,-2.398,15.05,154.5,22.2,150.3,-0.4,1,   GPS,    ALT,0.1,-0.1,-11.8,     3D,3704,      ,       ,93.5,       ,144.07,5353.6,0,FALSE,1,1501.54,68.86,24.087,0,2769.1,TRUE,CRUISE
7/25/2026, 05:01:28,  +00:00,   HKFH,-2.6217771,37.727932,5004,29.92,5352.8,14.5,144.13,142.74,63.72,-0.1,0.11,0,-0.01,147.3,147.2,28.5,10.6,59.58,81.83,53.76,156.51,89.07,1496.52,1889.45,92.15,690.58,5291.7,158,  GPS,150.3,113.1,115.9,125.3,118,-0.006,-2.389,15.07,153.9,22.2,150.3,-0.4,1,   GPS,    ALT,0.5,-0.1,-39.4,     3D,3704,      ,       ,93.5,       ,144.13,5352.8,0,FALSE,1,1496.52,63.72,21.226,0,2768.3,TRUE,CRUISE
7/25/2026, 05:01:28,  +00:00,   HKFH,-2.6223471,37.728302,5003,29.92,5351.7,14.5,144.13,142.78,43.68,-0.08,0.63,0,0,147.3,147.3,28.5,9.7,59.58,81.83,53.76,156.43,89.02,1493.68,1889.5,92.17,690.4,5290.6,158,  GPS,150.3,113.1,115.9,125.3,118,-0.005,-2.382,15.09,153.2,22.1,150.3,-0.4,1,   GPS,    ALT,0.8,-0.1,-63,     3D,3704,      ,       ,93.5,       ,144.13,5351.7,0,FALSE,1,1493.68,43.68,18.168,0.01,2767.2,TRUE,CRUISE
7/25/2026, 05:01:29,  +00:00,   HKFH,-2.6228914,37.7286568,5002,29.92,5350.6,14.5,144.1,142.81,15.79,-0.02,1.16,0,0,147.4,147.3,28.5,10.2,59.72,81.7,53.78,156.35,89.08,1492.62,1889.47,92.16,690.64,5289.5,158,  GPS,150.3,113.1,115.9,125.3,118,-0.004,-2.375,15.1,152.6,22.1,150.3,-0.4,1,   GPS,    ALT,1,0,-63,     3D,3704,      ,       ,93.5,       ,144.1,5350.6,0,FALSE,1,1492.62,15.79,13.399,0,2766.1,TRUE,CRUISE
7/25/2026, 05:01:31,  +00:00,   HKFH,-2.6235001,37.7290459,5001,29.92,5349.6,14.5,144.06,142.85,-13.81,0.07,1.03,0.01,0.01,147.6,147.5,28.5,10.4,59.85,81.44,53.8,156.27,89.04,1491.29,1889.6,92.15,690.05,5288.5,158,  GPS,150.3,113.1,115.9,125.3,118,-0.003,-2.367,15.11,152,22.1,150.3,-0.4,1,   GPS,    ALT,1.1,0.1,-59.1,     3D,3704,      ,       ,93.5,       ,144.06,5349.6,0,FALSE,1,1491.29,-13.81,7.253,0.01,2765.1,TRUE,CRUISE
7/25/2026, 05:01:33,  +00:00,   HKFH,-2.6245551,37.7297211,4999,29.92,5348.7,14.5,144.11,142.81,-48.32,0.16,1.24,0.01,0.01,147.8,147.8,28.5,9.4,60.13,81.18,53.81,156.14,89.12,1490.44,1890.46,92.15,689.63,5287.6,158,  GPS,150.3,113.1,115.9,125.3,118,-0.001,-2.352,15.13,150.9,22,150.3,-0.4,1,   GPS,    ALT,1,0.2,-19.7,     3D,3704,      ,       ,93.5,       ,144.11,5348.7,0,FALSE,1,1490.44,-48.32,-0.082,0,2764.2,TRUE,CRUISE
7/25/2026, 05:01:34,  +00:00,   HKFH,-2.6251192,37.7300758,4999,29.92,5348.8,14.5,144.15,142.78,-50.27,0.15,1.16,0.01,0,147.9,148.1,28.5,10.1,60.57,80.8,53.84,156.06,89.16,1490.61,1889.53,92.17,689.46,5287.7,158,  GPS,150.3,113.1,115.9,125.3,118,0,-2.344,15.13,150.5,22,150.3,-0.4,1,   GPS,    ALT,1,0.2,0,     3D,3704,      ,       ,93.5,       ,144.15,5348.8,0,FALSE,1,1490.61,-50.27,-7.298,-0.01,2764.3,TRUE,CRUISE
7/25/2026, 05:01:34,  +00:00,   HKFH,-2.6256914,37.7304344,4999,29.92,5349,14.5,144.12,142.74,-42.7,0.14,1.01,0,-0.01,148.1,148.3,28.5,10.3,60.87,80.41,53.84,155.98,89.21,1490.41,1889.01,92.17,690.09,5288,158,  GPS,150.3,113.1,115.9,125.3,118,0.001,-2.336,15.14,150,21.9,150.3,-0.4,1,   GPS,    ALT,0.9,0.2,7.9,     3D,3704,      ,       ,93.5,       ,144.12,5349,0,FALSE,1,1490.41,-42.7,-13.133,-0.01,2764.5,TRUE,CRUISE
7/25/2026, 05:01:36,  +00:00,   HKFH,-2.6263647,37.730854,4999,29.92,5349.3,14.5,144.03,142.7,-24.72,0.19,0.81,0.01,0,148.2,148.3,28.5,10.3,61.31,79.86,53.84,155.9,89.19,1490.41,1889.2,92.17,689.66,5288.2,158,  GPS,150.3,113.1,115.9,125.3,118,0.001,-2.326,15.14,149.3,21.9,150.3,-0.4,1,   GPS,    ALT,0.8,0.2,3.9,     3D,3704,      ,       ,93.5,       ,144.03,5349.3,0,FALSE,1,1490.41,-24.72,-16.984,0.01,2764.8,TRUE,CRUISE
7/25/2026, 05:01:36,  +00:00,   HKFH,-2.6268296,37.731144,4999,29.92,5349.3,14.5,143.92,142.66,-13.05,0.22,0.62,0,0.01,148.2,148.4,28.5,9.5,61.75,79.33,53.84,155.84,89.16,1490.23,1889.35,92.17,689.16,5288.2,157,  GPS,150.3,113.1,115.9,125.3,118,0.002,-2.319,15.14,149.3,21.8,150.3,-0.4,1,   GPS,    ALT,0.8,0.2,-3.9,     3D,3704,      ,       ,93.5,       ,143.92,5349.3,0,FALSE,1,1490.23,-13.05,-18.151,0.01,2764.8,TRUE,CRUISE
7/25/2026, 05:01:37,  +00:00,   HKFH,-2.6273668,37.731472,5000,29.92,5349.3,14.5,143.89,142.58,-3.3,0.23,0.44,0,0,148.3,148.5,28.5,9.9,62.04,78.81,53.86,155.77,89.18,1489.75,1891.15,92.17,689.5,5288.2,157,  GPS,150.3,113.1,115.9,125.3,118,0.002,-2.31,15.13,149,21.8,150.3,-0.4,1,   GPS,    ALT,0.8,0.2,3.9,     3D,3704,      ,       ,93.5,       ,143.89,5349.3,0,FALSE,1,1489.75,-3.3,-15.867,-0.01,2764.8,TRUE,CRUISE
7/25/2026, 05:01:39,  +00:00,   HKFH,-2.6279299,37.731823,5000,29.92,5349.4,14.5,144.03,142.5,5.37,0.2,0.78,0,-0.01,148.4,148.5,28.5,10.1,62.04,78.81,53.89,155.69,89.25,1489.97,1891.05,92.17,689.71,5288.3,158,  GPS,150.3,113.1,115.9,125.3,118,0.003,-2.301,15.13,148.7,21.8,150.3,-0.4,1,   GPS,    ALT,0.8,0.2,3.9,     3D,3704,      ,       ,93.5,       ,144.03,5349.4,0,FALSE,1,1489.97,5.37,-10.356,-0.01,2764.9,TRUE,CRUISE
7/25/2026, 05:01:40,  +00:00,   HKFH,-2.6284955,37.7321701,5000,29.92,5349.2,14.2,144.15,142.41,5.17,0.25,0.88,0,0.01,148.4,148.6,28.5,10.2,62.19,78.28,53.84,155.62,89.21,1487.57,1888.74,92.21,689.92,5288.1,158,  GPS,150.3,113.1,115.9,125.3,118,0.004,-2.293,15.12,148.4,21.7,150.3,-0.4,1,   GPS,    ALT,0.8,0.2,-7.9,     3D,3704,      ,       ,93.5,       ,144.15,5349.2,0,FALSE,1,1487.57,5.17,-5.011,0.02,2764.7,TRUE,CRUISE
7/25/2026, 05:01:41,  +00:00,   HKFH,-2.6290669,37.7325211,5000,29.92,5349.3,14.2,144.14,142.31,4.12,0.21,0.68,0,0.01,148.4,148.7,28.5,9.5,62.48,77.93,53.67,155.53,89.16,1478.47,1882.78,92.23,690.31,5288.2,158,  GPS,150.3,113.1,115.9,125.3,118,0.004,-2.285,15.12,148.1,21.7,150.3,-0.4,1,   GPS,    ALT,0.8,0.2,7.9,     3D,3704,      ,       ,93.5,       ,144.14,5349.3,0,FALSE,1,1478.47,4.12,-0.608,0,2764.8,TRUE,CRUISE
7/25/2026, 05:01:41,  +00:00,   HKFH,-2.6296299,37.7328644,5000,29.92,5349.6,14.2,144.05,142.06,9.03,0.07,0.8,0,0,148.7,148.9,28.5,9.5,62.63,77.76,52.38,155.46,89.15,1409.05,1889.59,92.17,691.87,5288.5,158,  GPS,150.3,113.1,115.9,125.3,118,0.005,-2.276,15.12,147.9,21.6,150.3,-0.4,1,   GPS,    ALT,0.8,0.1,15.7,     3D,3704,      ,       ,93.5,       ,144.05,5349.6,0,FALSE,1,1409.05,9.03,1.918,-0.01,2765.1,TRUE,CRUISE
7/25/2026, 05:01:42,  +00:00,   HKFH,-2.6301806,37.7332001,5000,29.92,5349.6,14.2,143.83,141.76,6.79,0.1,1.1,0.01,0,148.9,149,28.5,9.9,62.63,77.58,51.68,155.38,89.2,1366.37,1892.64,92.15,694.31,5288.5,157,  GPS,150.3,113.1,115.9,125.3,118,0.005,-2.268,15.12,147.7,21.6,150.4,-0.4,1,   GPS,    ALT,0.8,0.1,3.9,     3D,3704,      ,       ,93.5,       ,143.83,5349.6,0,FALSE,1,1366.37,6.79,3.151,0,2765.1,TRUE,CRUISE
7/25/2026, 05:01:43,  +00:00,   HKFH,-2.6307693,37.7335587,5000,29.92,5349.7,14.5,143.4,141.53,3.18,0.12,1.07,0.01,-0.01,149.1,149,28.5,10.1,62.63,77.58,51.31,155.3,89.16,1342.76,1889.84,92.13,696.15,5288.6,157,  GPS,150.3,113.1,115.9,125.3,118,0.006,-2.26,15.12,147.5,21.6,150.4,-0.4,1,   GPS,    ALT,0.8,0.1,0,     3D,3704,      ,       ,93.5,       ,143.4,5349.7,0,FALSE,1,1342.76,3.18,2.373,-0.01,2765.2,TRUE,CRUISE
7/25/2026, 05:01:45,  +00:00,   HKFH,-2.6313305,37.7338943,5000,29.92,5349.5,14.5,142.91,141.3,1.33,0.13,0.9,0.01,-0.01,149.3,149.2,28.5,9.4,62.63,77.4,51.13,155.23,89.13,1330.46,1889.34,92.16,697.17,5288.4,156,  GPS,150.3,113.1,115.9,125.3,118,0.006,-2.251,15.11,147.3,21.5,150.4,-0.4,1,   GPS,     VS,0.7,0.2,-7.9,     3D,3704,      ,       ,93.5,       ,142.91,5349.5,0,FALSE,1,1330.46,1.33,-1.856,0,2765,TRUE,CRUISE
7/25/2026, 05:01:46,  +00:00,   HKFH,-2.6318779,37.7342224,5000,29.92,5349.2,14.5,142.47,141.08,0.54,0.14,0.59,0,-0.01,149.4,149.3,28.5,9.1,62.63,77.4,51.03,155.17,89.2,1324.31,1888.58,92.14,697.64,5288.1,156,  GPS,150.3,113.1,115.9,125.3,118,0.006,-2.243,15.1,147.2,21.5,150.4,-0.4,1,   GPS,     VS,0.6,0.2,-15.7,     3D,3704,      ,       ,93.5,       ,142.47,5349.2,0,FALSE,1,1324.31,0.54,-10.516,0,2764.7,TRUE,CRUISE
7/25/2026, 05:01:47,  +00:00,   HKFH,-2.6324399,37.7345581,5000,29.92,5348.5,14.5,142.02,140.89,-0.72,-0.22,0.59,0.01,-0.06,149.6,149.4,28.5,9.7,62.63,77.4,50.97,155.1,89.2,1320.47,1889.31,92.15,697.96,5287.4,155,  GPS,150.3,113.1,115.9,125.3,118,0.007,-2.235,15.08,147.2,21.4,150.4,-0.4,1,   GPS,     VS,0.5,-0.1,-39.4,     3D,3704,      ,       ,93.5,       ,142.02,5348.5,0,FALSE,1,1320.47,-0.72,-24.419,-0.05,2764,TRUE,CRUISE
7/25/2026, 05:01:47,  +00:00,   HKFH,-2.6329901,37.7348824,4998,29.92,5346,14.5,141.71,140.75,-11.08,-0.59,0.68,0.01,-0.05,149.8,149.7,28.5,10.2,62.77,77.4,50.94,155.03,89.15,1318.29,1889.03,92.14,697.96,5284.9,155,  GPS,150.3,113.1,115.9,125.3,118,0.007,-2.228,15.06,147.1,21.4,150.4,-0.4,1,   GPS,     VS,0.5,-0.4,-133.9,     3D,3704,      ,       ,93.5,       ,141.71,5346,0,FALSE,1,1318.29,-11.08,-43.204,0.01,2761.5,TRUE,CRUISE
7/25/2026, 05:01:48,  +00:00,   HKFH,-2.6335568,37.735218,4995,29.92,5341.7,14.5,141.53,140.71,-36.92,-0.6,0.69,0.01,0,149.9,149.7,28.5,8.9,62.77,77.4,50.9,154.96,89.15,1316.49,1889.43,92.15,697.97,5280.6,155,  GPS,150.3,113.1,115.9,125.3,118,0.007,-2.222,15.03,147.1,21.4,150.4,-0.4,1,   GPS,     VS,0.4,-0.5,-236.2,     3D,3704,      ,       ,93.5,       ,141.53,5341.7,0,FALSE,1,1316.49,-36.92,-65.107,0.05,2757.2,TRUE,CRUISE
7/25/2026, 05:01:49,  +00:00,   HKFH,-2.6341283,37.7355576,4991,29.92,5337.3,14.5,141.47,140.71,-81.43,-0.66,0.35,0.01,0,149.9,149.8,28.5,9,62.77,77.4,50.86,154.88,89.12,1314.72,1890.22,92.13,698.08,5276.1,155,  GPS,150.3,113.1,115.9,125.3,118,0.007,-2.218,14.99,147.2,21.3,150.4,-0.4,1,   GPS,     VS,0.3,-0.6,-263.8,     3D,3704,      ,       ,93.5,       ,141.47,5337.3,0,FALSE,1,1314.72,-81.43,-89.083,0,2752.8,TRUE,CRUISE
7/25/2026, 05:01:51,  +00:00,   HKFH,-2.6347125,37.7358971,4987,29.92,5332.6,14.5,141.58,140.75,-134.91,-0.81,-0.12,0,-0.02,149.8,149.9,28.5,9.5,62.77,77.4,50.85,154.82,89.2,1313.26,1891.42,92.14,698.18,5271.5,155,  GPS,150.3,113.1,115.9,125.3,118,0.007,-2.214,14.95,147.2,21.3,150.4,-0.4,1,   GPS,     VS,0.2,-0.7,-267.7,     3D,3704,      ,       ,93.5,       ,141.58,5332.6,0,FALSE,1,1313.26,-134.91,-114.832,-0.02,2748.1,TRUE,CRUISE
7/25/2026, 05:01:52,  +00:00,   HKFH,-2.6352592,37.7362137,4983,29.92,5328.1,14.5,141.75,140.81,-178.82,-0.89,-0.2,0,-0.01,149.7,150,28.5,9.9,62.77,77.76,50.89,154.75,89.2,1313.58,1891.96,92.13,698.46,5266.9,155,  GPS,150.3,113.1,115.9,125.3,118,0.007,-2.21,14.92,147.3,21.2,150.4,-0.4,1,   GPS,     VS,0.1,-0.8,-291.3,     3D,3704,      ,       ,93,       ,141.75,5328.1,0,FALSE,1,1313.58,-178.82,-142.458,0.01,2743.6,TRUE,CRUISE
7/25/2026, 05:01:53,  +00:00,   HKFH,-2.6358228,37.7365417,4979,29.92,5322.7,14.5,141.93,140.89,-212.24,-0.91,-0.11,0,0,149.7,149.8,28.5,9.3,62.63,77.93,50.87,154.69,89.29,1313.11,1891,92.15,698.66,5261.6,155,  GPS,150.3,113.1,115.9,125.3,118,0.008,-2.206,14.89,147.4,21.2,150.4,-0.4,1,   GPS,     VS,0.1,-0.9,-315,     3D,3704,      ,       ,93,       ,141.93,5322.7,0,FALSE,1,1313.11,-212.24,-172.054,0.01,2738.2,TRUE,CRUISE
7/25/2026, 05:01:53,  +00:00,   HKFH,-2.6364028,37.7368851,4974,29.92,5317.2,14.5,142.07,141.01,-236.58,-0.96,0.09,0,-0.01,149.7,149.9,28.5,9,62.63,78.28,50.87,154.63,89.18,1312.8,1891.65,92.14,698.74,5256.1,155,  GPS,150.3,113.1,115.9,125.3,118,0.008,-2.203,14.85,147.5,21.2,150.4,-0.4,1,   GPS,     VS,0.1,-0.9,-322.8,     3D,3704,      ,       ,93,       ,142.07,5317.2,0,FALSE,1,1312.8,-236.58,-202.188,-0.01,2732.7,TRUE,CRUISE
7/25/2026, 05:01:54,  +00:00,   HKFH,-2.6369691,37.7372169,4969,29.92,5311.6,14.5,142.17,141.08,-256.16,-0.97,0.2,0,0,149.8,149.9,28.5,9.5,62.63,78.28,50.86,154.56,89.24,1312.2,1891.17,92.15,698.76,5250.5,155,  GPS,150.3,113.1,115.9,125.3,118,0.008,-2.2,14.83,147.5,21.1,150.4,-0.4,1,   GPS,     VS,0.2,-0.9,-334.6,     3D,3704,      ,       ,93,       ,142.17,5311.6,0,FALSE,1,1312.2,-256.16,-230.84,0.01,2727.1,TRUE,CRUISE
7/25/2026, 05:01:55,  +00:00,   HKFH,-2.6375391,37.7375488,4963,29.92,5305.5,14.5,142.24,141.2,-275.72,-0.93,0.36,0,0,149.9,149.9,28.5,9.4,62.48,78.46,50.87,154.51,89.29,1311.72,1892.11,92.16,698.81,5244.4,156,  GPS,150.3,113.1,115.9,125.3,118,0.008,-2.196,14.8,147.6,21.1,150.4,-0.4,1,   GPS,     VS,0.2,-0.9,-350.4,     3D,3704,      ,       ,93,       ,142.24,5305.5,0,FALSE,1,1311.72,-275.72,-255.207,0,2721,TRUE,CRUISE
7/25/2026, 05:01:57,  +00:00,   HKFH,-2.638109,37.7378807,4957,29.92,5299.5,14.5,142.35,141.3,-296.68,-0.87,0.31,0,0.01,150,150,28.5,9.4,62.33,78.81,50.87,154.45,89.3,1311.44,1892.66,92.14,698.93,5238.4,156,  GPS,150.3,113.1,115.9,125.3,118,0.008,-2.194,14.77,147.7,21,150.4,-0.4,1,   GPS,     VS,0.2,-0.9,-350.4,     3D,3704,      ,       ,93,       ,142.35,5299.5,0,FALSE,1,1311.44,-296.68,-273.982,0.01,2715,TRUE,CRUISE
7/25/2026, 05:01:58,  +00:00,   HKFH,-2.6386428,37.7381973,4952,29.92,5294,14.5,142.45,141.36,-312.42,-0.81,0.11,0,0,150,150,28.5,8.7,62.33,78.98,50.88,154.4,89.3,1311.37,1891.96,92.16,698.74,5232.9,156,  GPS,150.3,113.1,115.9,125.3,118,0.008,-2.191,14.74,147.8,21,150.4,-0.4,1,   GPS,     VS,0.2,-0.8,-346.5,     3D,3704,      ,       ,93,       ,142.45,5294,0,FALSE,1,1311.37,-312.42,-288.193,-0.01,2709.5,TRUE,CRUISE
7/25/2026, 05:01:59,  +00:00,   HKFH,-2.6392374,37.7385368,4946,29.92,5288.1,14.5,142.55,141.43,-323.44,-0.71,0.09,0,0,150,150.2,28.5,9.2,62.33,79.16,50.88,154.34,89.36,1311.17,1893.33,92.13,698.84,5227,156,  GPS,150.3,113.1,115.9,125.3,118,0.008,-2.188,14.72,147.9,21,150.4,-0.4,1,   GPS,     VS,0.2,-0.8,-334.6,     3D,3704,      ,       ,93,       ,142.55,5288.1,0,FALSE,1,1311.17,-323.44,-298.522,0,2703.6,TRUE,CRUISE
7/25/2026, 05:01:59,  +00:00,   HKFH,-2.6398029,37.7388649,4941,29.92,5282.7,14.5,142.74,141.4,-325.1,-0.69,-0.13,-0.01,0.01,150.1,150,28.5,9.4,62.19,79.16,50.82,154.27,89.29,1309.82,1894.39,92.11,698.7,5221.6,156,  GPS,150.3,113.1,115.9,125.3,118,0.008,-2.185,14.7,148,20.9,150.4,-0.4,1,   GPS,     VS,0.2,-0.7,-330.7,     3D,3704,      ,       ,93,       ,142.74,5282.7,0,FALSE,1,1309.82,-325.1,-306.338,0.01,2698.2,TRUE,CRUISE
7/25/2026, 05:02:00,  +00:00,   HKFH,-2.6403561,37.739193,4936,29.92,5277.7,14.5,143.12,141.36,-322.66,-0.82,0.08,0,0.01,150.2,150,28.5,9.7,62.19,79.16,50.79,154.21,89.3,1307.89,1893.41,92.08,698.23,5216.6,156,  GPS,150.3,113.1,115.9,125.3,118,0.008,-2.182,14.68,148.1,20.9,150.4,-0.4,1,   GPS,     VS,0.2,-0.8,-307.1,     3D,3704,      ,       ,93,       ,143.12,5277.7,0,FALSE,1,1307.89,-322.66,-313.758,0,2693.2,TRUE,CRUISE
7/25/2026, 05:02:01,  +00:00,   HKFH,-2.6409123,37.7395134,4931,29.92,5273,14.5,143.43,141.36,-320.93,-0.98,0.2,0,-0.03,150.2,150,28.5,8.7,62.19,79.16,50.83,154.14,89.35,1308.33,1893.42,92.11,698.69,5211.7,157,  GPS,150.3,113.1,115.9,125.3,118,0.008,-2.179,14.68,148.2,20.9,150.4,-0.4,1,   GPS,     VS,0.2,-0.9,-299.2,     3D,3704,      ,       ,93,       ,143.43,5273,0,FALSE,1,1308.33,-320.93,-322.672,-0.04,2688.5,TRUE,CRUISE
7/25/2026, 05:02:03,  +00:00,   HKFH,-2.6414795,37.7398491,4926,29.92,5266.9,14.5,143.56,141.38,-315.53,-1.35,0.44,0,-0.05,150.2,150,28.5,9,62.48,79.16,50.86,154.07,89.42,1309.78,1893.1,92.13,698.79,5205.6,157,  GPS,150.3,113.1,115.9,125.3,118,0.009,-2.176,14.68,148.3,20.8,150.4,-0.4,1,   GPS,     VS,0.3,-1.2,-354.3,     3D,3704,      ,       ,93,       ,143.56,5266.9,0,FALSE,1,1309.78,-315.53,-333.817,-0.02,2682.4,TRUE,CRUISE
7/25/2026, 05:02:04,  +00:00,   HKFH,-2.6420503,37.7401772,4920,29.92,5259.1,14.5,143.62,141.43,-314.74,-1.4,0.25,0,-0.02,150.3,150.1,28.5,9.3,62.48,78.81,50.86,154.01,89.38,1309.52,1894.56,92.14,698.7,5197.8,157,  GPS,150.3,113.1,115.9,125.3,118,0.009,-2.173,14.68,148.5,20.8,150.4,-0.4,1,   GPS,     VS,0.3,-1.3,-448.8,     3D,3704,      ,       ,93,       ,143.62,5259.1,0,FALSE,1,1309.52,-314.74,-347.044,0.03,2674.6,TRUE,CRUISE
7/25/2026, 05:02:05,  +00:00,   HKFH,-2.6426275,37.7405128,4912,29.92,5250.8,14.5,143.78,141.55,-330.36,-1.37,0.3,0,0,150.5,150.1,28.5,9.7,62.63,78.63,50.89,153.95,89.33,1309.79,1895.62,92.13,698.8,5189.3,157,  GPS,150.3,113.1,115.9,125.3,118,0.009,-2.172,14.7,148.7,20.7,150.4,-0.4,1,   GPS,     VS,0.3,-1.4,-496.1,     3D,3704,      ,       ,93,       ,143.78,5250.8,0,FALSE,1,1309.79,-330.36,-361.279,0.02,2666.3,TRUE,CRUISE
7/25/2026, 05:02:05,  +00:00,   HKFH,-2.6431835,37.7408409,4904,29.92,5242.4,14.5,144.07,141.69,-364.86,-1.48,0.41,0.01,0,150.7,150.1,28.5,8.5,62.77,78.46,50.91,153.89,89.3,1310.13,1895.31,92.13,698.83,5181.1,157,  GPS,150.3,113.1,115.9,125.3,118,0.009,-2.172,14.72,148.9,20.7,150.4,-0.4,1,   GPS,     VS,0.2,-1.4,-500,     3D,3704,      ,       ,93,       ,144.07,5242.4,0,FALSE,1,1310.13,-364.86,-376.19,0,2657.9,TRUE,CRUISE
7/25/2026, 05:02:06,  +00:00,   HKFH,-2.6437685,37.7411728,4895,29.92,5233.9,14.5,144.43,141.82,-408.13,-1.56,0.56,0.01,0.02,150.8,150.2,28.5,9.2,62.92,78.28,50.95,153.83,89.3,1311.14,1896.05,92.17,698.96,5172.6,158,  GPS,150.3,113.1,115.9,125.3,118,0.009,-2.172,14.75,149.1,20.7,150.4,-0.4,1,   GPS,     VS,0.2,-1.5,-500,     3D,3704,      ,       ,93,       ,144.43,5233.9,0,FALSE,1,1311.14,-408.13,-391.827,0.02,2649.4,TRUE,CRUISE
7/25/2026, 05:02:07,  +00:00,   HKFH,-2.6443396,37.7415009,4887,29.92,5225.9,14.5,144.77,141.98,-444.69,-1.7,0.36,0.01,0,150.8,150.5,28.5,9.2,62.92,78.28,50.96,153.78,89.31,1311.95,1895.56,92.15,698.83,5164.5,158,  GPS,150.3,113.1,115.9,125.3,118,0.009,-2.171,14.79,149.3,20.6,150.4,-0.4,1,   GPS,     VS,0.1,-1.6,-488.2,     3D,3704,      ,       ,93,       ,144.77,5225.9,0,FALSE,1,1311.95,-444.69,-408.465,-0.02,2641.4,TRUE,CRUISE
7/25/2026, 05:02:09,  +00:00,   HKFH,-2.6449275,37.7418404,4879,29.92,5217.4,14.5,145,142.17,-465.79,-1.82,0.19,0.01,-0.01,150.8,150.5,28.5,9.4,63.07,78.11,50.99,153.71,89.38,1312.58,1895.33,92.14,699.04,5156.1,158,  GPS,150.3,113.1,115.9,125.3,118,0.009,-2.171,14.85,149.6,20.6,150.4,-0.4,1,   GPS,     VS,0,-1.8,-496.1,     3D,3704,      ,       ,93,       ,145,5217.4,0,FALSE,1,1312.58,-465.79,-426.354,-0.01,2632.9,TRUE,CRUISE
7/25/2026, 05:02:10,  +00:00,   HKFH,-2.6454899,37.742157,4872,29.92,5209,14.5,145.13,142.39,-474.21,-1.82,-0.09,0.01,0,150.9,150.6,28.5,8.6,63.21,78.11,51,153.65,89.35,1312.76,1896.01,92.14,698.8,5147.7,158,  GPS,150.3,113.1,115.9,125.3,118,0.009,-2.171,14.91,149.8,20.5,150.4,-0.4,1,   GPS,     VS,-0.1,-1.8,-515.7,     3D,3704,      ,       ,93,       ,145.13,5209,0,FALSE,1,1312.76,-474.21,-444.213,0.01,2624.5,TRUE,CRUISE
7/25/2026, 05:02:11,  +00:00,   HKFH,-2.6460624,37.742485,4863,29.92,5200.3,14.5,145.29,142.6,-479.03,-1.8,-0.21,0.01,0,150.8,150.6,28.5,9.1,63.21,77.93,51,153.58,89.34,1312.96,1895.55,92.14,698.7,5138.8,159,  GPS,150.3,113.1,115.9,125.3,118,0.009,-2.171,14.97,150.1,20.5,150.4,-0.4,1,   GPS,     VS,-0.1,-1.8,-531.5,     3D,3704,      ,       ,93,       ,145.29,5200.3,0,FALSE,1,1312.96,-479.03,-460.666,0,2615.8,TRUE,CRUISE
7/25/2026, 05:02:11,  +00:00,   HKFH,-2.6466641,37.7428284,4854,29.92,5191,14.2,145.44,142.81,-487.31,-1.8,-0.31,0.01,0.01,150.7,150.7,28.5,8.8,63.21,77.93,51.02,153.5,89.42,1313.43,1895.86,92.14,698.86,5129.7,159,  GPS,150.3,113.1,115.9,125.3,118,0.008,-2.171,15.04,150.4,20.5,150.4,-0.4,1,   GPS,     VS,-0.2,-1.8,-527.6,     3D,3704,      ,       ,93,       ,145.44,5191,0,FALSE,1,1313.43,-487.31,-474.392,0.01,2606.5,TRUE,CRUISE
7/25/2026, 05:02:13,  +00:00,   HKFH,-2.6477861,37.7434616,4839,29.92,5174.6,14.2,145.71,143.28,-494.42,-2,-0.4,0.01,-0.01,150.7,150.6,28.5,8.7,63.21,78.28,51.04,153.38,89.42,1313.75,1896.78,92.16,699.13,5113.2,159,  GPS,150.3,113.1,115.9,125.3,118,0.008,-2.17,15.18,150.8,20.4,150.4,-0.4,1,   GPS,     VS,-0.3,-2,-515.7,     3D,3704,      ,       ,93,       ,145.71,5174.6,0,FALSE,1,1313.75,-494.42,-484.292,-0.02,2590.1,TRUE,CRUISE
7/25/2026, 05:02:15,  +00:00,   HKFH,-2.6483555,37.7437897,4831,29.92,5165.5,14.2,145.91,143.49,-493.33,-1.91,-0.23,0.01,0.01,150.7,150.6,28.5,8.8,62.92,78.46,51.01,153.31,89.41,1313.53,1896.61,92.14,698.97,5104.2,159,  GPS,150.3,113.1,115.9,125.3,118,0.008,-2.17,15.25,151,20.3,150.4,-0.4,1,   GPS,     VS,-0.2,-2,-543.3,     3D,3704,      ,       ,93,       ,145.91,5165.5,0,FALSE,1,1313.53,-493.33,-491.457,0.02,2581,TRUE,CRUISE
7/25/2026, 05:02:16,  +00:00,   HKFH,-2.6489441,37.7441216,4822,29.92,5156.5,14.2,146.14,143.73,-494.89,-1.92,-0.12,0,0,150.7,150.6,28.5,8.7,62.77,78.63,51.01,153.25,89.44,1313.33,1896.63,92.13,698.88,5095.2,159,  GPS,150.3,113.1,115.9,125.3,118,0.008,-2.17,15.32,151.2,20.3,150.4,-0.4,1,   GPS,     VS,-0.2,-1.9,-535.4,     3D,3704,      ,       ,93,       ,146.14,5156.5,0,FALSE,1,1313.33,-494.89,-497.574,-0.01,2572,TRUE,CRUISE
7/25/2026, 05:02:17,  +00:00,   HKFH,-2.6495636,37.7444725,4813,29.92,5147,14.2,146.35,143.92,-502.12,-1.96,-0.22,0,0,150.7,150.6,28.5,9.2,62.63,78.98,51.03,153.18,89.46,1313.54,1896.77,92.13,698.89,5085.7,160,  GPS,150.3,113.1,115.9,125.3,118,0.008,-2.171,15.39,151.4,20.3,150.4,-0.4,1,   GPS,     VS,-0.2,-1.9,-535.4,     3D,3704,      ,       ,93,       ,146.35,5147,0,FALSE,1,1313.54,-502.12,-503.494,0,2562.5,TRUE,CRUISE
7/25/2026, 05:02:18,  +00:00,   HKFH,-2.6507177,37.7451286,4796,29.92,5128.7,14.2,146.7,144.31,-507.13,-1.8,-0.44,0.01,-0.01,150.6,150.6,28.5,8.7,62.19,79.51,51.12,153.05,89.43,1315.4,1897.42,92.15,699.02,5067.3,160,  GPS,150.3,113.1,115.9,125.3,118,0.008,-2.171,15.51,151.6,20.2,150.4,-0.4,1,   GPS,     VS,-0.2,-1.9,-559.1,     3D,3704,      ,       ,93,       ,146.7,5128.7,0,FALSE,1,1315.4,-507.13,-508.512,-0.01,2544.2,TRUE,CRUISE
7/25/2026, 05:02:19,  +00:00,   HKFH,-2.6512744,37.7454453,4787,29.92,5119.4,14.2,146.86,144.45,-516.34,-1.56,-0.27,0.01,0.04,150.5,150.6,28.5,8.6,62.19,79.51,51.09,152.99,89.46,1315.29,1896.74,92.12,698.89,5058.1,160,  GPS,150.3,113.1,115.9,125.3,118,0.007,-2.171,15.57,151.7,20.1,150.4,-0.4,1,   GPS,     VS,-0.2,-1.7,-578.7,     3D,3704,      ,       ,93,       ,146.86,5119.4,0,FALSE,1,1315.29,-516.34,-511.86,0.05,2534.9,TRUE,CRUISE
7/25/2026, 05:02:21,  +00:00,   HKFH,-2.6518681,37.7457886,4778,29.92,5110.5,14.2,147.05,144.56,-526.96,-1.63,-0.16,0.01,0,150.4,150.5,28.5,9.4,62.04,79.68,51.13,152.93,89.47,1316.65,1896.29,92.14,698.84,5049.2,160,  GPS,150.3,113.1,115.9,125.3,118,0.007,-2.172,15.62,151.8,20.1,150.4,-0.4,1,   GPS,     VS,-0.2,-1.6,-535.4,     3D,3704,      ,       ,93,       ,147.05,5110.5,0,FALSE,1,1316.65,-526.96,-513.637,-0.04,2526,TRUE,CRUISE
7/25/2026, 05:02:22,  +00:00,   HKFH,-2.6524439,37.7461166,4769,29.92,5102,14.2,147.13,144.66,-533.41,-1.71,-0.19,0,0,150.3,150.6,28.5,8.3,61.89,79.86,51.19,152.86,89.48,1318.73,1895.79,92.14,699,5040.7,160,  GPS,150.3,113.1,115.9,125.3,118,0.007,-2.172,15.67,151.9,20.1,150.4,-0.4,1,   GPS,     VS,-0.3,-1.7,-519.7,     3D,3704,      ,       ,93,       ,147.13,5102,0,FALSE,1,1318.73,-533.41,-514.675,0,2517.5,TRUE,CRUISE
7/25/2026, 05:02:23,  +00:00,   HKFH,-2.6530294,37.7464485,4761,29.92,5093.2,14.2,147.08,144.82,-529.21,-1.74,-0.47,0,-0.01,150.1,150.6,28.5,8.6,61.89,80.03,51.16,152.8,89.47,1319.78,1893.55,92.15,698.9,5031.9,160,  GPS,150.3,113.1,115.9,125.3,118,0.007,-2.172,15.71,151.9,20,150.4,-0.4,1,   GPS,     VS,-0.3,-1.7,-527.6,     3D,3704,      ,       ,93,       ,147.08,5093.2,0,FALSE,1,1319.78,-529.21,-515.106,-0.01,2508.7,TRUE,CRUISE
7/25/2026, 05:02:23,  +00:00,   HKFH,-2.6536222,37.746788,4753,29.92,5084.3,14.2,146.88,144.95,-520.79,-1.67,-1.23,0,0,150,150.5,28.5,8.6,61.89,80.03,51.16,152.74,89.42,1319.48,1894.08,92.13,698.68,5022.8,160,  GPS,150.3,113.1,115.9,125.3,118,0.007,-2.171,15.75,151.9,20,150.4,-0.4,1,   GPS,     VS,-0.3,-1.7,-535.4,     3D,3704,      ,       ,93,       ,146.88,5084.3,0,FALSE,1,1319.48,-520.79,-514.454,0.01,2499.8,TRUE,CRUISE
7/25/2026, 05:02:24,  +00:00,   HKFH,-2.6542304,37.747139,4745,29.92,5075.5,14.2,146.71,145.11,-512.19,-1.75,-0.23,0,0.01,149.9,150.4,28.5,9,61.89,80.15,51.2,152.68,89.56,1320.26,1894.9,92.13,698.56,5014.2,160,  GPS,150.3,113.1,115.9,125.3,118,0.007,-2.171,15.77,151.8,19.9,150.4,-0.4,1,   GPS,     VS,-0.2,-1.7,-503.9,     3D,3704,      ,       ,93,       ,146.71,5075.5,0,FALSE,1,1320.26,-512.19,-513.476,0.01,2491,TRUE,CRUISE
7/25/2026, 05:02:25,  +00:00,   HKFH,-2.6548047,37.747467,4736,29.92,5067.2,14.2,146.68,145.22,-503.71,-1.85,0.12,0,0,149.8,150.3,28.5,8.3,61.89,80.15,50.94,152.62,89.47,1315.33,1892.38,91.97,697.47,5005.9,160,  GPS,150.3,113.1,115.9,125.3,118,0.007,-2.17,15.78,151.7,19.9,150.4,-0.4,1,   GPS,     VS,-0.1,-1.8,-507.9,     3D,3704,      ,       ,93,       ,146.68,5067.2,0,FALSE,1,1315.33,-503.71,-512.013,-0.01,2482.7,TRUE,CRUISE
7/25/2026, 05:02:27,  +00:00,   HKFH,-2.6553979,37.7478104,4728,29.92,5058.5,14.2,146.6,145.38,-499.2,-1.96,0.15,0,-0.01,149.7,150.3,28.5,8.4,61.89,80.15,50.41,152.55,89.37,1299.99,1889.42,91.67,694.79,4997.2,160,  GPS,150.3,113.1,115.9,125.3,118,0.007,-2.171,15.77,151.4,19.9,150.4,-0.4,1,   GPS,     VS,-0.1,-1.9,-511.8,     3D,3704,      ,       ,93,       ,146.6,5058.5,0,FALSE,1,1299.99,-499.2,-510.706,-0.01,2474,TRUE,CRUISE
7/25/2026, 05:02:29,  +00:00,   HKFH,-2.6565721,37.7484856,4712,29.92,5041,14.2,146.53,145.63,-495.6,-2,0.02,0,0,150.1,150.3,28.5,8.8,62.04,80.03,50.15,152.42,89.47,1280.4,1894.89,91.61,693.77,4979.7,159,  GPS,150.3,113.1,115.9,125.3,118,0.007,-2.17,15.74,151.2,19.8,150.4,-0.4,1,   GPS,     VS,0,-2,-515.7,     3D,3704,      ,       ,93,       ,146.53,5041,0,FALSE,1,1280.4,-495.6,-509.085,0.01,2456.5,TRUE,CRUISE
7/25/2026, 05:02:29,  +00:00,   HKFH,-2.65715,37.7488213,4703,29.92,5032.6,14.2,146.75,145.75,-497.35,-2.01,-0.09,0,-0.02,150.2,150.3,28.5,8.9,62.04,80.03,50.12,152.35,89.47,1276.72,1895.09,91.63,693.65,4971.2,160,  GPS,150.3,113.1,115.9,125.3,118,0.007,-2.169,15.7,151,19.7,150.4,-0.4,1,   GPS,     VS,0,-2,-515.7,     3D,3704,      ,       ,93,       ,146.75,5032.6,0,FALSE,1,1276.72,-497.35,-508.064,-0.02,2448.1,TRUE,CRUISE
7/25/2026, 05:02:30,  +00:00,   HKFH,-2.6577213,37.7491493,4694,29.92,5023.7,14,147.12,145.83,-501.71,-1.8,0.34,0.01,0.01,150.3,150.3,28.5,8.3,62.04,79.86,50.13,152.28,89.42,1275.4,1895.92,91.63,693.66,4962.2,160,  GPS,150.3,113.1,115.9,125.3,118,0.007,-2.171,15.66,150.8,19.7,150.4,-0.4,1,   GPS,     VS,0,-1.9,-547.2,     3D,3704,      ,       ,93,       ,147.12,5023.7,0,FALSE,1,1275.4,-501.71,-507.551,0.03,2439.2,TRUE,CRUISE
7/25/2026, 05:02:31,  +00:00,   HKFH,-2.6583116,37.749485,4685,29.92,5014.9,14,147.56,145.87,-513.89,-1.76,0.2,0,0,150.3,150.4,28.5,7.9,62.04,79.86,50.16,152.22,89.38,1274.01,1897.08,91.62,693.81,4953.6,160,  GPS,150.3,113.1,115.9,125.3,118,0.007,-2.17,15.61,150.6,19.7,150.4,-0.4,1,   GPS,     VS,0,-1.8,-519.7,     3D,3704,      ,       ,93,       ,147.56,5014.9,0,FALSE,1,1274.01,-513.89,-506.791,-0.01,2430.4,TRUE,CRUISE
7/25/2026, 05:02:33,  +00:00,   HKFH,-2.6588998,37.7498207,4677,29.92,5006.5,14,148,145.85,-517.2,-1.75,0.38,0.02,0,150.3,150.5,28.5,8.9,62.04,79.86,50.17,152.15,89.51,1273.56,1896.36,91.65,693.96,4945.1,161,  GPS,150.3,113.1,115.9,125.3,118,0.007,-2.171,15.56,150.4,19.6,150.4,-0.4,1,   GPS,     VS,-0.1,-1.8,-507.9,     3D,3704,      ,       ,93,       ,148,5006.5,0,FALSE,1,1273.56,-517.2,-505.967,0,2422,TRUE,CRUISE
7/25/2026, 05:02:34,  +00:00,   HKFH,-2.6594794,37.7501526,4668,29.92,4997.7,14,148.27,145.81,-519,-1.69,0.16,0.01,0.01,150.2,150.6,28.5,8.8,62.04,79.86,50.2,152.09,89.5,1275.47,1893.11,91.64,693.94,4936.4,161,  GPS,150.3,113.1,115.9,125.3,118,0.007,-2.17,15.52,150.2,19.6,150.4,-0.4,1,   GPS,     VS,-0.2,-1.7,-527.6,     3D,3704,      ,       ,93,       ,148.27,4997.7,0,FALSE,1,1275.47,-519,-504.471,0.01,2413.2,TRUE,CRUISE
7/25/2026, 05:02:35,  +00:00,   HKFH,-2.6600778,37.7504883,4661,29.92,4989.3,14,148.15,145.85,-515.66,-1.77,-0.62,0.01,-0.01,150,150.7,28.5,8.3,61.89,79.86,50.21,152.03,89.5,1276.61,1893.1,91.64,693.96,4927.8,161,  GPS,150.3,113.1,115.9,125.3,118,0.007,-2.17,15.49,150,19.5,150.4,-0.4,1,   GPS,     VS,-0.3,-1.7,-511.8,     3D,3704,      ,       ,93,       ,148.15,4989.3,0,FALSE,1,1276.61,-515.66,-503.091,-0.02,2404.8,TRUE,CRUISE
7/25/2026, 05:02:35,  +00:00,   HKFH,-2.6606886,37.7508354,4653,29.92,4980,14,147.88,145.89,-504.59,-1.72,-0.13,0.02,0.07,150,150.7,28.5,8.2,61.89,79.86,50.25,151.96,89.56,1277.71,1893.6,91.65,693.76,4918.7,161,  GPS,150.3,113.1,115.9,125.3,118,0.006,-2.169,15.45,149.8,19.5,150.4,-0.4,1,   GPS,     VS,-0.3,-1.7,-523.6,     3D,3704,      ,       ,93,       ,147.88,4980,0,FALSE,1,1277.71,-504.59,-501.418,0.08,2395.5,TRUE,CRUISE
7/25/2026, 05:02:36,  +00:00,   HKFH,-2.6612775,37.7511711,4644,29.92,4971.4,14,147.69,145.9,-495.47,-1.81,-0.85,0,-0.03,149.9,150.7,28.5,8.6,61.75,79.86,50.27,151.9,89.57,1277.5,1896.12,91.64,693.63,4910.1,160,  GPS,150.3,113.1,115.9,125.3,118,0.006,-2.169,15.37,149.3,19.4,150.4,-0.4,1,   GPS,     VS,-0.4,-1.8,-515.7,     3D,3704,      ,       ,93,       ,147.69,4971.4,0,FALSE,1,1277.5,-495.47,-498.613,-0.1,2386.9,TRUE,CRUISE
7/25/2026, 05:02:39,  +00:00,   HKFH,-2.6624517,37.7518387,4628,29.92,4955.2,14,147.84,146.04,-484.24,-2.14,-0.26,0,-0.04,149.8,150.7,28.5,8.1,61.75,80.28,50.33,151.77,89.54,1280.03,1892.48,91.64,693.31,4893.9,161,  GPS,150.3,113.1,115.9,125.3,118,0.006,-2.167,15.33,149,19.4,150.4,-0.5,1,   GPS,     VS,-0.3,-2.1,-480.3,     3D,3704,      ,       ,92.5,       ,147.84,4955.2,0,FALSE,1,1280.03,-484.24,-495.323,-0.01,2370.7,TRUE,CRUISE
7/25/2026, 05:02:40,  +00:00,   HKFH,-2.6630397,37.7521744,4620,29.92,4946.7,14,147.78,146.16,-481.8,-2.13,-0.1,0,-0.02,149.8,150.7,28.5,7.8,61.6,80.41,50.38,151.71,89.57,1281.55,1893.66,91.68,693.53,4885.3,160,  GPS,150.3,113.1,115.9,125.3,118,0.006,-2.167,15.3,148.7,19.3,150.4,-0.5,1,   GPS,     VS,-0.3,-2.1,-511.8,     3D,3704,      ,       ,92.5,       ,147.78,4946.7,0,FALSE,1,1281.55,-481.8,-493.761,0.02,2362.2,TRUE,CRUISE
7/25/2026, 05:02:41,  +00:00,   HKFH,-2.6636028,37.752491,4613,29.92,4938.2,14,147.61,146.27,-480.62,-2.07,-0.32,-0.01,0,149.7,150.7,28.5,8.2,61.6,80.54,50.37,151.65,89.52,1281.37,1893.72,91.64,693.49,4876.9,160,  GPS,150.3,113.1,115.9,125.3,118,0.006,-2.166,15.26,148.4,19.3,150.4,-0.5,1,   GPS,     VS,-0.3,-2.1,-531.5,     3D,3704,      ,       ,92.5,       ,147.61,4938.2,0,FALSE,1,1281.37,-480.62,-493.161,0.02,2353.7,TRUE,CRUISE
7/25/2026, 05:02:41,  +00:00,   HKFH,-2.6641943,37.7528305,4605,29.92,4928.7,14,147.53,146.39,-473.66,-1.97,0.77,0.02,0.07,149.9,150.6,28.5,8.8,61.6,80.54,50.37,151.59,89.53,1281.83,1890.12,91.64,693.56,4867.4,160,  GPS,150.3,113.1,115.9,125.3,118,0.006,-2.165,15.21,148.1,19.2,150.4,-0.5,1,   GPS,     VS,-0.2,-2,-563,     3D,3704,      ,       ,92.5,       ,147.53,4928.7,0,FALSE,1,1281.83,-473.66,-492.426,0.07,2344.2,TRUE,CRUISE
7/25/2026, 05:02:42,  +00:00,   HKFH,-2.6647985,37.7531738,4595,29.92,4919.8,14,147.14,146.62,-480.99,-2.07,1.52,0.02,0.03,149.5,150.7,28.5,8.1,61.6,80.54,50.37,151.53,89.47,1281.97,1889.35,91.64,693.5,4858.5,160,  GPS,150.3,113.1,115.9,125.3,118,0.006,-2.167,15.16,147.7,19.2,150.4,-0.5,1,   GPS,     VS,-0.2,-2,-523.6,     3D,3704,      ,       ,92.5,       ,147.14,4919.8,0,FALSE,1,1281.97,-480.99,-490.719,-0.04,2335.3,TRUE,CRUISE
7/25/2026, 05:02:44,  +00:00,   HKFH,-2.6653833,37.7535057,4586,29.92,4910.4,14,146.52,146.82,-501.58,-1.71,0.86,0,0.12,149.2,150.9,28.5,7.8,61.6,80.54,50.38,151.46,89.57,1280.44,1894.09,91.63,693.59,4849.1,159,  GPS,150.3,113.1,115.9,125.3,118,0.006,-2.167,15.1,147.4,19.2,150.4,-0.5,1,   GPS,     VS,-0.2,-1.9,-566.9,     3D,3704,      ,       ,92.5,       ,146.52,4910.4,0,FALSE,1,1280.44,-501.58,-490.227,0.09,2325.9,TRUE,CRUISE
7/25/2026, 05:02:45,  +00:00,   HKFH,-2.665988,37.753849,4579,29.92,4901,14,146.15,146.95,-513,-1.83,0.63,0.01,0.06,149.2,151,28.5,8.1,61.6,80.41,50.38,151.4,89.48,1280.14,1892.02,91.65,693.6,4839.7,159,  GPS,150.3,113.1,115.9,125.3,118,0.005,-2.165,15.02,146.9,19.1,150.4,-0.5,1,   GPS,     VS,-0.3,-1.7,-555.1,     3D,3704,      ,       ,92.5,       ,146.15,4901,0,FALSE,1,1280.14,-513,-493.189,-0.06,2316.5,TRUE,CRUISE
7/25/2026, 05:02:46,  +00:00,   HKFH,-2.6666052,37.7541962,4570,29.92,4893.7,14,145.93,147.21,-508.31,-2.19,-1.48,-0.04,-0.09,149.1,150.7,28.5,8.2,61.89,80.15,50.41,151.34,89.63,1279.23,1895.07,91.64,693.92,4832.4,158,  GPS,150.3,113.1,115.9,125.3,118,0.005,-2.166,14.92,146.5,19.1,150.4,-0.5,1,   GPS,     VS,-0.3,-2.1,-440.9,     3D,3704,      ,       ,92.5,       ,145.93,4893.7,0,FALSE,1,1279.23,-508.31,-494.261,-0.15,2309.2,TRUE,CRUISE
7/25/2026, 05:02:46,  +00:00,   HKFH,-2.6671941,37.7545319,4563,29.92,4884.5,14,146.48,147.21,-487.52,-1.92,-0.33,0,0.02,149.7,150.7,28.5,8,61.89,79.86,50.47,151.28,89.56,1279.02,1900.21,91.66,693.99,4823.2,159,  GPS,150.3,113.1,115.9,125.3,118,0.005,-2.163,14.81,145.9,19,150.4,-0.5,1,   GPS,     VS,-0.2,-2.1,-535.4,     3D,3704,      ,       ,92.5,       ,146.48,4884.5,0,FALSE,1,1279.02,-487.52,-494.505,0.11,2300,TRUE,CRUISE
7/25/2026, 05:02:47,  +00:00,   HKFH,-2.6677942,37.7548752,4553,29.92,4876.2,13.8,147.45,147.27,-490.55,-1.96,0.81,0.01,0.11,149.7,150.6,28.5,7.7,62.19,79.33,50.47,151.23,89.52,1281.06,1894.34,91.63,693.77,4814.9,160,  GPS,150.3,113.1,115.9,125.3,118,0.005,-2.165,14.7,145.3,19,150.4,-0.5,1,   GPS,     VS,0,-2,-500,     3D,3704,      ,       ,92.5,       ,147.45,4876.2,0,FALSE,1,1281.06,-490.55,-495.447,0.09,2291.7,TRUE,CRUISE
7/25/2026, 05:02:50,  +00:00,   HKFH,-2.6689792,37.7555504,4538,29.92,4861,13.8,148.36,147.42,-513.86,-2.1,-0.22,-0.01,-0.02,149.7,150.7,28.5,8,62.33,78.98,50.45,151.13,89.59,1279.67,1898.58,91.64,693.66,4799.7,161,  GPS,150.3,113.1,115.9,125.3,118,0.005,-2.164,14.5,144.2,18.9,150.4,-0.5,1,   GPS,     VS,0,-2.1,-464.6,     3D,3704,      ,       ,92.5,       ,148.36,4861,0,FALSE,1,1279.67,-513.86,-494.491,-0.13,2276.5,TRUE,CRUISE
7/25/2026, 05:02:51,  +00:00,   HKFH,-2.66957,37.7558861,4530,29.92,4853.1,13.8,148.74,147.44,-492.52,-2.12,0.45,0.01,-0.02,149.8,150.7,28.5,7.8,62.48,78.46,50.48,151.09,89.56,1281.4,1894.51,91.66,693.36,4791.8,161,  GPS,150.3,113.1,115.9,125.3,118,0.005,-2.163,14.41,143.7,18.9,150.4,-0.5,1,   GPS,     VS,0,-2.1,-476.4,     3D,3704,      ,       ,92.5,       ,148.74,4853.1,0,FALSE,1,1281.4,-492.52,-492.11,0,2268.6,TRUE,CRUISE
7/25/2026, 05:02:52,  +00:00,   HKFH,-2.6701403,37.7562103,4522,29.92,4844.8,13.8,148.65,147.52,-483.06,-2.04,0.19,0,0.03,149.9,150.7,28.5,7.7,62.77,77.93,50.5,151.05,89.56,1282.45,1892.92,91.63,693.47,4783.5,161,  GPS,150.3,113.1,115.9,125.3,118,0.004,-2.163,14.33,143.2,18.8,150.4,-0.5,1,   GPS,     VS,-0.1,-2.1,-511.8,     3D,3704,      ,       ,92.5,       ,148.65,4844.8,0,FALSE,1,1282.45,-483.06,-489.872,0.05,2260.3,TRUE,CRUISE
7/25/2026, 05:02:52,  +00:00,   HKFH,-2.6708047,37.756588,4513,29.92,4835.4,13.8,148.36,147.62,-483.08,-1.97,-0.23,0,0.01,149.7,150.8,28.5,7.4,62.92,77.58,50.55,151,89.62,1281.63,1897.83,91.65,693.58,4774.1,161,  GPS,150.3,113.1,115.9,125.3,118,0.004,-2.161,14.17,142.3,18.8,150.4,-0.5,1,   GPS,     VS,-0.1,-2,-503.9,     3D,3704,      ,       ,92.5,       ,148.36,4835.4,0,FALSE,1,1281.63,-483.08,-489.15,-0.02,2250.9,TRUE,CRUISE
7/25/2026, 05:02:54,  +00:00,   HKFH,-2.671932,37.7572289,4498,29.92,4819.6,13.8,148.91,147.58,-471.43,-2.05,-0.1,0.01,-0.04,150.1,150.7,28.5,7.7,62.92,77.4,50.56,150.9,89.59,1282.31,1896.36,91.65,693.61,4758.3,161,  GPS,150.3,113.1,115.9,125.3,118,0.004,-2.16,14.1,141.9,18.7,150.4,-0.5,1,   GPS,     VS,-0.1,-2.1,-515.7,     3D,3704,      ,       ,92.5,       ,148.91,4819.6,0,FALSE,1,1282.31,-471.43,-490.373,-0.05,2235.1,TRUE,CRUISE
7/25/2026, 05:02:56,  +00:00,   HKFH,-2.6725357,37.7575684,4489,29.92,4809.9,13.5,149.15,147.56,-477.77,-1.8,0.7,0,0.08,150.1,150.8,28.5,7.5,62.92,77.4,50.59,150.84,89.62,1283.74,1895.41,91.64,693.63,4748.6,161,  GPS,150.3,113.1,115.9,125.3,118,0.004,-2.16,14.04,141.6,18.7,150.4,-0.5,1,   GPS,     VS,-0.1,-1.9,-566.9,     3D,3704,      ,       ,92.5,       ,149.15,4809.9,0,FALSE,1,1283.74,-477.77,-490.533,0.12,2225.4,TRUE,CRUISE
7/25/2026, 05:02:57,  +00:00,   HKFH,-2.6731346,37.7579079,4481,29.92,4801.7,13.5,149.16,147.62,-490.62,-1.99,0.04,0.01,-0.04,150.1,150.9,28.5,7.2,63.07,77.4,50.6,150.78,89.66,1284.44,1894.93,91.65,693.89,4740.3,161,  GPS,150.3,113.1,115.9,125.3,118,0.004,-2.16,13.98,141.3,18.6,150.4,-0.5,1,   GPS,     VS,-0.2,-1.9,-503.9,     3D,3704,      ,       ,92.5,       ,149.16,4801.7,0,FALSE,1,1284.44,-490.62,-489.051,-0.12,2217.2,TRUE,CRUISE
7/25/2026, 05:02:58,  +00:00,   HKFH,-2.6737502,37.7582512,4472,29.92,4792.7,13.5,148.97,147.62,-501.09,-1.93,-0.33,-0.01,-0.03,149.9,151,28.5,8,63.07,77.4,50.56,150.72,89.64,1283.61,1896.38,91.63,693.77,4731.3,161,  GPS,150.3,113.1,115.9,125.3,118,0.004,-2.16,13.94,141.1,18.6,150.4,-0.5,1,   GPS,     VS,-0.3,-2,-519.7,     3D,3704,      ,       ,92.5,       ,148.97,4792.7,0,FALSE,1,1283.61,-501.09,-490.128,0.01,2208.2,TRUE,CRUISE
7/25/2026, 05:02:58,  +00:00,   HKFH,-2.6743305,37.7585793,4465,29.92,4783.7,13.8,148.96,147.58,-499.75,-1.81,-0.92,-0.01,0.02,150.2,151,28.5,7.7,62.92,77.76,50.57,150.66,89.67,1284.03,1895.13,91.65,693.79,4722.4,161,  GPS,150.3,113.1,115.9,125.3,118,0.003,-2.158,13.9,140.8,18.6,150.4,-0.5,1,   GPS,     VS,-0.3,-1.9,-547.2,     3D,3704,      ,       ,92.5,       ,148.96,4783.7,0,FALSE,1,1284.03,-499.75,-491.455,0.05,2199.2,TRUE,CRUISE
7/25/2026, 05:02:59,  +00:00,   HKFH,-2.6749494,37.758934,4456,29.92,4774.7,13.8,148.99,147.58,-492.15,-1.92,0.11,0,0.03,150.3,150.9,28.5,7.4,62.92,77.76,50.6,150.61,89.71,1284.37,1894.26,91.67,693.65,4713.4,161,  GPS,150.3,113.1,115.9,125.3,118,0.003,-2.159,13.86,140.7,18.5,150.4,-0.5,1,   GPS,     VS,-0.3,-1.9,-523.6,     3D,3704,      ,       ,92.5,       ,148.99,4774.7,0,FALSE,1,1284.37,-492.15,-492.799,0.01,2190.2,TRUE,CRUISE
7/25/2026, 05:03:01,  +00:00,   HKFH,-2.6755366,37.7592621,4447,29.92,4766.5,13.8,148.81,147.63,-499.04,-2.08,0.21,0,-0.02,150.2,150.9,28.5,7.3,62.92,77.93,50.63,150.55,89.72,1285.47,1892.86,91.65,693.58,4705.2,161,  GPS,150.3,113.1,115.9,125.3,118,0.003,-2.159,13.82,140.5,18.5,150.4,-0.5,1,   GPS,     VS,-0.3,-2,-503.9,     3D,3704,      ,       ,92.5,       ,148.81,4766.5,0,FALSE,1,1285.47,-499.04,-495.837,-0.05,2182,TRUE,CRUISE
7/25/2026, 05:03:02,  +00:00,   HKFH,-2.6761088,37.7595863,4439,29.92,4758.7,13.8,148.49,147.73,-503.29,-2.13,-0.41,0,-0.04,150.1,151,28.5,7.9,62.92,77.93,50.6,150.5,89.7,1283.86,1895.63,91.65,693.52,4697.2,161,  GPS,150.3,113.1,115.9,125.3,118,0.003,-2.158,13.79,140.4,18.4,150.4,-0.5,1,   GPS,     VS,-0.3,-2.1,-500,     3D,3704,      ,       ,92.5,       ,148.49,4758.7,0,FALSE,1,1283.86,-503.29,-497.077,-0.02,2174.2,TRUE,CRUISE
7/25/2026, 05:03:03,  +00:00,   HKFH,-2.6767066,37.759922,4431,29.92,4749.8,13.8,148.35,147.77,-496.33,-2.02,-0.05,0.01,0.04,150.1,150.9,28.5,7.5,62.63,78.28,50.61,150.44,89.72,1284.36,1895.73,91.63,693.67,4688.2,160,  GPS,150.3,113.1,115.9,125.3,118,0.003,-2.157,13.75,140.4,18.4,150.4,-0.5,1,   GPS,     VS,-0.3,-2.1,-527.6,     3D,3704,      ,       ,92.5,       ,148.35,4749.8,0,FALSE,1,1284.36,-496.33,-497.461,0.08,2165.3,TRUE,CRUISE
7/25/2026, 05:03:03,  +00:00,   HKFH,-2.6773088,37.7602654,4422,29.92,4741.6,13.8,148.35,147.87,-496.52,-2.12,-0.04,0.01,-0.04,149.9,150.9,28.5,7.6,62.63,78.46,50.63,150.39,89.63,1284.28,1895.13,91.63,693.64,4680.1,160,  GPS,150.3,113.1,115.9,125.3,118,0.002,-2.158,13.71,140.3,18.3,150.4,-0.5,1,   GPS,     VS,-0.4,-2.1,-492.1,     3D,3704,      ,       ,92.5,       ,148.35,4741.6,0,FALSE,1,1284.28,-496.52,-498.142,-0.08,2157.1,TRUE,CRUISE
7/25/2026, 05:03:04,  +00:00,   HKFH,-2.6779158,37.7606049,4414,29.92,4732.9,13.8,148.4,147.91,-501.81,-1.99,-0.53,-0.02,0.02,149.9,150.8,28.5,6.9,62.48,78.63,50.66,150.35,89.65,1285.67,1894.88,91.65,693.75,4671.2,160,  GPS,150.3,113.1,115.9,125.3,118,0.002,-2.157,13.67,140.3,18.3,150.4,-0.5,1,   GPS,     VS,-0.4,-2.1,-523.6,     3D,3704,      ,       ,92.5,       ,148.4,4732.9,0,FALSE,1,1285.67,-501.81,-498.795,0.06,2148.4,TRUE,CRUISE
7/25/2026, 05:03:05,  +00:00,   HKFH,-2.6785352,37.7609558,4407,29.92,4723.3,13.8,148.41,147.97,-490.17,-1.86,0.29,0.03,0.04,150.2,150.9,28.5,7.7,62.33,78.81,50.68,150.3,89.71,1285.93,1894.72,91.65,693.66,4661.8,160,  GPS,150.3,113.1,115.9,125.3,118,0.002,-2.155,13.63,140.3,18.3,150.4,-0.5,1,   GPS,     VS,-0.4,-1.9,-543.3,     3D,3704,      ,       ,92.5,       ,148.41,4723.3,0,FALSE,1,1285.93,-490.17,-499.201,0.02,2138.8,TRUE,CRUISE
7/25/2026, 05:03:07,  +00:00,   HKFH,-2.6791353,37.7612953,4397,29.92,4715,13.8,148.3,148.02,-494.46,-1.94,-0.22,0.01,0,149.9,150.8,28.5,7.2,62.33,78.81,50.67,150.26,89.69,1285.47,1894.77,91.63,693.46,4653.4,160,  GPS,150.3,113.1,115.9,125.3,118,0.002,-2.157,13.58,140.2,18.2,150.4,-0.5,1,   GPS,     VS,-0.4,-1.9,-507.9,     3D,3704,      ,       ,92.5,       ,148.3,4715,0,FALSE,1,1285.47,-494.46,-498.009,-0.04,2130.5,TRUE,CRUISE
7/25/2026, 05:03:08,  +00:00,   HKFH,-2.6797278,37.761631,4389,29.92,4706.4,14,148.27,148.04,-507.9,-1.86,-0.67,-0.01,0.04,149.8,150.9,28.5,7.4,62.33,78.81,50.7,150.22,89.8,1285.7,1897.67,91.66,693.38,4644.8,160,  GPS,150.3,113.1,115.9,125.3,118,0.002,-2.157,13.53,140.2,18.2,150.4,-0.5,1,   GPS,     VS,-0.4,-1.9,-519.7,     3D,3704,      ,       ,92.5,       ,148.27,4706.4,0,FALSE,1,1285.7,-507.9,-495.574,0.04,2121.9,TRUE,CRUISE
7/25/2026, 05:03:09,  +00:00,   HKFH,-2.6803107,37.7619591,4381,29.92,4698.1,14,148.56,148,-506.28,-1.83,-0.7,0,-0.01,149.7,150.8,28.5,6.7,62.33,78.81,50.7,150.18,89.8,1285.69,1897.76,91.63,693.45,4636.6,161,  GPS,150.3,113.1,115.9,125.3,118,0.002,-2.155,13.48,140.2,18.1,150.4,-0.5,1,   GPS,     VS,-0.4,-1.9,-507.9,     3D,3704,      ,       ,92.5,       ,148.56,4698.1,0,FALSE,1,1285.69,-506.28,-494.634,-0.05,2113.6,TRUE,CRUISE
7/25/2026, 05:03:09,  +00:00,   HKFH,-2.680922,37.76231,4373,29.92,4689.4,14,149.02,147.97,-496.21,-1.87,-0.62,0,0.05,149.7,150.7,28.5,7.5,62.33,78.81,50.73,150.14,89.76,1285.72,1898.37,91.66,693.38,4627.9,161,  GPS,150.3,113.1,115.9,125.3,118,0.001,-2.155,13.44,140.1,18.1,150.4,-0.5,1,   GPS,     VS,-0.3,-1.9,-507.9,     3D,3704,      ,       ,92.5,       ,149.02,4689.4,0,FALSE,1,1285.72,-496.21,-492.769,0.06,2104.9,TRUE,CRUISE
7/25/2026, 05:03:10,  +00:00,   HKFH,-2.6815012,37.7626419,4365,29.92,4681.9,14,149.46,147.91,-487.12,-2.08,1.56,0.01,0.01,150,150.6,28.5,7.3,62.33,78.81,50.73,150.1,89.87,1284.81,1900.22,91.62,693.1,4620.3,161,  GPS,150.3,113.1,115.9,125.3,118,0.001,-2.154,13.4,140.1,18.1,150.4,-0.5,1,   GPS,     VS,-0.3,-2,-468.5,     3D,3704,      ,       ,92.5,       ,149.46,4681.9,0,FALSE,1,1284.81,-487.12,-490.762,-0.04,2097.4,TRUE,CRUISE
7/25/2026, 05:03:11,  +00:00,   HKFH,-2.6820877,37.7629738,4357,29.92,4674.1,14,149.79,147.93,-478.94,-2.25,0.97,0.02,0.02,150.1,150.8,28.5,7.3,62.33,78.81,50.65,150.06,89.72,1285.59,1892.42,91.57,692.63,4612.6,162,  GPS,150.3,113.1,115.9,125.3,118,0.001,-2.153,13.38,140.1,18,150.4,-0.5,1,   GPS,     VS,-0.3,-2.2,-476.4,     3D,3704,      ,       ,92.5,       ,149.79,4674.1,0,FALSE,1,1285.59,-478.94,-489.716,0.01,2089.6,TRUE,CRUISE
7/25/2026, 05:03:13,  +00:00,   HKFH,-2.6826923,37.7633133,4349,29.92,4665.5,14,149.72,147.95,-486.93,-2.12,-0.19,-0.01,-0.09,149.9,151.1,28.5,6.5,62.33,78.81,50.66,150.02,89.83,1283.49,1897.66,91.57,692.65,4603.9,162,  GPS,150.3,113.1,115.9,125.3,118,0.001,-2.154,13.37,140.1,18,150.4,-0.5,1,   GPS,     VS,-0.4,-2.2,-511.8,     3D,3704,      ,       ,92.5,       ,149.72,4665.5,0,FALSE,1,1283.49,-486.93,-483.908,-0.11,2081,TRUE,CRUISE
7/25/2026, 05:03:14,  +00:00,   HKFH,-2.6833019,37.7636528,4342,29.92,4655.5,14,149.6,147.97,-477.87,-1.82,0.13,0.02,0.2,150.2,151.1,28.5,7.2,62.33,78.81,50.68,149.97,89.6,1285.98,1890.3,91.61,692.94,4593.9,162,  GPS,150.3,113.1,115.9,125.3,118,0.001,-2.151,13.37,140.1,17.9,150.4,-0.5,1,   GPS,    ALT,-0.5,-1.6,-578.7,     3D,3704,      ,       ,92.5,       ,149.6,4655.5,0,FALSE,1,1285.98,-477.87,-475.004,0.29,2071,TRUE,CRUISE
7/25/2026, 05:03:14,  +00:00,   HKFH,-2.6838899,37.7639847,4332,29.92,4650.1,14,148.86,148.2,-481.74,-1.98,-0.93,-0.01,-0.04,149.2,151.2,28.5,7,62.33,78.63,50.72,149.93,89.83,1283.72,1897.24,91.61,693.16,4588.5,161,  GPS,150.3,113.1,115.9,125.3,118,0,-2.152,13.36,140.1,17.9,150.4,-0.5,1,   GPS,    ALT,-0.7,-2.1,-370.1,     3D,3704,      ,       ,92.5,       ,148.86,4650.1,0,FALSE,1,1283.72,-481.74,-465.42,-0.24,2065.6,TRUE,CRUISE
7/25/2026, 05:03:15,  +00:00,   HKFH,-2.6845217,37.7643318,4328,29.92,4642.7,14,148.47,148.18,-479.71,-1.53,-1.41,-0.03,0.06,149.5,151.2,28.5,7.1,62.19,78.63,50.74,149.88,89.84,1284.32,1899.55,91.63,693.37,4580.9,160,  GPS,150.3,113.1,115.9,125.3,118,0,-2.148,13.35,140.1,17.9,150.4,-0.5,1,   GPS,    ALT,-0.7,-1.8,-425.2,     3D,3704,      ,       ,92.5,       ,148.47,4642.7,0,FALSE,1,1284.32,-479.71,-451.986,0.1,2058.2,TRUE,CRUISE
7/25/2026, 05:03:16,  +00:00,   HKFH,-2.6851151,37.7646713,4322,29.92,4635.1,14,148.9,148.04,-436.38,-1.02,-1.47,0,0.09,149.9,150.9,28.5,6.9,62.19,78.46,50.76,149.84,89.76,1284.3,1898.04,91.63,693.32,4573.6,161,  GPS,150.3,113.1,115.9,125.3,118,0,-2.145,13.34,140,17.8,150.4,-0.5,1,   GPS,    ALT,-0.6,-0.9,-437,     3D,3704,      ,       ,92.5,       ,148.9,4635.1,0,FALSE,1,1284.3,-436.38,-432.316,0.03,2050.6,TRUE,CRUISE
7/25/2026, 05:03:18,  +00:00,   HKFH,-2.6857195,37.7650146,4313,29.92,4631,14,149.33,147.85,-418.86,-0.91,-0.13,0.02,0.04,149.7,150.7,28.5,7,62.19,78.46,50.8,149.8,89.8,1285.64,1896.79,91.62,693.61,4569.5,161,  GPS,150.3,113.1,115.9,125.3,118,0,-2.145,13.33,139.8,17.8,150.4,-0.5,1,   GPS,    ALT,-0.5,-0.8,-283.5,     3D,3704,      ,       ,92.5,       ,149.33,4631,0,FALSE,1,1285.64,-418.86,-406.929,-0.05,2046.5,TRUE,CRUISE
7/25/2026, 05:03:19,  +00:00,   HKFH,-2.686312,37.7653542,4309,29.92,4627.6,14,149.36,147.56,-410.44,-0.7,-0.55,-0.01,0.03,149.3,150.6,28.5,7,62.19,78.28,50.77,149.75,89.76,1286.19,1894.55,91.63,693.38,4566.1,161,  GPS,150.3,113.1,115.9,125.3,118,0,-2.141,13.32,139.7,17.7,150.4,-0.5,1,   GPS,    ALT,-0.4,-0.6,-216.5,     3D,3704,      ,       ,92.5,       ,149.36,4627.6,0,FALSE,1,1286.19,-410.44,-375.304,-0.01,2043.1,TRUE,CRUISE
7/25/2026, 05:03:20,  +00:00,   HKFH,-2.6869004,37.7656937,4307,29.92,4625.4,14,149.08,147.21,-361.87,-0.51,-0.74,0,0.05,149.3,150.5,28.5,7.2,62.19,78.11,50.78,149.71,89.8,1286.01,1894.83,91.63,693.3,4563.9,161,  GPS,150.3,113.1,115.9,125.3,118,0,-2.134,13.32,139.6,17.7,150.4,-0.5,1,   GPS,    ALT,-0.3,-0.5,-149.6,     3D,3704,      ,       ,92.5,       ,149.08,4625.4,0,FALSE,1,1286.01,-361.87,-340.152,0.02,2040.9,TRUE,CRUISE
7/25/2026, 05:03:20,  +00:00,   HKFH,-2.687494,37.766037,4305,29.92,4623.7,14.2,148.87,146.78,-290.42,-0.37,-0.12,0.01,-0.04,149.3,150.4,28.5,6.7,62.19,77.93,50.77,149.67,89.83,1285.87,1895.1,91.61,693.11,4562.2,161,  GPS,150.3,113.1,115.9,125.3,118,0,-2.128,13.33,139.4,17.6,150.4,-0.5,1,   GPS,    ALT,-0.3,-0.4,-110.2,     3D,3704,      ,       ,92.5,       ,148.87,4623.7,0,FALSE,1,1285.87,-290.42,-300.563,-0.09,2039.2,TRUE,CRUISE
7/25/2026, 05:03:21,  +00:00,   HKFH,-2.6880784,37.7663689,4304,29.92,4622.5,14.2,148.63,146.33,-225.07,-0.31,0.41,0.02,0.02,149.2,150.4,28.5,6.7,62.48,77.58,50.75,149.63,89.64,1286.77,1892.46,91.6,693.16,4561,160,  GPS,150.3,113.1,115.9,125.3,118,0,-2.121,13.33,139.3,17.6,150.4,-0.5,1,   GPS,    ALT,-0.2,-0.3,-78.7,     3D,3704,      ,       ,92.5,       ,148.63,4622.5,0,FALSE,1,1286.77,-225.07,-258.509,0.06,2038,TRUE,CRUISE
7/25/2026, 05:03:22,  +00:00,   HKFH,-2.6886723,37.7667122,4302,29.92,4621.6,14.2,148.11,145.92,-170.68,-0.26,0.44,0,0.01,149.1,150.4,28.5,6.9,62.92,77.05,50.26,149.58,89.75,1275.97,1887.67,91.31,690.83,4560.1,160,  GPS,150.3,113.1,115.9,125.3,118,0,-2.114,13.34,139.2,17.6,150.4,-0.5,1,   GPS,    ALT,-0.2,-0.3,-55.1,     3D,3704,      ,       ,92.5,       ,148.11,4621.6,0,FALSE,1,1275.97,-170.68,-218.995,-0.01,2037.1,TRUE,CRUISE
7/25/2026, 05:03:24,  +00:00,   HKFH,-2.6892505,37.7670479,4302,29.92,4620.2,14.2,147.33,145.44,-126.35,0.01,-0.38,-0.01,0.05,149.2,150.3,28.5,7.3,63.51,77.05,49.96,149.54,89.63,1260.15,1893.89,91.18,689,4558.6,159,  GPS,150.3,113.1,115.9,125.3,118,0,-2.105,13.34,139.1,17.5,150.4,-0.5,1,   GPS,    ALT,-0.2,0,-82.7,     3D,3704,      ,       ,92,       ,147.33,4620.2,0,FALSE,1,1260.15,-126.35,-179.983,0.04,2035.7,TRUE,CRUISE
7/25/2026, 05:03:25,  +00:00,   HKFH,-2.6898384,37.7673874,4302,29.92,4620.7,14.2,146.89,144.91,-85.85,-0.16,-0.73,0,-0.01,149.3,150.4,28.5,6.6,64.39,76.35,49.9,149.51,89.71,1251.5,1896.38,91.19,688.79,4559.2,159,  GPS,150.3,113.1,115.9,125.3,118,0,-2.097,13.35,138.9,17.5,150.4,-0.5,1,   GPS,    ALT,-0.1,-0.1,7.9,     3D,3704,      ,       ,92,       ,146.89,4620.7,0,FALSE,1,1251.5,-85.85,-139.801,-0.06,2036.2,TRUE,CRUISE
7/25/2026, 05:03:25,  +00:00,   HKFH,-2.6904089,37.7677155,4301,29.92,4621.3,14.2,146.88,144.39,-59.17,-0.37,-0.37,0,-0.05,149.2,150.3,28.5,6.3,65.12,75.48,49.9,149.47,89.73,1250.01,1893.71,91.22,689.42,4559.8,159,  GPS,150.3,113.1,115.9,125.3,118,0,-2.09,13.35,138.8,17.4,150.4,-0.5,1,   GPS,    ALT,-0.1,-0.4,31.5,     3D,3704,      ,       ,92,       ,146.88,4621.3,0,FALSE,1,1250.01,-59.17,-103.442,-0.04,2036.8,TRUE,CRUISE
7/25/2026, 05:03:26,  +00:00,   HKFH,-2.6909747,37.7680473,4301,29.92,4620.6,14.2,146.74,143.9,-41.24,-0.04,0.07,0.01,0.03,149.1,150.2,28.5,6.9,65.12,74.6,49.89,149.44,89.65,1249.74,1892.11,91.22,689.41,4559.1,158,  GPS,150.3,113.1,115.9,125.3,118,0,-2.081,13.36,138.7,17.4,150.4,-0.5,1,   GPS,    ALT,0,-0.2,-27.6,     3D,3704,      ,       ,92,       ,146.74,4620.6,0,FALSE,1,1249.74,-41.24,-74.864,0.08,2036.1,TRUE,CRUISE
7/25/2026, 05:03:27,  +00:00,   HKFH,-2.6915514,37.768383,4301,29.92,4620.7,14.5,146.45,143.42,-28.74,-0.02,-0.34,-0.01,-0.07,149,150.2,28.5,6.9,65.71,73.9,49.88,149.4,89.59,1248.57,1892.87,91.22,689.23,4559.2,158,  GPS,150.3,113.1,115.9,125.3,118,0,-2.073,13.4,138.5,17.4,150.4,-0.5,1,   GPS,    ALT,0,0,0,     3D,3704,      ,       ,92,       ,146.45,4620.7,0,FALSE,1,1248.57,-28.74,-52.869,-0.1,2036.2,TRUE,CRUISE
7/25/2026, 05:03:29,  +00:00,   HKFH,-2.6921148,37.7687073,4302,29.92,4620.8,14.5,146.16,142.91,-8.62,0.03,0.77,0.01,0.06,149.1,150.2,28.5,6.4,66.14,73.37,49.9,149.37,89.72,1248.97,1892.13,91.23,689.15,4559.3,158,  GPS,150.3,113.1,115.9,125.3,118,0,-2.063,13.4,138.5,17.3,150.4,-0.5,1,   GPS,    ALT,0,0,0,     3D,3704,      ,       ,92,       ,146.16,4620.8,0,FALSE,1,1248.97,-8.62,-36.067,0.13,2036.3,TRUE,CRUISE
7/25/2026, 05:03:30,  +00:00,   HKFH,-2.6926749,37.7690353,4301,29.92,4620.3,14.5,145.68,142.44,1.72,0.13,0.08,0,0.05,149,150.2,28.5,6.1,66.44,72.85,49.91,149.35,89.66,1250.7,1889.23,91.23,688.96,4558.8,157,  GPS,150.3,113.1,115.9,125.3,118,0,-2.056,13.42,138.4,17.3,150.4,-0.5,1,   GPS,    ALT,0,0.1,-27.6,     3D,3704,      ,       ,92,       ,145.68,4620.3,0,FALSE,1,1250.7,1.72,-23.547,-0.01,2035.8,TRUE,CRUISE
7/25/2026, 05:03:31,  +00:00,   HKFH,-2.693265,37.7693787,4301,29.92,4619.8,14.5,144.99,142,-4.64,0.12,-0.24,-0.01,0.02,149,150.2,28.5,6.7,66.44,72.85,49.92,149.32,89.59,1249.25,1892.53,91.26,688.96,4558.3,157,  GPS,150.3,113.1,115.9,125.3,118,0,-2.048,13.45,138.4,17.2,150.4,-0.5,1,   GPS,    ALT,0,0.2,-27.6,     3D,3704,      ,       ,92,       ,144.99,4619.8,0,FALSE,1,1249.25,-4.64,-15.07,-0.03,2035.3,TRUE,CRUISE
7/25/2026, 05:03:31,  +00:00,   HKFH,-2.693855,37.769722,4301,29.92,4620.3,14.5,144.29,141.57,-5.12,0.07,0.08,0,0,149,150.1,28.5,6.8,66.58,72.5,49.89,149.29,89.65,1248.93,1890.62,91.23,689.27,4558.7,156,  GPS,150.3,113.1,115.9,125.3,118,0,-2.039,13.48,138.3,17.2,150.4,-0.5,1,   GPS,    ALT,0.1,0.1,15.7,     3D,3704,      ,       ,92,       ,144.29,4620.3,0,FALSE,1,1248.93,-5.12,-9.358,-0.02,2035.8,TRUE,CRUISE
7/25/2026, 05:03:32,  +00:00,   HKFH,-2.6944211,37.77005,4301,29.92,4619.8,14.5,143.64,141.16,-2.66,0.09,-0.1,0,0.03,148.9,150.1,28.5,6.6,66.58,72.32,49.89,149.27,89.71,1247.5,1892.37,91.23,689.11,4558.2,155,  GPS,150.3,113.1,115.9,125.3,118,0,-2.031,13.5,138.2,17.2,150.4,-0.5,1,   GPS,    ALT,0.1,0.1,-15.7,     3D,3704,      ,       ,92,       ,143.64,4619.8,0,FALSE,1,1247.5,-2.66,-5.886,0.03,2035.3,TRUE,CRUISE
7/25/2026, 05:03:34,  +00:00,   HKFH,-2.6949785,37.7703781,4301,29.92,4619.9,14.5,143.25,140.77,-1.15,0.09,0.24,0,-0.05,149,150.1,28.5,6.3,66.58,72.32,49.9,149.24,89.72,1247.3,1892.97,91.23,689.09,4558.3,155,  GPS,150.3,113.1,115.9,125.3,118,0.001,-2.023,13.52,138.1,17.1,150.4,-0.5,1,   GPS,    ALT,0.1,0.1,3.9,     3D,3704,      ,       ,92,       ,143.25,4619.9,0,FALSE,1,1247.3,-1.15,-2.697,-0.08,2035.4,TRUE,CRUISE
7/25/2026, 05:03:35,  +00:00,   HKFH,-2.6955402,37.7707062,4301,29.92,4619.2,14.5,142.96,140.37,-1.08,0.23,0.21,0,-0.05,148.9,150.1,28.5,6.6,66.14,72.32,49.91,149.22,89.69,1247.95,1892.09,91.23,689.22,4557.7,154,  GPS,150.3,113.1,115.9,125.3,118,0.001,-2.014,13.54,138.1,17.1,150.4,-0.5,1,   GPS,    ALT,0.2,0.2,-31.5,     3D,3704,      ,       ,92,       ,142.96,4619.2,0,FALSE,1,1247.95,-1.08,-1.175,0,2034.7,TRUE,CRUISE
7/25/2026, 05:03:36,  +00:00,   HKFH,-2.6960859,37.7710228,4301,29.92,4618.4,14.8,142.71,139.98,-2.05,0.44,1.26,0,0.11,149,150.3,28.5,6.8,65.85,72.67,49.91,149.2,89.59,1249.2,1888.05,91.22,689.1,4556.9,154,  GPS,150.3,113.1,115.9,125.3,118,0.001,-2.006,13.57,138,17.1,150.4,-0.5,1,   GPS,    ALT,0.1,0.4,-43.3,     3D,3704,      ,       ,92,       ,142.71,4618.4,0,FALSE,1,1249.2,-2.05,-2.927,0.16,2033.9,TRUE,CRUISE
7/25/2026, 05:03:36,  +00:00,   HKFH,-2.6966491,37.771347,4301,29.92,4619,14.8,141.91,139.67,-6.52,0.12,0.58,-0.01,-0.07,148.7,150.3,28.5,6.7,65.85,72.67,49.89,149.18,89.73,1246.62,1893.91,91.22,689.33,4557.4,153,  GPS,150.3,113.1,115.9,125.3,118,0.001,-1.998,13.59,138,17,150.4,-0.5,1,   GPS,    ALT,0.1,0.3,19.7,     3D,3704,      ,       ,92,       ,141.91,4619,0,FALSE,1,1246.62,-6.52,-4.717,-0.18,2034.5,TRUE,CRUISE
7/25/2026, 05:03:37,  +00:00,   HKFH,-2.6971998,37.7716675,4302,29.92,4618.4,14.8,141.17,139.35,3.15,0.21,-0.08,-0.01,0,149,150.2,28.5,5.7,65.71,72.67,49.89,149.16,89.71,1246.47,1893.82,91.26,689.49,4556.9,153,  GPS,150.3,113.1,115.9,125.3,118,0.001,-1.989,13.6,137.9,17,150.4,-0.5,1,   GPS,    ALT,0.1,0.2,-27.6,     3D,3704,      ,       ,92,       ,141.17,4618.4,0,FALSE,1,1246.47,3.15,-6.6,0.07,2033.9,TRUE,CRUISE
7/25/2026, 05:03:38,  +00:00,   HKFH,-2.6977673,37.7720032,4300,29.92,4617.5,14.8,140.73,139.04,6.6,0.46,0.48,0,0.04,149.3,150.1,28.5,6.6,65.71,72.67,49.89,149.15,89.74,1245.49,1895.74,91.24,689.68,4556,152,  GPS,150.3,113.1,115.9,125.3,118,0.001,-1.982,13.61,137.8,16.9,150.4,-0.5,1,   GPS,    ALT,0.2,0.4,-51.2,     3D,3704,      ,       ,92,       ,140.73,4617.5,0,FALSE,1,1245.49,6.6,-8.468,0.04,2033,TRUE,CRUISE
7/25/2026, 05:03:40,  +00:00,   HKFH,-2.6983442,37.7723351,4300,29.92,4618.1,14.8,140.56,138.71,-15.8,0.26,-0.01,0,-0.06,149.1,150.2,28.5,6.7,66.14,72.15,49.87,149.13,89.71,1246.37,1890.79,91.22,689.65,4556.5,152,  GPS,150.3,113.1,115.9,125.3,118,0.001,-1.976,13.6,137.6,16.9,150.4,-0.5,1,   GPS,    ALT,0.2,0.4,15.7,     3D,3704,      ,       ,92,       ,140.56,4618.1,0,FALSE,1,1246.37,-15.8,-8.172,-0.1,2033.6,TRUE,CRUISE
7/25/2026, 05:03:41,  +00:00,   HKFH,-2.6988909,37.7726517,4300,29.92,4617.8,14.8,140.09,138.4,-22.54,0.48,0.12,0.02,-0.04,149.2,150.2,28.5,6.6,66.44,71.8,49.89,149.12,89.68,1246.43,1892.5,91.23,689.88,4556.3,151,  GPS,150.3,113.1,115.9,125.3,118,0.001,-1.966,13.6,137.6,16.9,150.4,-0.5,1,   GPS,    ALT,0.2,0.4,-7.9,     3D,3704,      ,       ,92,       ,140.09,4617.8,0,FALSE,1,1246.43,-22.54,-7.142,0.02,2033.3,TRUE,CRUISE
7/25/2026, 05:03:41,  +00:00,   HKFH,-2.6994541,37.7729836,4299,29.92,4616.9,14.8,139.56,138.07,-23.95,0.85,0.44,0.01,0.06,149,150.4,28.5,5.7,67.02,71.44,49.9,149.1,89.69,1247.43,1892.05,91.24,689.86,4555.4,151,  GPS,150.3,113.1,115.9,125.3,118,0.001,-1.959,13.58,137.5,16.8,150.4,-0.5,1,   GPS,    ALT,0.2,0.8,-43.3,     3D,3704,      ,       ,92,       ,139.56,4616.9,0,FALSE,1,1247.43,-23.95,-6.267,0.1,2032.4,TRUE,CRUISE
7/25/2026, 05:03:42,  +00:00,   HKFH,-2.700016,37.773304,4300,29.92,4618,14.8,138.92,137.78,-21.34,0.41,-1.47,-0.02,-0.03,149.1,150.4,28.5,6.5,67.02,71.44,49.89,149.09,89.8,1247.58,1890.21,91.23,689.77,4556.5,150,  GPS,150.3,113.1,115.9,125.3,118,0.001,-1.95,13.56,137.4,16.8,150.4,-0.5,1,   GPS,    ALT,0.1,0.6,43.3,     3D,3704,      ,       ,92,       ,138.92,4618,0,FALSE,1,1247.58,-21.34,-4.418,-0.09,2033.5,TRUE,CRUISE
7/25/2026, 05:03:43,  +00:00,   HKFH,-2.7005527,37.7736168,4301,29.92,4618.1,14.8,138.48,137.51,1.81,0.36,-0.62,0.01,0.05,149.1,150.2,28.5,6.4,67.46,71.09,49.87,149.08,89.64,1246.98,1889.66,91.22,689.48,4556.6,150,  GPS,150.3,113.1,115.9,125.3,118,0.001,-1.941,13.53,137.4,16.7,150.4,-0.5,1,   GPS,    ALT,0.1,0.4,7.9,     3D,3704,      ,       ,92,       ,138.48,4618.1,0,FALSE,1,1246.98,1.81,-3.298,0.08,2033.6,TRUE,CRUISE
7/25/2026, 05:03:45,  +00:00,   HKFH,-2.7010796,37.7739258,4300,29.92,4619.2,14.8,138.13,137.29,9.22,0.22,-0.27,0,-0.04,148.7,149.9,28.5,6.4,67.9,70.74,49.89,149.07,89.83,1245.13,1896.46,91.24,689.45,4557.7,149,  GPS,150.3,113.1,115.9,125.3,118,0.001,-1.934,13.48,137.3,16.7,150.4,-0.5,1,   GPS,    ALT,0.2,0.2,59.1,     3D,3704,      ,       ,92,       ,138.13,4619.2,0,FALSE,1,1245.13,9.22,-2.661,-0.09,2034.7,TRUE,CRUISE
7/25/2026, 05:03:46,  +00:00,   HKFH,-2.7016382,37.7742538,4301,29.92,4619.1,14.8,138.2,137.04,6.7,0.44,-0.16,-0.01,0,148.6,149.8,28.5,5.8,68.34,70.57,49.86,149.07,89.75,1245.58,1894.9,91.24,689.38,4557.5,149,  GPS,150.3,113.1,115.9,125.3,118,0.001,-1.925,13.43,137.2,16.7,150.4,-0.5,1,   GPS,    ALT,0.2,0.3,0,     3D,3704,      ,       ,92,       ,138.2,4619.1,0,FALSE,1,1245.58,6.7,0.352,0.04,2034.6,TRUE,CRUISE
7/25/2026, 05:03:47,  +00:00,   HKFH,-2.7021997,37.7745819,4301,29.92,4619.1,14.8,138.37,136.77,11.97,0.47,-0.14,0,-0.07,148.6,149.7,28.5,6.2,68.64,70.57,49.84,149.06,89.85,1244.26,1896.51,91.24,689.32,4557.6,150,  GPS,150.3,113.1,115.9,125.3,118,0.001,-1.917,13.38,137.1,16.6,150.4,-0.5,1,   GPS,    ALT,0.3,0.5,3.9,     3D,3704,      ,       ,92,       ,138.37,4619.1,0,FALSE,1,1244.26,11.97,4.668,-0.07,2034.6,TRUE,CRUISE
7/25/2026, 05:03:47,  +00:00,   HKFH,-2.702719,37.7748909,4301,29.92,4619.4,14.8,138.49,136.48,14.35,0.46,0.99,0,0.02,148.6,149.8,28.5,6.4,68.64,70.74,49.87,149.06,89.73,1244.91,1894.42,91.21,689.17,4557.8,150,  GPS,150.3,113.1,115.9,125.3,118,0.002,-1.909,13.34,137,16.6,150.4,-0.5,1,   GPS,    ALT,0.4,0.4,23.6,     3D,3704,      ,       ,92,       ,138.49,4619.4,0,FALSE,1,1244.91,14.35,8.184,0.09,2034.9,TRUE,CRUISE
7/25/2026, 05:03:48,  +00:00,   HKFH,-2.7032776,37.775219,4302,29.92,4619.6,14.8,138.64,136.19,12.97,0.43,1.09,0,-0.03,148.8,149.9,28.5,6.7,68.64,70.74,49.86,149.06,89.76,1244.47,1895.13,91.24,689.04,4558.1,150,  GPS,150.3,113.1,115.9,125.3,118,0.002,-1.901,13.3,136.9,16.6,150.4,-0.5,1,   GPS,    ALT,0.4,0.4,15.7,     3D,3704,      ,       ,92,       ,138.64,4619.6,0,FALSE,1,1244.47,12.97,9.365,-0.05,2035.1,TRUE,CRUISE
7/25/2026, 05:03:50,  +00:00,   HKFH,-2.7038338,37.7755432,4302,29.92,4619.6,14.8,138.69,135.93,14.33,0.43,0.52,-0.01,0,149.1,150,28.5,5.9,68.49,71.44,49.83,149.05,89.71,1245.12,1891.58,91.22,688.87,4558,150,  GPS,150.3,113.1,115.9,125.3,118,0.002,-1.892,13.28,136.9,16.5,150.4,-0.5,1,   GPS,    ALT,0.4,0.5,-3.9,     3D,3704,      ,       ,92,       ,138.69,4619.6,0,FALSE,1,1245.12,14.33,7.459,0.03,2035.1,TRUE,CRUISE
7/25/2026, 05:03:51,  +00:00,   HKFH,-2.7043812,37.7758598,4302,29.92,4619.5,14.8,138.36,135.76,20.62,0.36,0.29,0,0.01,149.4,150,28.5,6.3,68.2,72.15,49.86,149.05,89.8,1244.89,1891.95,91.23,688.83,4557.9,150,  GPS,150.3,113.1,115.9,125.3,118,0.002,-1.883,13.26,136.8,16.5,150.4,-0.5,1,   GPS,    ALT,0.4,0.4,-3.9,     3D,3704,      ,       ,92,       ,138.36,4619.5,0,FALSE,1,1244.89,20.62,5.73,0.01,2035,TRUE,CRUISE
7/25/2026, 05:03:52,  +00:00,   HKFH,-2.7049186,37.7761803,4301,29.92,4619.3,14.8,138,135.56,11.21,0.51,0.57,0.01,0.05,149.2,150,28.5,6.2,67.76,72.85,49.86,149.05,89.72,1244.88,1893.3,91.24,688.79,4557.7,149,  GPS,150.3,113.1,115.9,125.3,118,0.002,-1.877,13.24,136.8,16.4,150.4,-0.5,1,   GPS,    ALT,0.4,0.4,-15.7,     3D,3704,      ,       ,92,       ,138,4619.3,0,FALSE,1,1244.88,11.21,5.557,0.04,2034.8,TRUE,CRUISE
7/25/2026, 05:03:52,  +00:00,   HKFH,-2.7054539,37.7764893,4300,29.92,4619.7,14.8,137.58,135.39,-9.53,0.43,0.57,0,-0.02,148.9,150.1,28.5,6.7,67.32,73.55,49.85,149.05,89.73,1244.7,1891.15,91.23,688.91,4558.2,149,  GPS,150.3,113.1,115.9,125.3,118,0.002,-1.31,13.22,136.8,16.4,150.4,-0.5,1,   GPS,    ALT,0.4,0.5,19.7,     3D,3704,      ,       ,92,       ,137.58,4619.7,0,FALSE,1,1244.7,-9.53,5.942,-0.07,2035.2,TRUE,CRUISE
7/25/2026, 05:03:53,  +00:00,   HKFH,-2.7059963,37.7768021,4301,29.92,4619.7,14.8,137.1,135.23,-17.25,0.62,0.62,0,0.01,148.6,150.2,28.5,5.6,66.73,73.55,49.81,149.04,89.69,1244.22,1890.65,91.21,688.9,4558.2,148,  GPS,150.3,113.1,115.9,125.3,118,0.002,-1.3,13.2,136.9,16.4,150.4,-0.5,1,   GPS,    ALT,0.3,0.5,0,     3D,3704,      ,       ,92,       ,137.1,4619.7,0,FALSE,1,1244.22,-17.25,6.214,0.03,2035.2,TRUE,CRUISE
7/25/2026, 05:03:54,  +00:00,   HKFH,-2.7065511,37.7771263,4302,29.92,4619.5,15,136.46,135.04,-8.07,0.66,0.78,0,0.02,148.5,150.2,28.5,6.1,66.29,74.25,49.8,149.03,89.73,1242.2,1893.4,91.22,688.93,4557.9,147,  GPS,150.3,113.1,115.9,125.3,118,0.002,-1.292,13.18,136.9,16.3,150.4,-0.5,1,   GPS,    ALT,0.3,0.7,-11.8,     3D,3704,      ,       ,92,       ,136.46,4619.5,0,FALSE,1,1242.2,-8.07,6.404,0.01,2035,TRUE,CRUISE
7/25/2026, 05:03:56,  +00:00,   HKFH,-2.7070913,37.7774429,4302,29.92,4620.3,15,135.94,134.92,4.97,0.22,0.44,-0.01,-0.12,148.4,150.3,28.5,6.2,66.29,74.95,49.83,149.02,89.71,1243.64,1889.4,91.25,689.08,4558.8,147,  GPS,150.3,113.1,115.9,125.3,118,0.002,-1.286,13.15,136.9,16.3,150.4,-0.5,1,   GPS,    ALT,0.3,0.5,39.4,     3D,3704,      ,       ,92,       ,135.94,4620.3,0,FALSE,1,1243.64,4.97,4.952,-0.14,2035.8,TRUE,CRUISE
7/25/2026, 05:03:57,  +00:00,   HKFH,-2.7076349,37.7777519,4302,29.92,4619.8,15,135.49,134.83,15.82,0.35,0.36,-0.02,-0.04,148.4,150.4,28.5,6.4,66,75.3,49.8,149.02,89.77,1241.98,1893.24,91.21,689.25,4558.2,146,  GPS,150.3,113.1,115.9,125.3,118,0.002,-2.016,13.11,136.8,16.3,150.4,-0.5,1,   GPS,    ALT,0.3,0.3,-19.7,     3D,3704,      ,       ,92,       ,135.49,4619.8,0,FALSE,1,1241.98,15.82,1.34,0.08,2035.3,TRUE,CRUISE
7/25/2026, 05:03:57,  +00:00,   HKFH,-2.7081518,37.7780533,4303,29.92,4619.1,15,135.28,134.75,17.07,0.43,0.01,-0.02,-0.05,148.4,150.3,28.5,5.8,66,75.3,49.79,149.02,89.76,1240.22,1894.73,91.22,689.22,4557.6,146,  GPS,150.3,113.1,115.9,125.3,118,0.002,-2.009,13.08,136.7,16.2,150.4,-0.5,1,   GPS,    ALT,0.3,0.5,-35.4,     3D,3704,      ,       ,92,       ,135.28,4619.1,0,FALSE,1,1240.22,17.07,-1.582,-0.01,2034.6,TRUE,CRUISE
7/25/2026, 05:03:58,  +00:00,   HKFH,-2.7086911,37.7783623,4302,29.92,4618.6,15,135.42,134.57,14.87,0.53,0.41,0.01,0,148.6,150.1,28.5,6.2,66,75.3,49.79,149.01,89.76,1239.47,1895.99,91.23,689.01,4557.1,146,  GPS,150.3,113.1,115.9,125.3,118,0.003,-2.006,13.04,136.5,16.2,150.4,-0.5,1,   GPS,    ALT,0.4,0.5,-31.5,     3D,3704,      ,       ,92,       ,135.42,4618.6,0,FALSE,1,1239.47,14.87,-3.835,0.05,2034.1,TRUE,CRUISE
7/25/2026, 05:03:59,  +00:00,   HKFH,-2.7092345,37.7786827,4301,29.92,4618.1,15,135.67,134.44,-0.19,0.54,0.14,0,0.04,148.9,150.1,28.5,6,66.14,75.13,49.84,149.01,89.69,1242.92,1889.75,91.23,689.28,4556.6,147,  GPS,150.3,113.1,115.9,125.3,118,0.003,-2.002,13,136.3,16.1,150.4,-0.5,1,   GPS,    ALT,0.4,0.6,-27.6,     3D,3704,      ,       ,92,       ,135.67,4618.1,0,FALSE,1,1242.92,-0.19,-5.353,0.04,2033.6,TRUE,CRUISE
7/25/2026, 05:04:01,  +00:00,   HKFH,-2.7097802,37.7790031,4301,29.92,4618.6,15,135.41,134.4,-15.5,0.37,0.48,-0.01,-0.08,148.7,150.1,28.5,6.4,66.29,74.6,49.79,149.01,89.79,1241.2,1893.9,91.2,689.32,4557.1,146,  GPS,150.3,113.1,115.9,125.3,118,0.003,-1.995,12.97,136,16.1,150.4,-0.5,1,   GPS,    ALT,0.5,0.4,19.7,     3D,3704,      ,       ,92,       ,135.41,4618.6,0,FALSE,1,1241.2,-15.5,-5.921,-0.12,2034.1,TRUE,CRUISE
7/25/2026, 05:04:02,  +00:00,   HKFH,-2.7103403,37.7793312,4302,29.92,4617.6,15,134.95,134.32,-18.01,0.68,0.91,0,0.07,149,150.1,28.5,5.9,66.29,74.07,49.78,149,89.72,1242.32,1890.03,91.21,689.11,4555.9,146,  GPS,150.3,113.1,115.9,125.3,118,0.003,-1.989,12.92,135.8,16.1,150.4,-0.5,1,   GPS,    ALT,0.5,0.6,-51.2,     3D,3704,      ,       ,92,       ,134.95,4617.6,0,FALSE,1,1242.32,-18.01,-6.873,0.15,2033.1,TRUE,CRUISE
7/25/2026, 05:04:03,  +00:00,   HKFH,-2.711412,37.779953,4299,29.92,4617.8,15,134.47,134.14,-32.06,0.66,0.66,0,0.02,149,150.2,28.5,5.9,66.88,73.02,49.78,149,89.76,1239.78,1895.37,91.2,689.36,4556.1,145,  GPS,150.3,113.1,115.9,125.3,118,0.003,-1.979,12.82,135.4,16,150.4,-0.5,1,   GPS,    ALT,0.5,0.7,31.5,     3D,3704,      ,       ,92,       ,134.47,4617.8,0,FALSE,1,1239.78,-32.06,-9.304,-0.05,2033.3,TRUE,CRUISE
7/25/2026, 05:04:04,  +00:00,   HKFH,-2.7119489,37.780262,4300,29.92,4617.4,15,134.78,133.95,-32.43,0.9,-0.04,-0.02,0.04,149.1,150.2,28.5,6.5,67.17,72.32,49.78,149,89.68,1239.11,1895.49,91.22,689.1,4555.6,146,  GPS,150.3,113.1,115.9,125.3,118,0.003,-1.975,12.76,135.2,16,150.4,-0.5,1,   GPS,    ALT,0.4,0.8,-7.9,     3D,3704,      ,       ,92,       ,134.78,4617.4,0,FALSE,1,1239.11,-32.43,-11.653,0.02,2032.9,TRUE,CRUISE
7/25/2026, 05:04:06,  +00:00,   HKFH,-2.7124596,37.7805634,4301,29.92,4617.9,15,135.11,133.78,-13.75,0.83,0.37,0,-0.03,149.3,150.1,28.5,6,67.32,72.32,49.79,149,89.8,1239,1895.23,91.21,689.19,4556.1,146,  GPS,150.3,113.1,115.9,125.3,118,0.003,-1.97,12.7,135.1,15.9,150.4,-0.5,1,   GPS,    ALT,0.5,0.8,23.6,     3D,3704,      ,       ,92,       ,135.11,4617.9,0,FALSE,1,1239,-13.75,-13.335,-0.07,2033.4,TRUE,CRUISE
7/25/2026, 05:04:07,  +00:00,   HKFH,-2.7130151,37.7808838,4299,29.92,4617.5,15,135.23,133.56,-4.55,0.94,0.96,0,0.01,149.4,150.3,28.5,5.9,67.32,71.8,49.77,149.01,89.76,1240.27,1892.71,91.21,689.22,4555.8,146,  GPS,150.3,113.1,115.9,125.3,118,0.003,-1.968,12.65,135,15.9,150.4,-0.5,1,   GPS,    ALT,0.5,0.9,-15.7,     3D,3704,      ,       ,92,       ,135.23,4617.5,0,FALSE,1,1240.27,-4.55,-12.4,0.04,2033,TRUE,CRUISE
7/25/2026, 05:04:08,  +00:00,   HKFH,-2.7135332,37.7811852,4299,29.92,4617.7,15,135.01,133.35,-8.49,0.96,0.77,0.01,0.02,149.6,150.3,28.5,5.8,67.32,71.62,49.76,149.02,89.71,1238.86,1894.49,91.19,688.89,4556,146,  GPS,150.3,113.1,115.9,125.3,118,0.003,-1.967,12.6,135,15.8,150.4,-0.5,1,   GPS,    ALT,0.5,1,3.9,     3D,3704,      ,       ,92,       ,135.01,4617.7,0,FALSE,1,1238.86,-8.49,-9.407,0.01,2033.2,TRUE,CRUISE
7/25/2026, 05:04:08,  +00:00,   HKFH,-2.7140689,37.7814941,4300,29.92,4619,15,134.81,133.15,-6.42,0.68,0.73,0.01,-0.03,149.8,150.4,28.5,6.3,67.32,71.44,49.79,149.03,89.76,1238.33,1896.24,91.18,689.03,4557.2,146,  GPS,150.3,113.1,115.9,125.3,118,0.003,-1.963,12.55,135,15.8,150.4,-0.5,1,   GPS,    ALT,0.4,0.8,63,     3D,3704,      ,       ,91.5,       ,134.81,4619,0,FALSE,1,1238.33,-6.42,-6.533,-0.05,2034.5,TRUE,CRUISE
7/25/2026, 05:04:09,  +00:00,   HKFH,-2.7146075,37.7817993,4300,29.92,4619,15,134.9,132.96,-1.95,0.77,0.77,0,0.02,149.9,150.5,28.5,6,67.17,71.44,49.8,149.04,89.73,1239.99,1893.02,91.22,689.27,4557.3,146,  GPS,150.3,113.1,115.9,125.3,118,0.003,-1.96,12.51,135.1,15.8,150.4,-0.5,1,   GPS,    ALT,0.3,0.7,11.8,     3D,3704,      ,       ,91.5,       ,134.9,4619,0,FALSE,1,1239.99,-1.95,-1.889,0.05,2034.5,TRUE,CRUISE
7/25/2026, 05:04:11,  +00:00,   HKFH,-2.7151506,37.7821121,4301,29.92,4618.9,15,134.84,132.78,9.16,0.88,0.59,0.01,0,149.9,150.6,28.5,5.8,67.02,71.62,49.79,149.05,89.67,1238.9,1893.94,91.2,689.03,4557.1,146,  GPS,150.3,113.1,115.9,125.3,118,0.003,-1.955,12.47,135.2,15.7,150.4,-0.5,1,   GPS,    ALT,0.2,0.9,-7.9,     3D,3704,      ,       ,91.5,       ,134.84,4618.9,0,FALSE,1,1238.9,9.16,3.048,-0.02,2034.4,TRUE,CRUISE
7/25/2026, 05:04:12,  +00:00,   HKFH,-2.7156856,37.7824173,4300,29.92,4619.5,15,134.56,132.65,14.43,0.63,0.35,0.01,-0.02,149.7,150.6,28.5,5.8,67.02,71.62,49.78,149.06,89.76,1239.82,1891.23,91.18,688.93,4557.8,145,  GPS,150.3,113.1,115.9,125.3,118,0.003,-1.951,12.44,135.4,15.7,150.4,-0.5,1,   GPS,    ALT,0.1,0.7,31.5,     3D,3704,      ,       ,91.5,       ,134.56,4619.5,0,FALSE,1,1239.82,14.43,6.366,-0.02,2035,TRUE,CRUISE
7/25/2026, 05:04:13,  +00:00,   HKFH,-2.7162411,37.7827339,4301,29.92,4619.1,15,134.13,132.53,10.73,0.85,-0.55,-0.03,-0.05,149.6,150.7,28.5,6,66.88,71.62,49.76,149.06,89.7,1239.42,1891.87,91.17,688.81,4557.3,145,  GPS,150.3,113.1,115.9,125.3,118,0.003,-1.945,12.42,135.6,15.7,150.4,-0.5,1,   GPS,    ALT,0.1,0.8,-19.7,     3D,3704,      ,       ,91.5,       ,134.13,4619.1,0,FALSE,1,1239.42,10.73,9.685,-0.03,2034.6,TRUE,CRUISE
7/25/2026, 05:04:13,  +00:00,   HKFH,-2.7167742,37.7830391,4302,29.92,4618.4,15,133.81,132.38,14.38,0.99,-0.03,0,0.08,149.8,150.6,28.5,6.7,66.73,71.97,49.73,149.06,89.63,1238.37,1893.27,91.19,688.99,4556.6,145,  GPS,150.3,113.1,115.9,125.3,118,0.003,-1.941,12.39,135.8,15.6,150.4,-0.5,1,   GPS,    ALT,0.1,1.1,-39.4,     3D,3704,      ,       ,91.5,       ,133.81,4618.4,0,FALSE,1,1238.37,14.38,13.903,0.13,2033.9,TRUE,CRUISE
7/25/2026, 05:04:14,  +00:00,   HKFH,-2.7173014,37.7833405,4301,29.92,4620.5,15,133.57,132.32,16.94,0.53,0.08,0,-0.08,149.6,150.6,28.5,5.9,66.58,71.97,49.77,149.07,89.75,1238.44,1891.77,91.18,689.32,4558.8,144,  GPS,150.3,113.1,115.9,125.3,118,0.003,-1.934,12.37,136,15.6,150.4,-0.5,1,   GPS,    ALT,0.1,0.7,94.5,     3D,3704,      ,       ,91.5,       ,133.57,4620.5,0,FALSE,1,1238.44,16.94,18.142,-0.16,2036,TRUE,CRUISE
7/25/2026, 05:04:16,  +00:00,   HKFH,-2.717834,37.7836456,4303,29.92,4621.4,15,133.29,132.26,19.43,0.19,0.2,-0.01,-0.06,149.8,150.6,28.5,5.6,66.58,71.97,49.79,149.07,89.7,1239.6,1891.8,91.19,689.6,4559.7,144,  GPS,150.3,113.1,115.9,125.3,118,0.003,-1.926,12.35,136.2,15.5,150.4,-0.5,1,   GPS,    ALT,0.1,0.3,59.1,     3D,3704,      ,       ,91.5,       ,133.29,4621.4,0,FALSE,1,1239.6,19.43,19.563,0.02,2036.9,TRUE,CRUISE
7/25/2026, 05:04:17,  +00:00,   HKFH,-2.7183568,37.7839432,4303,29.92,4621.7,15,133.03,132.34,28.64,0.2,0.2,0,-0.03,149.8,150.8,28.5,6.1,66.88,71.97,49.78,149.07,89.72,1239.93,1891.57,91.19,689.29,4559.9,144,  GPS,150.3,113.1,115.9,125.3,118,0.003,-1.915,12.32,136.5,15.5,150.4,-0.5,1,   GPS,    ALT,0.1,0.2,19.7,     3D,3704,      ,       ,91.5,       ,133.03,4621.7,0,FALSE,1,1239.93,28.64,16.972,0.03,2037.2,TRUE,CRUISE
7/25/2026, 05:04:18,  +00:00,   HKFH,-2.7188909,37.7842445,4304,29.92,4621.7,15,132.63,132.51,33.69,0.12,0.22,0,-0.05,150,150.7,28.5,5.9,66.88,71.97,49.78,149.06,89.8,1240.68,1890.72,91.19,689.09,4559.9,143,  GPS,150.3,113.1,115.9,125.3,118,0.003,-1.901,12.29,136.7,15.5,150.4,-0.5,1,   GPS,    ALT,0.1,0.1,3.9,     3D,3704,      ,       ,91.5,       ,132.63,4621.7,0,FALSE,1,1240.68,33.69,12.206,-0.02,2037.2,TRUE,CRUISE
7/25/2026, 05:04:18,  +00:00,   HKFH,-2.7194147,37.7845459,4303,29.92,4620.3,15,132.24,132.65,35.97,0.49,0.08,0,0,150.3,150.6,28.5,5.8,67.32,71.8,49.77,149.06,89.67,1239.9,1891.98,91.19,688.98,4558.6,143,  GPS,150.3,113.1,115.9,125.3,118,0.003,-1.89,12.26,136.9,15.4,150.4,-0.5,1,   GPS,    ALT,0.1,0.4,-70.9,     3D,3704,      ,       ,91.5,       ,132.24,4620.3,0,FALSE,1,1239.9,35.97,8.418,0.05,2035.8,TRUE,CRUISE
7/25/2026, 05:04:19,  +00:00,   HKFH,-2.7199533,37.7848511,4302,29.92,4619.6,15,131.93,132.78,12.26,0.62,0.46,0.01,0.04,150.1,150.7,28.5,5.5,67.61,71.44,49.79,149.05,89.76,1239.26,1893.36,91.18,689.12,4557.9,143,  GPS,150.3,113.1,115.9,125.3,118,0.002,-1.879,12.2,137.2,15.4,150.4,-0.5,1,   GPS,    ALT,0,0.7,-43.3,     3D,3704,      ,       ,91.5,       ,131.93,4619.6,0,FALSE,1,1239.26,12.26,4.4,0.04,2035.1,TRUE,CRUISE
7/25/2026, 05:04:21,  +00:00,   HKFH,-2.7204976,37.7851601,4300,29.92,4620.1,15,131.87,132.86,-16.75,0.38,0.07,-0.01,0,149.8,151,28.5,5.7,68.05,71.27,49.79,149.04,89.79,1238.69,1896.53,91.18,689.2,4558.4,143,  GPS,150.3,113.1,115.9,125.3,118,0.002,-1.871,12.14,137.4,15.4,150.4,-0.5,1,   GPS,    ALT,-0.1,0.4,19.7,     3D,3704,      ,       ,91.5,       ,131.87,4620.1,0,FALSE,1,1238.69,-16.75,0.033,-0.04,2035.6,TRUE,CRUISE
7/25/2026, 05:04:22,  +00:00,   HKFH,-2.7210557,37.7854767,4301,29.92,4619.3,15,132.33,132.82,-33.23,0.7,-0.49,0,0.06,149.9,150.9,28.5,6,68.64,71.09,49.8,149.03,89.75,1237.42,1898.89,91.17,689.2,4557.5,143,  GPS,150.3,113.1,115.9,125.3,118,0.002,-1.862,12.07,137.7,15.3,150.4,-0.5,1,   GPS,    ALT,-0.1,0.6,-43.3,     3D,3704,      ,       ,91.5,       ,132.33,4619.3,0,FALSE,1,1237.42,-33.23,-3.228,0.06,2034.8,TRUE,CRUISE
7/25/2026, 05:04:23,  +00:00,   HKFH,-2.7215862,37.785778,4301,29.92,4619.6,15,133.45,132.75,-27.15,0.67,-0.51,0,-0.01,150,150.8,28.5,5.6,69.22,70.57,49.82,149.03,89.81,1236.02,1899.94,91.19,689.58,4557.9,144,  GPS,150.3,113.1,115.9,125.3,118,0.002,-1.856,12.01,137.9,15.3,150.4,-0.5,1,   GPS,    ALT,-0.2,0.7,7.9,     3D,3704,      ,       ,91.5,       ,133.45,4619.6,0,FALSE,1,1236.02,-27.15,-6.072,-0.07,2035.1,TRUE,CRUISE
7/25/2026, 05:04:23,  +00:00,   HKFH,-2.7221069,37.7860756,4300,29.92,4619.7,15,134.37,132.57,-25.8,0.71,0.04,0.01,0.01,150,150.7,28.5,5.8,69.81,70.22,49.82,149.02,89.69,1236.77,1896.23,91.19,689.78,4558,145,  GPS,150.3,113.1,115.9,125.3,118,0.002,-1.853,11.97,138.2,15.3,150.4,-0.5,1,   GPS,    ALT,-0.2,0.6,7.9,     3D,3704,      ,       ,91.5,       ,134.37,4619.7,0,FALSE,1,1236.77,-25.8,-9.773,0.02,2035.2,TRUE,CRUISE
7/25/2026, 05:04:24,  +00:00,   HKFH,-2.7226427,37.7863808,4300,29.92,4619.3,15,134.8,132.43,-26.73,0.81,-0.22,-0.01,0.02,149.9,150.7,28.5,5.6,69.81,70.22,49.81,149.02,89.75,1236.56,1896.43,91.19,689.52,4557.6,146,  GPS,150.3,113.1,115.9,125.3,118,0.002,-1.848,11.95,138.4,15.2,150.4,-0.5,1,   GPS,    ALT,-0.2,0.8,-19.7,     3D,3704,      ,       ,91.5,       ,134.8,4619.3,0,FALSE,1,1236.56,-26.73,-14.825,0.01,2034.8,TRUE,CRUISE
7/25/2026, 05:04:26,  +00:00,   HKFH,-2.7231669,37.7866783,4301,29.92,4619.9,15,134.95,132.28,-13.18,0.66,-0.2,0,-0.04,150,150.7,28.5,5.9,70.29,69.89,49.82,149.03,89.72,1236.1,1897.49,91.2,689.86,4558.1,146,  GPS,150.3,113.1,115.9,125.3,118,0.002,-1.843,11.94,138.7,15.2,150.4,-0.5,1,   GPS,    ALT,-0.1,0.7,23.6,     3D,3704,      ,       ,91.5,       ,134.95,4619.9,0,FALSE,1,1236.1,-13.18,-17.015,-0.06,2035.4,TRUE,CRUISE
7/25/2026, 05:04:27,  +00:00,   HKFH,-2.7237077,37.7869873,4300,29.92,4619.2,15,135.02,132.08,0.2,0.82,0.11,0.01,0.01,150.2,150.6,28.5,5.6,70.46,69.59,49.81,149.03,89.73,1236.57,1896.43,91.2,689.74,4557.5,146,  GPS,150.3,113.1,115.9,125.3,118,0.002,-1.84,11.95,138.9,15.1,150.4,-0.5,1,   GPS,    ALT,-0.1,0.8,-31.5,     3D,3704,      ,       ,91.5,       ,135.02,4619.2,0,FALSE,1,1236.57,0.2,-15.057,0.05,2034.7,TRUE,CRUISE
7/25/2026, 05:04:28,  +00:00,   HKFH,-2.7242603,37.7873001,4299,29.92,4618.6,15,134.97,131.91,-3.32,0.99,0.18,0.01,-0.01,150.1,150.7,28.5,5.4,70.46,69.59,49.81,149.03,89.79,1237.43,1894.93,91.21,689.86,4556.9,146,  GPS,150.3,113.1,115.9,125.3,118,0.001,-1.837,11.97,139.2,15.1,150.4,-0.5,1,   GPS,    ALT,-0.1,1,-35.4,     3D,3704,      ,       ,91.5,       ,134.97,4618.6,0,FALSE,1,1237.43,-3.32,-10.699,-0.02,2034.1,TRUE,CRUISE
7/25/2026, 05:04:28,  +00:00,   HKFH,-2.7247818,37.7875977,4299,29.92,4618.4,15,134.77,131.73,-14.55,1,0.19,0.01,0.04,149.9,150.7,28.5,5.6,70.46,69.44,49.79,149.03,89.79,1238.08,1893.94,91.17,689.78,4556.6,146,  GPS,150.3,113.1,115.9,125.3,118,0.001,-1.834,12,139.5,15.1,150.4,-0.5,1,   GPS,    ALT,-0.2,1.1,-15.7,     3D,3704,      ,       ,91.5,       ,134.77,4618.4,0,FALSE,1,1238.08,-14.55,-6.965,0.05,2033.9,TRUE,CRUISE
7/25/2026, 05:04:29,  +00:00,   HKFH,-2.7253039,37.7878952,4300,29.92,4619.5,15,134.43,131.6,-9.64,0.57,-0.45,-0.01,-0.05,149.7,150.7,28.5,5.8,70.29,69.29,49.79,149.03,89.79,1237.95,1894.48,91.18,689.83,4557.8,145,  GPS,150.3,113.1,115.9,125.3,118,0.001,-1.829,12.04,139.9,15,150.4,-0.5,1,   GPS,    ALT,-0.2,0.8,51.2,     3D,3704,      ,       ,91.5,       ,134.43,4619.5,0,FALSE,1,1237.95,-9.64,-2.607,-0.09,2035,TRUE,CRUISE
7/25/2026, 05:04:31,  +00:00,   HKFH,-2.7258317,37.7881927,4301,29.92,4619.4,15,134.14,131.5,2.83,0.55,-0.16,0,0.01,149.8,150.7,28.5,5.5,70.29,69.29,49.81,149.03,89.84,1238.17,1895.2,91.18,690.11,4557.7,145,  GPS,150.3,113.1,115.9,125.3,118,0.001,-1.822,12.08,140.1,15,150.4,-0.5,1,   GPS,    ALT,-0.2,0.5,3.9,     3D,3704,      ,       ,91.5,       ,134.14,4619.4,0,FALSE,1,1238.17,2.83,1.81,0.06,2034.9,TRUE,CRUISE
7/25/2026, 05:04:32,  +00:00,   HKFH,-2.7263546,37.7884941,4301,29.92,4619.3,15,134,131.44,10.35,0.59,-0.13,0,0.02,149.7,150.7,28.5,5.3,69.81,69.29,49.8,149.03,89.76,1237.9,1894.55,91.19,689.87,4557.5,145,  GPS,150.3,113.1,115.9,125.3,118,0.001,-1.815,12.13,140.4,15,150.4,-0.5,1,   GPS,    ALT,-0.2,0.5,-7.9,     3D,3704,      ,       ,91.5,       ,134,4619.3,0,FALSE,1,1237.9,10.35,3.127,0.01,2034.8,TRUE,CRUISE
7/25/2026, 05:04:33,  +00:00,   HKFH,-2.7268939,37.7888031,4301,29.92,4619.6,15,133.98,131.4,10.19,0.42,-0.46,-0.01,0.03,149.7,150.7,28.5,5.2,69.37,69.29,49.8,149.03,89.8,1237.59,1894.22,91.18,689.92,4557.9,145,  GPS,150.3,113.1,115.9,125.3,118,0.001,-1.809,12.19,140.6,14.9,150.4,-0.5,1,   GPS,    ALT,-0.2,0.5,15.7,     3D,3704,      ,       ,91.5,       ,133.98,4619.6,0,FALSE,1,1237.59,10.19,0.31,0.01,2035.1,TRUE,CRUISE
7/25/2026, 05:04:33,  +00:00,   HKFH,-2.7274227,37.7891083,4302,29.92,4619.9,15,134.05,131.38,17.78,0.29,0.05,0,0,150.1,150.5,28.5,6,68.78,69.74,49.8,149.03,89.77,1235.81,1897.04,91.18,689.99,4558.2,145,  GPS,150.3,113.1,115.9,125.3,118,0.001,-1.799,12.25,140.9,14.9,150.4,-0.5,1,   GPS,    ALT,-0.1,0.3,15.7,     3D,3704,      ,       ,91.5,       ,134.05,4619.9,0,FALSE,1,1235.81,17.78,-3.077,-0.03,2035.4,TRUE,CRUISE
7/25/2026, 05:04:34,  +00:00,   HKFH,-2.7279406,37.789402,4301,29.92,4619.8,15,134.25,131.37,17.44,0.3,0.01,0,-0.09,150.3,150.4,28.5,5.5,68.2,70.04,49.8,149.04,89.8,1236.04,1895.6,91.18,689.99,4558,145,  GPS,150.3,113.1,115.9,125.3,118,0.001,-1.792,12.32,141.1,14.9,150.4,-0.5,1,   GPS,    ALT,-0.1,0.2,-3.9,     3D,3704,      ,       ,91.5,       ,134.25,4619.8,0,FALSE,1,1236.04,17.44,-3.354,-0.09,2035.3,TRUE,CRUISE
7/25/2026, 05:04:36,  +00:00,   HKFH,-2.7284915,37.7897224,4299,29.92,4617.4,15,134.37,131.27,-0.01,1.13,-0.68,0.02,0.08,150.1,150.4,28.5,5.3,67.76,70.57,49.78,149.04,89.75,1237.34,1893.41,91.17,689.84,4555.6,145,  GPS,150.3,113.1,115.9,125.3,118,0.001,-1.787,12.39,141.3,14.8,150.4,-0.5,1,   GPS,    ALT,0,0.9,-122,     3D,3704,      ,       ,91.5,       ,134.37,4617.4,0,FALSE,1,1237.34,-0.01,-2.702,0.17,2032.9,TRUE,CRUISE
7/25/2026, 05:04:37,  +00:00,   HKFH,-2.7290082,37.7900162,4298,29.92,4616.3,15,134.18,131.15,-27.97,1.35,0.07,-0.01,0.04,149.5,150.5,28.5,5.2,67.76,70.57,49.79,149.04,89.67,1237.32,1892.54,91.17,689.64,4554.6,145,  GPS,150.3,113.1,115.9,125.3,118,0.001,-1.784,12.46,141.6,14.8,150.4,-0.5,1,   GPS,    ALT,-0.1,1.5,-66.9,     3D,3704,      ,       ,91.5,       ,134.18,4616.3,0,FALSE,1,1237.32,-27.97,-1.44,-0.04,2031.8,TRUE,CRUISE
7/25/2026, 05:04:38,  +00:00,   HKFH,-2.7295253,37.7903137,4299,29.92,4617.5,15.2,133.59,131.03,-37.19,0.75,-0.94,-0.03,0,149.3,150.5,28.5,5.8,67.32,71.09,49.77,149.04,89.73,1237.06,1892.46,91.16,689.81,4555.7,144,  GPS,150.3,113.1,115.9,125.3,118,0.001,-1.778,12.54,141.9,14.7,150.4,-0.5,1,   GPS,    ALT,-0.1,1.1,47.2,     3D,3704,      ,       ,91.5,       ,133.59,4617.5,0,FALSE,1,1237.06,-37.19,-0.622,-0.04,2033,TRUE,CRUISE
7/25/2026, 05:04:38,  +00:00,   HKFH,-2.7300429,37.7906151,4300,29.92,4618.3,15.2,132.72,131.03,-17.32,0.31,-0.34,0.01,-0.08,149.1,150.3,28.5,5.2,66.88,71.62,49.78,149.04,89.7,1238.18,1889.56,91.17,689.58,4556.6,144,  GPS,150.3,113.1,115.9,125.3,118,0.001,-1.768,12.6,142.1,14.7,150.4,-0.5,1,   GPS,    ALT,-0.1,0.5,51.2,     3D,3704,      ,       ,91.5,       ,132.72,4618.3,0,FALSE,1,1238.18,-17.32,-2.115,-0.08,2033.8,TRUE,CRUISE
7/25/2026, 05:04:39,  +00:00,   HKFH,-2.7305901,37.7909355,4300,29.92,4617.6,15.2,131.78,131.13,-3.12,0.53,-0.2,-0.02,-0.01,148.6,150.3,28.5,5.3,66.44,72.15,49.76,149.04,89.67,1237.78,1892.41,91.19,689.29,4555.8,143,  GPS,150.3,113.1,115.9,125.3,118,0.001,-1.757,12.65,142.3,14.7,150.4,-0.5,1,   GPS,    ALT,0,0.5,-31.5,     3D,3704,      ,       ,91.5,       ,131.78,4617.6,0,FALSE,1,1237.78,-3.12,-6.291,0.07,2033.1,TRUE,CRUISE
7/25/2026, 05:04:41,  +00:00,   HKFH,-2.7311347,37.7912483,4301,29.92,4617.1,15.2,131.13,131.27,15.45,0.66,0.51,-0.01,0.05,148.8,150.2,28.5,5.2,66.14,72.15,49.76,149.04,89.84,1237.77,1891.91,91.16,689.48,4555.3,142,  GPS,150.3,113.1,115.9,125.3,118,0.001,-1.745,12.68,142.4,14.6,150.4,-0.5,1,   GPS,    ALT,0.1,0.6,-31.5,     3D,3704,      ,       ,91.5,       ,131.13,4617.1,0,FALSE,1,1237.77,15.45,-11.062,0.06,2032.6,TRUE,CRUISE
7/25/2026, 05:04:42,  +00:00,   HKFH,-2.7316649,37.7915611,4300,29.92,4616.6,15.2,130.88,131.4,18.53,0.63,0.94,0.01,-0.02,148.9,150.3,28.5,5.8,66,72.67,49.78,149.04,89.75,1237.31,1893.75,91.16,689.65,4554.9,142,  GPS,150.3,113.1,115.9,125.3,118,0.001,-1.734,12.69,142.3,14.6,150.4,-0.5,1,   GPS,    ALT,0.2,0.6,-27.6,     3D,3704,      ,       ,91.5,       ,130.88,4616.6,0,FALSE,1,1237.31,18.53,-13.883,-0.07,2032.1,TRUE,CRUISE
7/25/2026, 05:04:43,  +00:00,   HKFH,-2.7321618,37.7918472,4299,29.92,4615.9,15.2,130.78,131.48,-4.74,0.78,-0.31,0,-0.01,148.9,150.2,28.5,5.6,66,73.02,49.78,149.04,89.76,1237.67,1892.88,91.16,689.41,4554.1,141,  GPS,150.3,113.1,115.9,125.3,118,0.001,-1.726,12.69,142.3,14.6,150.4,-0.5,1,   GPS,    ALT,0.2,0.7,-47.2,     3D,3704,      ,       ,91.5,       ,130.78,4615.9,0,FALSE,1,1237.67,-4.74,-13.559,0.01,2031.4,TRUE,CRUISE
7/25/2026, 05:04:43,  +00:00,   HKFH,-2.7327206,37.7921715,4299,29.92,4615,15.2,130.7,131.54,-23.98,1.08,0.37,0.01,0.07,149.2,150.2,28.5,5.2,66,73.2,49.77,149.04,89.73,1238.18,1890.33,91.16,689.47,4553.2,141,  GPS,150.3,113.1,115.9,125.3,118,0.001,-1.715,12.66,142.2,14.5,150.4,-0.5,1,   GPS,    ALT,0.2,1.1,-51.2,     3D,3704,      ,       ,91.5,       ,130.7,4615,0,FALSE,1,1238.18,-23.98,-10.084,0.08,2030.5,TRUE,CRUISE
7/25/2026, 05:04:44,  +00:00,   HKFH,-2.7332442,37.7924767,4297,29.92,4614.7,15.2,130.42,131.6,-30.27,1.16,-0.4,-0.01,0.08,148.9,150.2,28.5,5,66,73.2,49.77,149.03,89.8,1237.71,1891.41,91.19,689.54,4552.9,141,  GPS,150.3,113.1,115.9,125.3,118,0.001,-1.706,12.62,142,14.5,150.4,-0.5,1,   GPS,    ALT,0.2,1.2,-23.6,     3D,3704,      ,       ,91.5,       ,130.42,4614.7,0,FALSE,1,1237.71,-30.27,-7.935,0.01,2030.2,TRUE,CRUISE
7/25/2026, 05:04:46,  +00:00,   HKFH,-2.7337701,37.7927818,4298,29.92,4614.5,15.2,129.89,131.66,-28.22,1.08,-0.64,0.03,-0.08,148.7,150.2,28.5,5.6,66.14,73.2,49.77,149.03,89.62,1236.74,1892.15,91.17,689.63,4552.7,140,  GPS,150.3,113.1,115.9,125.3,118,0.001,-1.696,12.55,141.8,14.5,150.4,-0.5,1,   GPS,    ALT,0.1,1.2,-3.9,     3D,3704,      ,       ,91.5,       ,129.89,4614.5,0,FALSE,1,1236.74,-28.22,-5.202,-0.16,2030,TRUE,CRUISE
7/25/2026, 05:04:47,  +00:00,   HKFH,-2.7343018,37.7930946,4299,29.92,4614.6,15.2,129.81,131.64,-24.73,0.94,-3.02,-0.02,-0.02,148.3,150.1,28.5,5.4,66.44,73.2,49.78,149.03,89.76,1234.9,1897.79,91.19,689.69,4552.9,140,  GPS,150.3,113.1,115.9,125.3,118,0.002,-1.688,12.46,141.6,14.4,150.4,-0.5,1,   GPS,    ALT,0.1,1.1,7.9,     3D,3704,      ,       ,91.5,       ,129.81,4614.6,0,FALSE,1,1234.9,-24.73,-3.574,0.06,2030.1,TRUE,CRUISE
7/25/2026, 05:04:48,  +00:00,   HKFH,-2.7348149,37.793396,4299,29.92,4615.4,15.2,130.19,131.62,-2.44,0.99,0.31,0.02,0.02,148.2,149.6,28.5,5.3,66.58,73.02,49.79,149.04,89.67,1235.36,1897.34,91.19,689.92,4553.7,141,  GPS,150.3,113.1,115.9,125.3,118,0.002,-1.679,12.36,141.3,14.4,150.4,-0.5,1,   GPS,    ALT,0.2,1,27.6,     3D,3704,      ,       ,91.5,       ,130.19,4615.4,0,FALSE,1,1235.36,-2.44,-5.986,0.04,2030.9,TRUE,CRUISE
7/25/2026, 05:04:48,  +00:00,   HKFH,-2.7353258,37.7937012,4299,29.92,4616.7,15.2,130.85,131.56,4.17,0.65,0.55,-0.03,-0.13,148.4,149.6,28.5,4.9,66.88,72.85,49.78,149.05,89.8,1234.98,1899.33,91.16,689.66,4555,142,  GPS,150.3,113.1,115.9,125.3,118,0.002,-1.673,12.24,140.9,14.3,150.4,-0.5,1,   GPS,    ALT,0.4,0.6,70.9,     3D,3704,      ,       ,91.5,       ,130.85,4616.7,0,FALSE,1,1234.98,4.17,-9.42,-0.15,2032.2,TRUE,CRUISE
7/25/2026, 05:04:49,  +00:00,   HKFH,-2.7358744,37.7940331,4302,29.92,4615.2,15.2,131.54,131.5,24.21,1.12,1.19,-0.01,0.09,149.3,149.5,28.5,5.5,66.88,72.67,49.76,149.06,89.72,1235.5,1896,91.17,689.53,4553.4,142,  GPS,150.3,113.1,115.9,125.3,118,0.002,-1.663,12.13,140.6,14.3,150.4,-0.5,1,   GPS,    ALT,0.6,1,-78.7,     3D,3704,      ,       ,91.5,       ,131.54,4615.2,0,FALSE,1,1235.5,24.21,-9.602,0.22,2030.7,TRUE,CRUISE
7/25/2026, 05:04:51,  +00:00,   HKFH,-2.7363877,37.7943382,4299,29.92,4614.9,15.2,132.09,131.37,31.73,1.25,1.38,0.01,0.04,149.7,149.6,28.5,4.9,67.17,72.67,49.77,149.08,89.72,1233.89,1898.79,91.17,689.35,4553.2,143,  GPS,150.3,113.1,115.9,125.3,118,0.003,-1.661,12.03,140.2,14.3,150.4,-0.5,1,   GPS,    ALT,0.7,1.2,-27.6,     3D,3704,      ,       ,91.5,       ,132.09,4614.9,0,FALSE,1,1233.89,31.73,-6.7,-0.05,2030.4,TRUE,CRUISE
7/25/2026, 05:04:52,  +00:00,   HKFH,-2.7369092,37.7946472,4296,29.92,4615.3,15,132.85,131.15,-5.59,1.16,1.29,0,-0.04,149.9,149.6,28.5,5.2,67.46,72.5,49.76,149.09,89.68,1232.44,1900.61,91.14,689.39,4553.5,144,  GPS,150.3,113.1,115.9,125.3,118,0.003,-1.661,11.94,140,14.2,150.4,-0.5,1,   GPS,    ALT,0.7,1.1,31.5,     3D,3704,      ,       ,91.5,       ,132.85,4615.3,0,FALSE,1,1232.44,-5.59,-1.071,-0.08,2030.8,TRUE,CRUISE
7/25/2026, 05:04:53,  +00:00,   HKFH,-2.7374568,37.7949677,4296,29.92,4615.3,15,133.81,130.78,-39.08,1.48,1.65,0,0.02,150.2,149.9,28.5,5,67.76,72.5,49.78,149.11,89.67,1233.84,1897.24,91.16,689.31,4553.5,145,  GPS,150.3,113.1,115.9,125.3,118,0.003,-1.66,11.87,139.9,14.2,150.4,-0.5,1,   GPS,    ALT,0.7,1.4,0,     3D,3704,      ,       ,91,       ,133.81,4615.3,0,FALSE,1,1233.84,-39.08,5.16,0.06,2030.8,TRUE,CRUISE
7/25/2026, 05:04:54,  +00:00,   HKFH,-2.7384951,37.7955666,4298,29.92,4617.1,15,133.56,130.35,-25.8,1.23,2.35,0.01,-0.14,150.6,150.8,28.5,5.1,67.9,72.32,49.8,149.13,89.67,1237.68,1890.82,91.16,689.65,4555.4,144,  GPS,150.3,113.1,115.9,125.3,118,0.003,-1.654,11.81,140.1,14.1,150.4,-0.5,1,   GPS,    ALT,0.3,1.4,70.9,     3D,3704,      ,       ,91,       ,133.56,4617.1,0,FALSE,1,1237.68,-25.8,8.87,-0.16,2032.6,TRUE,CRUISE
7/25/2026, 05:04:56,  +00:00,   HKFH,-2.7390127,37.7958527,4299,29.92,4617.5,15,132.42,130.24,-1.25,1.35,2.21,0.01,0.08,150.8,151.3,28.5,5.2,67.9,72.32,49.8,149.14,89.63,1238.93,1890.76,91.16,689.53,4555.8,143,  GPS,150.3,113.1,115.9,125.3,118,0.003,-1.647,11.79,140.3,14.1,150.4,-0.5,1,   GPS,    ALT,0.1,1.4,23.6,     3D,3704,      ,       ,91,       ,132.42,4617.5,0,FALSE,1,1238.93,-1.25,10.037,0.22,2033,TRUE,CRUISE
7/25/2026, 05:04:57,  +00:00,   HKFH,-2.7395556,37.7961464,4300,29.92,4618.7,15.2,130.99,130.28,28.07,0.89,1.64,0.03,-0.03,151,151.8,28.5,4.8,67.76,72.5,49.78,149.14,89.63,1239.68,1887.37,91.16,689.1,4556.9,142,  GPS,150.3,113.1,115.9,125.3,118,0.002,-1.637,11.76,140.6,14.1,150.4,-0.5,1,   GPS,    ALT,-0.3,1.1,59.1,     3D,3704,      ,       ,91,       ,130.99,4618.7,0,FALSE,1,1239.68,28.07,8.131,-0.11,2034.2,TRUE,CRUISE
7/25/2026, 05:04:58,  +00:00,   HKFH,-2.7400782,37.7964287,4299,29.92,4617.5,15.2,129.47,130.35,37.58,1.27,-0.65,-0.01,0.05,150.7,152,28.5,4.9,67.46,72.85,49.76,149.14,89.76,1236.91,1895.64,91.15,689,4555.7,140,  GPS,150.3,113.1,115.9,125.3,118,0.002,-1.628,11.72,140.9,14,150.4,-0.5,1,   GPS,    ALT,-0.6,1.1,-55.1,     3D,3704,      ,       ,91,       ,129.47,4617.5,0,FALSE,1,1236.91,37.58,6.831,0.08,2033,TRUE,CRUISE
7/25/2026, 05:04:58,  +00:00,   HKFH,-2.7406211,37.7967224,4300,29.92,4616.9,15.2,128.9,130.37,34.66,1.58,-1.48,0.01,0.02,150.4,152,28.5,5,67.32,72.85,49.76,149.14,89.74,1234.13,1899.45,91.17,689.15,4555.1,139,  GPS,150.3,113.1,115.9,125.3,118,0.001,-1.618,11.66,141.1,14,150.4,-0.5,1,   GPS,    ALT,-0.8,1.5,-35.4,     3D,3704,      ,       ,91,       ,128.9,4616.9,0,FALSE,1,1234.13,34.66,7.683,-0.03,2032.4,TRUE,CRUISE
7/25/2026, 05:04:59,  +00:00,   HKFH,-2.7411427,37.7970085,4299,29.92,4617.7,15.2,129.09,130.28,15.84,1.24,-1.78,-0.02,0.02,149.9,151.9,28.5,5.2,67.32,72.85,49.78,149.13,89.74,1234.81,1896.74,91.15,689.6,4556,140,  GPS,150.3,113.1,115.9,125.3,118,0.001,-1.613,11.6,141.3,13.9,150.4,-0.5,1,   GPS,    ALT,-0.9,1.3,31.5,     3D,3704,      ,       ,91,       ,129.09,4617.7,0,FALSE,1,1234.81,15.84,10.784,0,2033.2,TRUE,CRUISE
7/25/2026, 05:05:01,  +00:00,   HKFH,-2.7416608,37.7972908,4301,29.92,4617.5,15.2,129.65,130.18,5.15,1.29,-1.61,-0.02,0.02,149.8,151.5,28.5,4.8,67.32,72.67,49.76,149.12,89.83,1233.27,1897.94,91.15,689.56,4555.7,140,  GPS,150.3,113.1,115.9,125.3,118,0,-1.606,11.54,141.3,13.9,150.4,-0.5,1,   GPS,    ALT,-0.9,1.2,-7.9,     3D,3704,      ,       ,91,       ,129.65,4617.5,0,FALSE,1,1233.27,5.15,13.509,0,2033,TRUE,CRUISE
7/25/2026, 05:05:02,  +00:00,   HKFH,-2.7422099,37.7975998,4300,29.92,4617.4,15,130.24,130.08,18.73,1.3,-1.31,0.01,-0.03,150,151.2,28.5,4.9,67.02,72.67,49.76,149.11,89.76,1233.78,1895.67,91.16,689.72,4555.4,141,  GPS,150.3,113.1,115.9,125.3,118,0,-1.599,11.49,141.3,13.9,150.4,-0.5,1,   GPS,    ALT,-0.7,1.3,-19.7,     3D,3704,      ,       ,91,       ,130.24,4617.4,0,FALSE,1,1233.78,18.73,15.311,-0.05,2032.9,TRUE,CRUISE
7/25/2026, 05:05:02,  +00:00,   HKFH,-2.7427576,37.797905,4298,29.92,4616.9,15,130.34,130.02,2.93,1.36,-1.41,-0.01,-0.01,149.2,151.1,28.5,4.9,66.88,72.5,49.76,149.1,89.76,1235.36,1893.64,91.17,690.03,4554.9,141,  GPS,150.3,113.1,115.9,125.3,118,0,-1.595,11.44,141.2,13.8,150.4,-0.5,1,   GPS,    ALT,-0.6,1.4,-27.6,     3D,3704,      ,       ,91,       ,130.34,4616.9,0,FALSE,1,1235.36,2.93,15.243,0.02,2032.4,TRUE,CRUISE
7/25/2026, 05:05:03,  +00:00,   HKFH,-2.7432821,37.7982063,4300,29.92,4617,15,129.88,129.98,-8.07,1.31,-1.35,-0.01,0.05,148.8,150.7,28.5,5,66.58,72.32,49.72,149.1,89.7,1234.94,1892.51,91.15,689.71,4555.1,140,  GPS,150.3,113.1,115.9,125.3,118,0,-1.586,11.39,141,13.8,150.4,-0.5,1,   GPS,    ALT,-0.5,1.4,0,     3D,3704,      ,       ,91,       ,129.88,4617,0,FALSE,1,1234.94,-8.07,14.877,0.06,2032.5,TRUE,CRUISE
7/25/2026, 05:05:04,  +00:00,   HKFH,-2.743799,37.7985001,4301,29.92,4619.1,15,129.43,130.06,1.45,0.58,-0.48,0,-0.11,148.5,150.6,28.5,4.8,66.58,72.15,49.75,149.09,89.76,1234.47,1894.94,91.14,689.49,4557.2,140,  GPS,150.3,113.1,115.9,125.3,118,0,-1.575,11.34,140.8,13.8,150.4,-0.5,1,   GPS,    ALT,-0.3,0.8,102.4,     3D,3704,      ,       ,91,       ,129.43,4619.1,0,FALSE,1,1234.47,1.45,14.376,-0.16,2034.6,TRUE,CRUISE
7/25/2026, 05:05:06,  +00:00,   HKFH,-2.7442992,37.7987862,4301,29.92,4619.2,15,129.09,130.2,16.77,0.45,-1.07,-0.02,0.02,148.4,150.4,28.5,4.6,66.58,72.15,49.73,149.09,89.75,1234.6,1895.06,91.15,689.25,4557.3,140,  GPS,150.3,113.1,115.9,125.3,118,0,-1.563,11.29,140.5,13.7,150.4,-0.5,1,   GPS,    ALT,-0.2,0.5,27.6,     3D,3704,      ,       ,91,       ,129.09,4619.2,0,FALSE,1,1234.6,16.77,15.884,0.13,2034.7,TRUE,CRUISE
7/25/2026, 05:05:07,  +00:00,   HKFH,-2.7448335,37.799099,4302,29.92,4619.9,15,129.06,130.45,27.39,0.22,-1.44,-0.02,-0.03,148.2,150.2,28.5,5,66.58,71.8,49.74,149.09,89.75,1234.65,1894.88,91.15,689.11,4558,140,  GPS,150.3,113.1,115.9,125.3,118,0,-1.547,11.23,140.1,13.7,150.4,-0.5,1,   GPS,    ALT,0,0.3,39.4,     3D,3704,      ,       ,91,       ,129.06,4619.9,0,FALSE,1,1234.65,27.39,15.347,-0.05,2035.4,TRUE,CRUISE
7/25/2026, 05:05:07,  +00:00,   HKFH,-2.7453623,37.7994118,4302,29.92,4619.9,15,129.08,130.74,33.92,0.24,-0.03,0,0.05,148.4,150,28.5,5,66.73,71.44,49.78,149.1,89.76,1235.25,1895.74,91.18,689.39,4558,140,  GPS,150.3,113.1,115.9,125.3,118,0,-1.532,11.17,139.6,13.7,150.4,-0.5,1,   GPS,    ALT,0.1,0.1,3.9,     3D,3704,      ,       ,91,       ,129.08,4619.9,0,FALSE,1,1235.25,33.92,9.781,0.08,2035.4,TRUE,CRUISE
7/25/2026, 05:05:08,  +00:00,   HKFH,-2.7458701,37.7997131,4303,29.92,4619.3,15,129.22,131.07,29.65,0.36,-0.03,-0.03,-0.07,148.6,149.7,28.5,4.9,66.88,71.09,49.77,149.1,89.67,1236.01,1893.01,91.15,689.47,4557.3,140,  GPS,150.3,113.1,115.9,125.3,118,0,-1.515,11.1,139.1,13.6,150.4,-0.5,1,   GPS,    ALT,0.2,0.4,-31.5,     3D,3704,      ,       ,91,       ,129.22,4619.3,0,FALSE,1,1236.01,29.65,4.366,-0.12,2034.8,TRUE,CRUISE
7/25/2026, 05:05:09,  +00:00,   HKFH,-2.7463839,37.8000183,4302,29.92,4618.3,15,129.26,131.37,30.92,0.52,0.55,0.01,0,149.1,149.7,28.5,4.2,67.02,71.09,49.77,149.11,89.76,1234.46,1896.85,91.17,689.47,4556.4,140,  GPS,150.3,113.1,115.9,125.3,118,0,-1.5,11.03,138.6,13.6,150.4,-0.5,1,   GPS,    ALT,0.4,0.5,-47.2,     3D,3704,      ,       ,91,       ,129.26,4618.3,0,FALSE,1,1234.46,30.92,0.14,0.07,2033.8,TRUE,CRUISE
7/25/2026, 05:05:11,  +00:00,   HKFH,-2.7469313,37.8003426,4299,29.92,4617.4,15,129.61,131.52,-0.22,0.85,0.64,0,0.11,149.3,149.7,28.5,4.9,67.17,70.92,49.76,149.12,89.76,1234.03,1897.54,91.14,689.36,4555.4,140,  GPS,150.3,113.1,115.9,125.3,118,0.001,-1.492,10.96,138.1,13.5,150.4,-0.5,1,   GPS,    ALT,0.5,0.7,-55.1,     3D,3704,      ,       ,91,       ,129.61,4617.4,0,FALSE,1,1234.03,-0.22,-3.659,0.11,2032.9,TRUE,CRUISE
7/25/2026, 05:05:12,  +00:00,   HKFH,-2.7474599,37.8006554,4298,29.92,4617.1,15,130.11,131.66,-36.93,0.88,0.04,0,0,149,149.8,28.5,5,67.17,70.92,49.77,149.13,89.76,1233.81,1897.55,91.14,689.49,4555.2,141,  GPS,150.3,113.1,115.9,125.3,118,0.001,-1.481,10.88,137.7,13.5,150.4,-0.5,1,   GPS,    ALT,0.5,0.9,-15.7,     3D,3704,      ,       ,91,       ,130.11,4617.1,0,FALSE,1,1233.81,-36.93,-5.372,-0.11,2032.6,TRUE,CRUISE
7/25/2026, 05:05:12,  +00:00,   HKFH,-2.7479863,37.8009605,4299,29.92,4616.7,15,130.69,131.64,-51.22,1.15,1.27,-0.01,0.06,149.3,149.8,28.5,4.7,67.17,70.92,49.76,149.14,89.77,1232.15,1901.43,91.15,689.84,4554.8,141,  GPS,150.3,113.1,115.9,125.3,118,0.001,-1.472,10.8,137.4,13.5,150.4,-0.5,1,   GPS,    ALT,0.5,1,-19.7,     3D,3704,      ,       ,91,       ,130.69,4616.7,0,FALSE,1,1232.15,-51.22,-6.976,0.06,2032.2,TRUE,CRUISE
7/25/2026, 05:05:13,  +00:00,   HKFH,-2.7485271,37.801281,4298,29.92,4617.8,14.8,131.71,131.56,-50.33,1.03,1.55,0.01,-0.03,149.4,149.9,28.5,4,67.32,70.92,49.8,149.15,89.73,1233.06,1899.87,91.17,690.09,4555.8,142,  GPS,150.3,113.1,115.9,125.3,118,0.001,-1.467,10.74,137.1,13.4,150.4,-0.5,1,   GPS,    ALT,0.5,1.1,47.2,     3D,3704,      ,       ,91,       ,131.71,4617.8,0,FALSE,1,1233.06,-50.33,-10.535,-0.09,2033.3,TRUE,CRUISE
7/25/2026, 05:05:15,  +00:00,   HKFH,-2.7490311,37.8015709,4299,29.92,4619.4,14.8,132.31,131.5,-36.54,0.49,1.22,0,-0.07,149.6,150.2,28.5,4.7,67.32,71.09,49.79,149.15,89.76,1235.11,1894.89,91.15,690.01,4557.4,143,  GPS,150.3,113.1,115.9,125.3,118,0.001,-1.459,10.69,136.9,13.4,150.4,-0.5,1,   GPS,    ALT,0.4,0.7,94.5,     3D,3704,      ,       ,91,       ,132.31,4619.4,0,FALSE,1,1235.11,-36.54,-13.356,-0.04,2034.9,TRUE,CRUISE
7/25/2026, 05:05:16,  +00:00,   HKFH,-2.7495594,37.8018761,4300,29.92,4619.2,14.8,132.42,131.52,-0.36,0.69,0.04,0,0.03,150.2,150.4,28.5,4.9,67.46,71.27,49.78,149.16,89.72,1234.52,1897.6,91.16,689.63,4557.3,143,  GPS,150.3,113.1,115.9,125.3,118,0.001,-1.448,10.66,136.8,13.4,150.4,-0.5,1,   GPS,    ALT,0.3,0.6,3.9,     3D,3704,      ,       ,91,       ,132.42,4619.2,0,FALSE,1,1234.52,-0.36,-14.558,0.1,2034.7,TRUE,CRUISE
7/25/2026, 05:05:17,  +00:00,   HKFH,-2.750078,37.8021698,4299,29.92,4619.1,14.8,132.52,131.52,11.35,1,-0.51,0.01,-0.05,150.2,150.6,28.5,4.6,67.76,71.27,49.8,149.17,89.77,1233.49,1901.01,91.16,689.51,4557.1,143,  GPS,150.3,113.1,115.9,125.3,118,0.001,-1.442,10.63,136.8,13.3,150.4,-0.5,1,   GPS,    ALT,0.2,0.8,-7.9,     3D,3704,      ,       ,91,       ,132.52,4619.1,0,FALSE,1,1233.49,11.35,-11.866,-0.08,2034.6,TRUE,CRUISE
7/25/2026, 05:05:17,  +00:00,   HKFH,-2.7506304,37.8024902,4299,29.92,4619.1,14.8,132.86,131.4,-1.67,1.08,0.35,0.02,0.07,149.8,150.5,28.5,4,68.05,71.27,49.78,149.18,89.67,1234.67,1896.12,91.15,689.7,4557.2,144,  GPS,150.3,113.1,115.9,125.3,118,0.001,-1.436,10.62,136.9,13.3,150.4,-0.5,1,   GPS,    ALT,0,1.2,0,     3D,3704,      ,       ,91,       ,132.86,4619.1,0,FALSE,1,1234.67,-1.67,-5.897,0.12,2034.6,TRUE,CRUISE
7/25/2026, 05:05:18,  +00:00,   HKFH,-2.7511609,37.8027954,4300,29.92,4620.8,14.8,132.83,131.38,1.44,0.55,-1.94,-0.02,-0.06,149.7,150.5,28.5,4.7,68.05,71.27,49.78,149.18,89.8,1234.72,1895.48,91.17,689.66,4558.8,144,  GPS,150.3,113.1,115.9,125.3,118,0.001,-1.427,10.62,137.1,13.3,150.4,-0.5,1,   GPS,    ALT,-0.1,0.7,82.7,     3D,3704,      ,       ,91,       ,132.83,4620.8,0,FALSE,1,1234.72,1.44,1.266,-0.13,2036.3,TRUE,CRUISE
7/25/2026, 05:05:20,  +00:00,   HKFH,-2.7516775,37.8030968,4301,29.92,4621.3,14.8,132.58,131.38,18.9,0.46,-1.23,0.01,-0.02,149.5,150.3,28.5,4.7,68.34,71.27,49.78,149.18,89.76,1236.04,1895.53,91.15,689.87,4559.3,143,  GPS,150.3,113.1,115.9,125.3,118,0.001,-1.418,10.63,137.3,13.2,150.4,-0.5,1,   GPS,    ALT,-0.1,0.5,27.6,     3D,3704,      ,       ,91,       ,132.58,4621.3,0,FALSE,1,1236.04,18.9,8.106,0.04,2036.8,TRUE,CRUISE
7/25/2026, 05:05:21,  +00:00,   HKFH,-2.7522039,37.8034019,4301,29.92,4620.7,14.8,132.48,131.4,26.7,0.8,-0.09,0.01,0.07,149.5,150.1,28.5,4.9,68.64,71.09,49.81,149.17,89.77,1235.98,1897.66,91.19,690.1,4558.7,143,  GPS,150.3,113.1,115.9,125.3,118,0.001,-1.409,10.66,137.5,13.2,150.4,-0.5,1,   GPS,    ALT,0,0.7,-27.6,     3D,3704,      ,       ,91,       ,132.48,4620.7,0,FALSE,1,1235.98,26.7,13.04,0.09,2036.2,TRUE,CRUISE
7/25/2026, 05:05:21,  +00:00,   HKFH,-2.7527571,37.8037262,4301,29.92,4621.5,14.8,132.43,131.48,22.76,0.47,-0.15,0,-0.06,149.4,150.1,28.5,3.8,68.78,71.09,49.81,149.16,89.8,1235.36,1898.05,91.17,689.88,4559.6,143,  GPS,150.3,113.1,115.9,125.3,118,0.001,-1.399,10.69,137.8,13.1,150.4,-0.5,1,   GPS,    ALT,0,0.6,35.4,     3D,3704,      ,       ,91,       ,132.43,4621.5,0,FALSE,1,1235.36,22.76,13.234,-0.13,2037,TRUE,CRUISE
7/25/2026, 05:05:22,  +00:00,   HKFH,-2.7532916,37.8040352,4301,29.92,4621.6,14.8,132.51,131.52,20.41,0.38,-0.41,0,-0.03,149.4,150.1,28.5,4.7,69.08,71.09,49.81,149.16,89.85,1236.54,1896.95,91.18,689.81,4559.7,143,  GPS,150.3,113.1,115.9,125.3,118,0.001,-1.39,10.73,138,13.1,150.4,-0.5,1,   GPS,    ALT,0,0.4,7.9,     3D,3704,      ,       ,91,       ,132.51,4621.6,0,FALSE,1,1236.54,20.41,10.73,0.03,2037.1,TRUE,CRUISE
7/25/2026, 05:05:23,  +00:00,   HKFH,-2.7538328,37.804348,4302,29.92,4619.8,14.8,132.46,131.58,18.07,0.77,-0.15,0,0.02,149.5,150.1,28.5,4.6,69.37,70.92,49.8,149.15,89.75,1236.71,1896.36,91.17,689.61,4557.9,143,  GPS,150.3,113.1,115.9,125.3,118,0.001,-1.38,10.78,138.3,13.1,150.4,-0.5,1,   GPS,    ALT,0,0.7,-63,     3D,3704,      ,       ,91,       ,132.46,4619.8,0,FALSE,1,1236.71,18.07,9.205,0.05,2035.3,TRUE,CRUISE
7/25/2026, 05:05:25,  +00:00,   HKFH,-2.7543397,37.8046455,4301,29.92,4619.6,14.8,132.45,131.64,12.8,0.63,-0.26,0,-0.05,149.5,150.1,28.5,4.8,69.37,70.74,49.8,149.14,89.83,1234.81,1898.25,91.17,689.49,4557.6,143,  GPS,150.3,113.1,115.9,125.3,118,0.002,-1.37,10.83,138.5,13,150.4,-0.5,1,   GPS,    ALT,0.1,0.7,-19.7,     3D,3704,      ,       ,91,       ,132.45,4619.6,0,FALSE,1,1234.81,12.8,7.431,-0.07,2035.1,TRUE,CRUISE
7/25/2026, 05:05:26,  +00:00,   HKFH,-2.7548428,37.8049393,4300,29.92,4619.1,14.8,132.69,131.58,1.58,0.76,0.54,0.01,-0.02,149.7,150.1,28.5,4.2,69.37,70.74,49.82,149.13,89.72,1235.25,1899.5,91.17,689.63,4557.1,143,  GPS,150.3,113.1,115.9,125.3,118,0.002,-1.364,10.88,138.8,13,150.4,-0.5,1,   GPS,    ALT,0.1,0.7,-31.5,     3D,3704,      ,       ,91,       ,132.69,4619.1,0,FALSE,1,1235.25,1.58,4.766,0.03,2034.6,TRUE,CRUISE
7/25/2026, 05:05:26,  +00:00,   HKFH,-2.7553725,37.8052483,4300,29.92,4618.8,14.8,132.98,131.56,-13.69,0.66,0.29,0.01,-0.02,149.7,150.2,28.5,4.7,69.22,70.74,49.82,149.12,89.8,1236.68,1895.97,91.19,689.61,4556.9,144,  GPS,150.3,113.1,115.9,125.3,118,0.002,-1.356,10.94,139.1,13,150.4,-0.5,1,   GPS,    ALT,0,0.8,-15.7,     3D,3704,      ,       ,91,       ,132.98,4618.8,0,FALSE,1,1236.68,-13.69,2.664,0,2034.3,TRUE,CRUISE
7/25/2026, 05:05:27,  +00:00,   HKFH,-2.7558892,37.8055496,4300,29.92,4619.6,14.8,133.02,131.6,-16.92,0.43,0.26,0.01,-0.01,149.7,150.2,28.5,4.6,68.64,71.09,49.81,149.11,89.68,1237.37,1893.56,91.15,689.37,4557.7,144,  GPS,150.3,113.1,115.9,125.3,118,0.002,-1.347,11,139.5,12.9,150.4,-0.5,1,   GPS,    ALT,0,0.6,27.6,     3D,3704,      ,       ,91,       ,133.02,4619.6,0,FALSE,1,1237.37,-16.92,0.988,0.01,2035.1,TRUE,CRUISE
7/25/2026, 05:05:29,  +00:00,   HKFH,-2.7564421,37.8058662,4300,29.92,4620,14.8,132.53,131.71,-16.3,0.33,-0.19,0.01,-0.03,149.4,150.3,28.5,4.7,67.9,71.09,49.82,149.1,89.76,1238.1,1893.13,91.17,689.39,4558,143,  GPS,150.3,113.1,115.9,125.3,118,0.002,-1.336,11.07,139.8,12.9,150.4,-0.5,1,   GPS,    ALT,-0.1,0.3,15.7,     3D,3704,      ,       ,91,       ,132.53,4620,0,FALSE,1,1238.1,-16.3,0.208,-0.02,2035.5,TRUE,CRUISE
7/25/2026, 05:05:30,  +00:00,   HKFH,-2.7569721,37.8061714,4301,29.92,4618.2,15,132,131.81,-7.75,0.86,-0.73,-0.01,0.16,149.3,150.3,28.5,3.8,67.02,71.44,49.83,149.1,89.73,1237.17,1896.17,91.16,689.41,4556.3,143,  GPS,150.3,113.1,115.9,125.3,118,0.002,-1.325,11.12,140.1,12.8,150.4,-0.5,1,   GPS,    ALT,-0.1,0.7,-78.7,     3D,3704,      ,       ,91,       ,132,4618.2,0,FALSE,1,1237.17,-7.75,0.318,0.19,2033.7,TRUE,CRUISE
7/25/2026, 05:05:31,  +00:00,   HKFH,-2.7575004,37.8064842,4300,29.92,4619.1,15,131.76,131.93,5.68,0.62,-0.73,-0.01,0.01,148.8,150.2,28.5,4,67.02,72.15,49.84,149.09,89.83,1236.25,1896.83,91.15,689.58,4557.2,142,  GPS,150.3,113.1,115.9,125.3,118,0.002,-1.314,11.16,140.4,12.8,150.4,-0.5,1,   GPS,    ALT,-0.1,0.7,31.5,     3D,3704,      ,       ,91,       ,131.76,4619.1,0,FALSE,1,1236.25,5.68,0.878,-0.15,2034.6,TRUE,CRUISE
7/25/2026, 05:05:31,  +00:00,   HKFH,-2.7580431,37.806797,4301,29.92,4620,15,131.71,132.01,6,0.26,0.25,0,-0.01,148.5,150,28.5,4.6,66.14,72.67,49.84,149.09,89.75,1237.04,1895.33,91.16,689.59,4558,142,  GPS,150.3,113.1,115.9,125.3,118,0.002,-1.304,11.19,140.6,12.8,150.4,-0.5,1,   GPS,    ALT,0,0.3,43.3,     3D,3704,      ,       ,91,       ,131.71,4620,0,FALSE,1,1237.04,6,2.812,-0.02,2035.5,TRUE,CRUISE
7/25/2026, 05:05:32,  +00:00,   HKFH,-2.7585492,37.8070946,4302,29.92,4619.3,15,131.61,132.16,12.61,0.34,0.41,0,0,148.5,150,28.5,5,65.27,73.2,49.83,149.09,89.68,1237.9,1894.27,91.17,689.42,4557.3,142,  GPS,150.3,113.1,115.9,125.3,118,0.002,-1.291,11.22,140.7,12.7,150.4,-0.5,1,   GPS,    ALT,0.1,0.3,-23.6,     3D,3704,      ,       ,91,       ,131.61,4619.3,0,FALSE,1,1237.9,12.61,5.792,0.01,2034.8,TRUE,CRUISE
7/25/2026, 05:05:34,  +00:00,   HKFH,-2.7590995,37.8074188,4302,29.92,4619.1,15,131.35,132.4,19.17,0.25,0.8,0.01,0.05,148.5,150,28.5,4,64.53,73.55,49.83,149.09,89.7,1237.56,1894.08,91.17,689.1,4557.2,142,  GPS,150.3,113.1,115.9,125.3,118,0.002,-1.278,11.23,140.7,12.7,150.4,-0.5,1,   GPS,    ALT,0.1,0.3,-11.8,     3D,3704,      ,       ,91,       ,131.35,4619.1,0,FALSE,1,1237.56,19.17,6.447,0.05,2034.6,TRUE,CRUISE
7/25/2026, 05:05:35,  +00:00,   HKFH,-2.7596111,37.8077202,4302,29.92,4620.1,15,131.2,132.69,18.4,-0.2,-0.1,0,-0.15,148.5,150,28.5,4.8,63.95,73.55,49.82,149.09,89.75,1236.72,1895.66,91.16,689.12,4558.1,142,  GPS,150.3,113.1,115.9,125.3,118,0.002,-1.263,11.24,140.7,12.7,150.4,-0.5,1,   GPS,    ALT,0.2,-0.1,47.2,     3D,3704,      ,       ,91,       ,131.2,4620.1,0,FALSE,1,1236.72,18.4,3.208,-0.2,2035.6,TRUE,CRUISE
7/25/2026, 05:05:35,  +00:00,   HKFH,-2.7601426,37.808033,4303,29.92,4618.3,15,131.17,132.92,20.92,0.07,-0.87,-0.01,-0.03,148.8,149.9,28.5,4.3,63.65,73.9,49.81,149.1,89.68,1237.86,1893.27,91.19,689.25,4556.3,142,  GPS,150.3,113.1,115.9,125.3,118,0.003,-1.249,11.22,140.6,12.6,150.4,-0.5,1,   GPS,    ALT,0.2,0,-82.7,     3D,3704,      ,       ,91,       ,131.17,4618.3,0,FALSE,1,1237.86,20.92,-3.201,0.12,2033.8,TRUE,CRUISE
7/25/2026, 05:05:36,  +00:00,   HKFH,-2.7606652,37.8083458,4301,29.92,4616.9,15,130.91,133.25,16.11,0.34,-0.27,-0.01,0,148.9,149.6,28.5,4.9,63.65,74.07,49.82,149.1,89.73,1237.24,1894.24,91.17,689.18,4554.9,142,  GPS,150.3,113.1,115.9,125.3,118,0.003,-1.235,11.19,140.4,12.6,150.4,-0.5,1,   GPS,    ALT,0.3,0.3,-86.6,     3D,3704,      ,       ,90.5,       ,130.91,4616.9,0,FALSE,1,1237.24,16.11,-10.739,0.03,2032.4,TRUE,CRUISE
7/25/2026, 05:05:37,  +00:00,   HKFH,-2.7612202,37.8086739,4299,29.92,4614.9,15,130.78,133.43,-10.37,0.78,0.36,0.01,0.04,149.1,149.6,28.5,4.1,63.65,74.07,49.81,149.11,89.69,1235.94,1897.56,91.16,689.26,4552.9,141,  GPS,150.3,113.1,115.9,125.3,118,0.003,-1.225,11.15,140.2,12.6,150.4,-0.5,1,   GPS,    ALT,0.4,0.7,-106.3,     3D,3704,      ,       ,90.5,       ,130.78,4614.9,0,FALSE,1,1235.94,-10.37,-15.663,0.04,2030.4,TRUE,CRUISE
7/25/2026, 05:05:39,  +00:00,   HKFH,-2.761771,37.8090019,4297,29.92,4614,15,131.18,133.46,-48.69,1.08,0.89,0,0.16,149.3,149.6,28.5,3.8,63.8,73.72,49.84,149.11,89.78,1234.34,1901.12,91.16,689.38,4552.1,142,  GPS,150.3,113.1,115.9,125.3,118,0.003,-1.218,11.08,140,12.5,150.4,-0.5,1,   GPS,    ALT,0.5,1,-59.1,     3D,3704,      ,       ,90.5,       ,131.18,4614,0,FALSE,1,1234.34,-48.69,-18.067,0.12,2029.5,TRUE,CRUISE
7/25/2026, 05:05:40,  +00:00,   HKFH,-2.7623055,37.8093147,4296,29.92,4615.7,14.8,132.16,133.39,-71.84,0.68,1.04,0.01,-0.03,149.3,149.9,28.5,4.6,64.24,73.2,49.85,149.11,89.79,1233.27,1901.99,91.17,689.65,4553.7,143,  GPS,150.3,113.1,115.9,125.3,118,0.003,-1.212,11.02,139.9,12.5,150.4,-0.5,1,   GPS,    ALT,0.5,0.7,74.8,     3D,3704,      ,       ,90.5,       ,132.16,4615.7,0,FALSE,1,1233.27,-71.84,-18.51,-0.19,2031.2,TRUE,CRUISE
7/25/2026, 05:05:40,  +00:00,   HKFH,-2.7628322,37.8096275,4297,29.92,4616.5,14.8,133.31,133.25,-69.7,0.67,0.3,0,-0.02,149.6,149.9,28.5,4.9,64.24,73.2,49.86,149.11,89.81,1234.72,1900.73,91.16,689.64,4554.5,144,  GPS,150.3,113.1,115.9,125.3,118,0.004,-1.206,10.96,139.8,12.4,150.4,-0.5,1,   GPS,    ALT,0.4,0.6,55.1,     3D,3704,      ,       ,90.5,       ,133.31,4616.5,0,FALSE,1,1234.72,-69.7,-17.928,0.01,2032,TRUE,CRUISE
7/25/2026, 05:05:41,  +00:00,   HKFH,-2.7633524,37.8099327,4298,29.92,4617.1,14.8,134.21,133.1,-43.24,0.81,0.73,0.01,0.04,150.1,150.1,28.5,4.2,64.83,72.67,49.86,149.1,89.78,1236.09,1898.3,91.17,689.71,4555.2,145,  GPS,150.3,113.1,115.9,125.3,118,0.004,-1.2,10.92,139.8,12.4,150.4,-0.5,1,   GPS,    ALT,0.4,0.7,39.4,     3D,3704,      ,       ,90.5,       ,134.21,4617.1,0,FALSE,1,1236.09,-43.24,-17.061,0.06,2032.6,TRUE,CRUISE
7/25/2026, 05:05:43,  +00:00,   HKFH,-2.7639058,37.810257,4299,29.92,4618.7,14.8,134.54,133.02,-11.43,0.49,0.44,0.01,-0.03,150.2,150.1,28.5,3.6,65.56,71.97,49.87,149.1,89.81,1236.52,1899.25,91.19,690,4556.8,145,  GPS,150.3,113.1,115.9,125.3,118,0.004,-1.192,10.9,139.9,12.4,150.4,-0.5,1,   GPS,    ALT,0.3,0.6,82.7,     3D,3704,      ,       ,90.5,       ,134.54,4618.7,0,FALSE,1,1236.52,-11.43,-14.872,-0.07,2034.2,TRUE,CRUISE
7/25/2026, 05:05:44,  +00:00,   HKFH,-2.7644343,37.8105583,4299,29.92,4620,14.8,134.58,132.92,14.74,0.53,1.11,0.03,0.01,150.2,150.4,28.5,4.7,66.29,71.09,49.87,149.08,89.85,1237.4,1899.23,91.18,689.89,4558,145,  GPS,150.3,113.1,115.9,125.3,118,0.004,-1.186,10.88,140,12.3,150.4,-0.5,1,   GPS,    ALT,0.2,0.4,59.1,     3D,3704,      ,       ,90.5,       ,134.58,4620,0,FALSE,1,1237.4,14.74,-10.425,0.04,2035.5,TRUE,CRUISE
7/25/2026, 05:05:45,  +00:00,   HKFH,-2.7649693,37.8108673,4300,29.92,4620.1,14.8,134.5,132.82,24.22,0.7,0.44,0.01,0.08,150.1,150.5,28.5,4.6,67.02,70.39,49.87,149.07,89.77,1238.22,1898.55,91.19,689.95,4558.1,145,  GPS,150.3,113.1,115.9,125.3,118,0.004,-1.179,10.88,140.3,12.3,150.4,-0.5,1,   GPS,    ALT,0.1,0.6,15.7,     3D,3704,      ,       ,90.5,       ,134.5,4620.1,0,FALSE,1,1238.22,24.22,-3.081,0.07,2035.6,TRUE,CRUISE
7/25/2026, 05:05:45,  +00:00,   HKFH,-2.7654912,37.811161,4301,29.92,4620.4,14.8,134.44,132.75,29.59,0.7,-0.26,0,0.05,150,150.7,28.5,4.2,67.46,69.74,49.86,149.07,89.8,1238.43,1897.57,91.18,689.6,4558.4,145,  GPS,150.3,113.1,115.9,125.3,118,0.004,-1.172,10.9,140.6,12.3,150.4,-0.5,1,   GPS,    ALT,-0.1,0.7,15.7,     3D,3704,      ,       ,90.5,       ,134.44,4620.4,0,FALSE,1,1238.43,29.59,6.458,-0.03,2035.9,TRUE,CRUISE
7/25/2026, 05:05:46,  +00:00,   HKFH,-2.7660155,37.8114586,4301,29.92,4620.5,14.8,134.5,132.61,38,0.68,-0.33,0.02,-0.02,150.1,150.7,28.5,4.6,67.46,69.74,49.9,149.06,89.76,1238.03,1900.24,91.2,689.74,4558.6,145,  GPS,150.3,113.1,115.9,125.3,118,0.004,-1.165,10.93,140.9,12.2,150.4,-0.5,1,   GPS,    ALT,-0.2,0.7,7.9,     3D,3704,      ,       ,90.5,       ,134.5,4620.5,0,FALSE,1,1238.03,38,14.488,-0.07,2036,TRUE,CRUISE
7/25/2026, 05:05:48,  +00:00,   HKFH,-2.7665377,37.8117599,4300,29.92,4620.5,14.5,134.75,132.45,34.1,0.64,-1.1,0,0.01,150,150.7,28.5,4.3,67.76,69.59,49.89,149.04,89.8,1238.09,1900.32,91.19,689.69,4558.6,146,  GPS,150.3,113.1,115.9,125.3,118,0.004,-1.161,10.97,141.2,12.2,150.4,-0.5,1,   GPS,    ALT,-0.2,0.7,7.9,     3D,3704,      ,       ,90.5,       ,134.75,4620.5,0,FALSE,1,1238.09,34.1,18.097,0.03,2036,TRUE,CRUISE
7/25/2026, 05:05:49,  +00:00,   HKFH,-2.7670934,37.8120766,4301,29.92,4620.6,14.8,134.92,132.34,24.75,0.62,-0.63,0,-0.03,149.9,150.6,28.5,4.6,67.76,69.44,49.91,149.02,89.72,1239.37,1896.27,91.22,689.82,4558.6,146,  GPS,150.3,113.1,115.9,125.3,118,0.004,-1.154,11.03,141.4,12.1,150.4,-0.5,1,   GPS,    ALT,-0.2,0.6,3.9,     3D,3704,      ,       ,90.5,       ,134.92,4620.6,0,FALSE,1,1239.37,24.75,18.199,-0.04,2036.1,TRUE,CRUISE
7/25/2026, 05:05:49,  +00:00,   HKFH,-2.7676265,37.8123856,4301,29.92,4619.7,14.8,134.81,132.22,23.55,0.82,0.2,0.01,0.05,150.1,150.4,28.5,4.6,67.61,69.59,49.9,149,89.76,1238.56,1898.05,91.19,689.81,4557.7,146,  GPS,150.3,113.1,115.9,125.3,118,0.004,-1.148,11.1,141.7,12.1,150.4,-0.5,1,   GPS,    ALT,-0.1,0.8,-47.2,     3D,3704,      ,       ,90.5,       ,134.81,4619.7,0,FALSE,1,1238.56,23.55,16.104,0.08,2035.2,TRUE,CRUISE
7/25/2026, 05:05:50,  +00:00,   HKFH,-2.7681568,37.8126945,4300,29.92,4619.9,14.8,134.75,132.1,10.6,0.78,0.4,0.01,0,150.1,150.4,28.5,4.4,67.32,69.89,49.89,148.99,89.82,1238.73,1898.95,91.18,689.93,4558,146,  GPS,150.3,113.1,115.9,125.3,118,0.004,-1.143,11.18,142,12.1,150.4,-0.5,1,   GPS,    ALT,-0.1,0.8,0,     3D,3704,      ,       ,90.5,       ,134.75,4619.9,0,FALSE,1,1238.73,10.6,13.428,-0.05,2035.4,TRUE,CRUISE
7/25/2026, 05:05:51,  +00:00,   HKFH,-2.768702,37.8130074,4300,29.92,4619.7,14.8,134.77,131.91,-7.15,0.83,0.54,0.01,0.03,150.3,150.5,28.5,4.3,66.88,70.22,49.91,148.97,89.76,1240.05,1897.11,91.19,689.81,4557.7,146,  GPS,150.3,113.1,115.9,125.3,118,0.003,-1.139,11.27,142.3,12,150.4,-0.5,1,   GPS,    ALT,-0.1,0.8,-23.6,     3D,3704,      ,       ,90.5,       ,134.77,4619.7,0,FALSE,1,1240.05,-7.15,8.522,0.03,2035.2,TRUE,CRUISE
7/25/2026, 05:05:53,  +00:00,   HKFH,-2.7692096,37.8132973,4300,29.92,4620.4,14.8,134.55,131.83,-10.41,0.54,0.47,0,-0.08,149.9,150.5,28.5,4.7,66.44,70.92,49.89,148.96,89.8,1240.46,1894.41,91.19,689.74,4558.5,145,  GPS,150.3,113.1,115.9,125.3,118,0.003,-1.132,11.37,142.5,12,150.4,-0.5,1,   GPS,    ALT,-0.1,0.7,31.5,     3D,3704,      ,       ,90.5,       ,134.55,4620.4,0,FALSE,1,1240.46,-10.41,1.298,-0.11,2035.9,TRUE,CRUISE
7/25/2026, 05:05:54,  +00:00,   HKFH,-2.7697408,37.8136024,4301,29.92,4619.7,14.8,134.01,131.79,-6.21,0.63,-0.29,-0.01,-0.01,150.2,150.5,28.5,5.3,66.44,70.92,49.87,148.94,89.83,1240.1,1895.91,91.18,690.13,4557.8,145,  GPS,150.3,113.1,115.9,125.3,118,0.003,-1.124,11.46,142.8,12,150.4,-0.5,1,   GPS,    ALT,-0.1,0.6,-27.6,     3D,3704,      ,       ,90.5,       ,134.01,4619.7,0,FALSE,1,1240.1,-6.21,-4.46,0.07,2035.2,TRUE,CRUISE
7/25/2026, 05:05:54,  +00:00,   HKFH,-2.7702897,37.8139153,4299,29.92,4618.4,14.8,133.81,131.68,-2.54,1.11,-0.57,0,0.03,150.2,150.3,28.5,3.7,65.71,71.62,49.88,148.93,89.85,1238.58,1900.86,91.16,689.73,4556.5,145,  GPS,150.3,113.1,115.9,125.3,118,0.003,-1.119,11.55,143.1,11.9,150.4,-0.5,1,   GPS,    ALT,-0.1,0.9,-66.9,     3D,3704,      ,       ,90.5,       ,133.81,4618.4,0,FALSE,1,1238.58,-2.54,-6.062,0.04,2033.9,TRUE,CRUISE
7/25/2026, 05:05:55,  +00:00,   HKFH,-2.7707863,37.8142052,4298,29.92,4617.2,14.8,134.03,131.46,-19.47,1.41,0.21,0.01,0.08,150,150.4,28.5,4.5,64.97,72.5,49.89,148.92,89.76,1240.82,1894.09,91.2,690.09,4555.2,145,  GPS,150.3,113.1,115.9,125.3,118,0.003,-1.117,11.64,143.4,11.9,150.4,-0.5,1,   GPS,    ALT,0,1.3,-63,     3D,3704,      ,       ,90.5,       ,134.03,4617.2,0,FALSE,1,1240.82,-19.47,-5.37,0.05,2032.7,TRUE,CRUISE
7/25/2026, 05:05:57,  +00:00,   HKFH,-2.7713377,37.814518,4299,29.92,4617.2,14.8,133.8,131.25,-34.24,1.41,-0.7,-0.01,0,149.4,150.4,28.5,4.5,64.68,73.02,49.9,148.91,89.82,1239.6,1895.64,91.19,690.16,4555.2,145,  GPS,150.3,113.1,115.9,125.3,118,0.003,-1.113,11.74,143.6,11.9,150.4,-0.5,1,   GPS,    ALT,0,1.5,-7.9,     3D,3704,      ,       ,90.5,       ,133.8,4617.2,0,FALSE,1,1239.6,-34.24,-5.581,-0.08,2032.7,TRUE,CRUISE
7/25/2026, 05:05:58,  +00:00,   HKFH,-2.7718647,37.814827,4299,29.92,4619,14.8,133.32,131.11,-23.48,0.85,-0.34,-0.03,-0.11,149.3,150.3,28.5,4.9,64.53,73.2,49.9,148.91,89.76,1239.45,1896.01,91.18,690.45,4557,144,  GPS,150.3,113.1,115.9,125.3,118,0.003,-1.107,11.83,143.9,11.8,150.4,-0.5,1,   GPS,    ALT,0,1,86.6,     3D,3704,      ,       ,90.5,       ,133.32,4619,0,FALSE,1,1239.45,-23.48,-6.387,-0.11,2034.5,TRUE,CRUISE
7/25/2026, 05:05:58,  +00:00,   HKFH,-2.7724013,37.8151398,4302,29.92,4618.9,14.8,132.99,130.98,8.73,0.68,-0.1,0,-0.03,149.8,150,28.5,3.9,64.39,73.37,49.88,148.9,89.76,1241.57,1892.35,91.2,690.37,4556.9,144,  GPS,150.3,113.1,115.9,125.3,118,0.004,-1.098,11.91,144.1,11.8,150.4,-0.5,1,   GPS,    ALT,0.1,0.7,11.8,     3D,3704,      ,       ,90.5,       ,132.99,4618.9,0,FALSE,1,1241.57,8.73,-5.931,0.08,2034.4,TRUE,CRUISE
7/25/2026, 05:05:59,  +00:00,   HKFH,-2.7729039,37.8154335,4300,29.92,4617.5,14.8,132.64,130.96,30.47,1.07,0.7,0.01,0.11,150.1,150,28.5,4.2,64.39,73.37,49.87,148.9,89.73,1240.93,1895.17,91.2,690.65,4555.6,143,  GPS,150.3,113.1,115.9,125.3,118,0.004,-1.092,11.98,144.2,11.7,150.4,-0.5,1,   GPS,    ALT,0.2,1,-70.9,     3D,3704,      ,       ,90.5,       ,132.64,4617.5,0,FALSE,1,1240.93,30.47,-5.616,0.14,2033,TRUE,CRUISE
7/25/2026, 05:06:00,  +00:00,   HKFH,-2.7734287,37.8157387,4298,29.92,4618.2,15,132.27,130.98,8.49,0.88,1.25,0.02,-0.04,149.6,150.3,28.5,4.5,64.53,73.37,49.87,148.9,89.8,1240.59,1893,91.16,690.49,4556.3,143,  GPS,150.3,113.1,115.9,125.3,118,0.004,-1.086,12.05,144.4,11.7,150.4,-0.5,1,   GPS,    ALT,0.2,0.9,23.6,     3D,3704,      ,       ,90.5,       ,132.27,4618.2,0,FALSE,1,1240.59,8.49,-6.493,-0.15,2033.7,TRUE,CRUISE
7/25/2026, 05:06:02,  +00:00,   HKFH,-2.7739439,37.81604,4299,29.92,4618.5,15,131.89,130.92,-15.21,0.82,-0.56,-0.01,0,149.6,150.3,28.5,4.9,64.68,73.2,49.83,148.9,89.81,1237.78,1896.83,91.18,690.29,4556.4,143,  GPS,150.3,113.1,115.9,125.3,118,0.004,-1.077,12.11,144.6,11.7,150.4,-0.5,1,   GPS,    ALT,0.2,0.9,7.9,     3D,3704,      ,       ,90.5,       ,131.89,4618.5,0,FALSE,1,1237.78,-15.21,-5.289,0.04,2034,TRUE,CRUISE
7/25/2026, 05:06:03,  +00:00,   HKFH,-2.7744911,37.8163605,4300,29.92,4618.7,15,131.97,130.88,-5.85,0.82,-0.08,-0.01,-0.1,149.9,150,28.5,4.2,64.97,72.85,49.84,148.9,89.84,1237.79,1895.93,91.18,689.95,4556.5,143,  GPS,150.3,113.1,115.9,125.3,118,0.004,-1.069,12.15,144.7,11.6,150.4,-0.5,1,   GPS,    ALT,0.2,0.8,11.8,     3D,3704,      ,       ,90.5,       ,131.97,4618.7,0,FALSE,1,1237.79,-5.85,-2.701,-0.1,2034.2,TRUE,CRUISE
7/25/2026, 05:06:03,  +00:00,   HKFH,-2.7750351,37.8166733,4298,29.92,4617.2,15,132.08,130.78,-3.06,1.24,0.08,-0.01,0.09,149.9,150.1,28.5,4.3,65.27,72.67,49.85,148.9,89.75,1239.35,1894,91.19,689.5,4555,143,  GPS,150.3,113.1,115.9,125.3,118,0.004,-1.064,12.19,144.9,11.6,150.4,-0.5,1,   GPS,    ALT,0.3,1.2,-74.8,     3D,3704,      ,       ,90.5,       ,132.08,4617.2,0,FALSE,1,1239.35,-3.06,-0.336,0.19,2032.7,TRUE,CRUISE
7/25/2026, 05:06:04,  +00:00,   HKFH,-2.7755749,37.8169899,4299,29.92,4618.4,15,132.01,130.72,-11.31,1.18,0.14,0,0.02,149.8,150.1,28.5,4.2,65.71,72.67,49.9,148.89,89.79,1239.91,1893.08,91.19,690.04,4556.2,143,  GPS,150.3,113.1,115.9,125.3,118,0.004,-1.056,12.23,145,11.6,150.4,-0.5,1,   GPS,    ALT,0.2,1.3,55.1,     3D,3704,      ,       ,90.5,       ,132.01,4618.4,0,FALSE,1,1239.91,-11.31,0.725,-0.07,2033.9,TRUE,CRUISE
7/25/2026, 05:06:06,  +00:00,   HKFH,-2.7760775,37.8172836,4299,29.92,4620,15,131.62,130.72,-7.43,0.64,0.52,0.02,-0.1,149.8,150.3,28.5,5,65.71,72.32,49.9,148.89,89.76,1240.73,1891.8,91.19,690.3,4557.9,142,  GPS,150.3,113.1,115.9,125.3,118,0.004,-1.048,12.25,145.1,11.5,150.4,-0.5,1,   GPS,    ALT,0.2,0.8,98.4,     3D,3704,      ,       ,90.5,       ,131.62,4620,0,FALSE,1,1240.73,-7.43,0.142,-0.12,2035.5,TRUE,CRUISE
7/25/2026, 05:06:07,  +00:00,   HKFH,-2.7765906,37.8175774,4298,29.92,4619.6,15,131.11,130.74,-8.36,0.94,0.56,0,0.01,149.5,150.3,28.5,4.2,66.14,71.97,49.89,148.88,89.8,1240.9,1894.49,91.18,690.15,4557.4,142,  GPS,150.3,113.1,115.9,125.3,118,0.004,-1.04,12.26,145.3,11.5,150.4,-0.5,1,   GPS,    ALT,0.2,0.8,0,     3D,3704,      ,       ,90.5,       ,131.11,4619.6,0,FALSE,1,1240.9,-8.36,1.847,0.11,2035.1,TRUE,CRUISE
7/25/2026, 05:06:07,  +00:00,   HKFH,-2.777106,37.8178749,4300,29.92,4619.2,15,130.81,130.76,0.17,1.25,-0.04,-0.01,0.05,149.4,150.4,28.5,4.2,66.44,71.97,49.87,148.88,89.79,1240.48,1893.5,91.19,689.89,4557.1,141,  GPS,150.3,113.1,115.9,125.3,118,0.004,-1.03,12.25,145.3,11.5,150.4,-0.5,1,   GPS,    ALT,0.1,1.2,-19.7,     3D,3704,      ,       ,90.5,       ,130.81,4619.2,0,FALSE,1,1240.48,0.17,5.103,0.04,2034.7,TRUE,CRUISE
7/25/2026, 05:06:08,  +00:00,   HKFH,-2.7776208,37.8181725,4301,29.92,4619.8,15,130.57,130.8,19.34,0.89,0.13,-0.01,-0.02,149.4,150.2,28.5,4.2,66.58,71.8,49.88,148.88,89.76,1240.06,1892.83,91.18,690.09,4557.7,141,  GPS,150.3,113.1,115.9,125.3,118,0.004,-1.019,12.23,145.4,11.4,150.4,-0.5,1,   GPS,    ALT,0.1,1,27.6,     3D,3704,      ,       ,90.5,       ,130.57,4619.8,0,FALSE,1,1240.06,19.34,5.933,-0.07,2035.3,TRUE,CRUISE
7/25/2026, 05:06:09,  +00:00,   HKFH,-2.7781696,37.8184929,4301,29.92,4619.9,15,130.47,130.8,24.64,0.82,-0.18,-0.02,0.01,149.4,150.3,28.5,5,66.58,71.8,49.87,148.87,89.87,1238.77,1896.21,91.18,690.16,4557.7,141,  GPS,150.3,113.1,115.9,125.3,118,0.004,-1.012,12.2,145.4,11.4,150.4,-0.5,1,   GPS,    ALT,0.1,0.8,3.9,     3D,3704,      ,       ,90.5,       ,130.47,4619.9,0,FALSE,1,1238.77,24.64,5.659,0.03,2035.4,TRUE,CRUISE
7/25/2026, 05:06:11,  +00:00,   HKFH,-2.7786925,37.8187981,4301,29.92,4619.8,15,130.71,130.82,25.54,0.85,0.16,0,0.02,149.6,150,28.5,4.3,66.58,71.8,49.87,148.88,89.8,1237.4,1898.19,91.19,690.2,4557.7,141,  GPS,150.3,113.1,115.9,125.3,118,0.004,-1.002,12.15,145.3,11.3,150.4,-0.5,1,   GPS,    ALT,0.2,0.8,0,     3D,3704,      ,       ,90.5,       ,130.71,4619.8,0,FALSE,1,1237.4,25.54,6.479,0.01,2035.3,TRUE,CRUISE
7/25/2026, 05:06:12,  +00:00,   HKFH,-2.7792189,37.8191071,4300,29.92,4620.3,15,131.22,130.84,17.35,0.76,0.13,0,-0.04,149.7,150.1,28.5,4.1,66.58,71.8,49.87,148.88,89.8,1238.05,1896.61,91.18,690.33,4558.2,142,  GPS,150.3,113.1,115.9,125.3,118,0.004,-0.995,12.11,145.2,11.3,150.4,-0.5,1,   GPS,    ALT,0.3,0.7,19.7,     3D,3704,      ,       ,90.5,       ,131.22,4620.3,0,FALSE,1,1238.05,17.35,8.283,-0.06,2035.8,TRUE,CRUISE
7/25/2026, 05:06:12,  +00:00,   HKFH,-2.779763,37.8194199,4300,29.92,4619.9,15,131.72,130.78,2.45,0.96,0.04,0,0.02,149.6,150.1,28.5,4.2,66.58,71.97,49.85,148.89,89.81,1237.51,1897.3,91.17,690.12,4557.7,142,  GPS,150.3,113.1,115.9,125.3,118,0.004,-0.988,12.06,145.1,11.3,150.4,-0.5,1,   GPS,    ALT,0.3,0.9,-15.7,     3D,3704,      ,       ,90.5,       ,131.72,4619.9,0,FALSE,1,1237.51,2.45,10.771,0.06,2035.4,TRUE,CRUISE
7/25/2026, 05:06:13,  +00:00,   HKFH,-2.7802875,37.8197289,4300,29.92,4620,14.8,132.07,130.74,-5.8,1.02,0.25,0,-0.01,149.7,150.1,28.5,4.7,66.29,71.97,49.87,148.89,89.76,1236.95,1896.42,91.16,690.47,4557.8,143,  GPS,150.3,113.1,115.9,125.3,118,0.005,-0.98,12.02,145,11.2,150.4,-0.5,1,   GPS,    ALT,0.3,1,0,     3D,3704,      ,       ,90.5,       ,132.07,4620,0,FALSE,1,1236.95,-5.8,11.959,-0.03,2035.5,TRUE,CRUISE
7/25/2026, 05:06:15,  +00:00,   HKFH,-2.780802,37.8200264,4301,29.92,4620.2,14.8,132.19,130.67,-3.11,0.88,0.82,0.02,0.07,149.6,150.1,28.5,4.5,66.14,71.97,49.86,148.9,89.68,1237.85,1893.46,91.17,690.64,4558.1,143,  GPS,150.3,113.1,115.9,125.3,118,0.005,-0.972,11.99,145,11.2,150.4,-0.5,1,   GPS,    ALT,0.3,1.1,11.8,     3D,3704,      ,       ,90.5,       ,132.19,4620.2,0,FALSE,1,1237.85,-3.11,10.211,0.08,2035.7,TRUE,CRUISE
7/25/2026, 05:06:16,  +00:00,   HKFH,-2.7813296,37.8203354,4301,29.92,4622,14.8,131.86,130.72,10.61,0.44,0.89,0,-0.11,149.6,150.2,28.5,4.2,65.85,71.97,49.84,148.91,89.79,1237.81,1893.99,91.15,690.11,4559.9,143,  GPS,150.3,113.1,115.9,125.3,118,0.005,-0.963,11.96,144.9,11.2,150.5,-0.5,1,   GPS,    ALT,0.3,0.5,102.4,     3D,3704,      ,       ,90.5,       ,131.86,4622,0,FALSE,1,1237.81,10.61,6.75,-0.18,2037.5,TRUE,CRUISE
7/25/2026, 05:06:16,  +00:00,   HKFH,-2.7818563,37.8206406,4301,29.92,4620.6,15,131.47,130.76,16.52,0.67,0.69,0,0,150,150.5,28.5,4.1,65.71,71.97,49.81,148.91,89.8,1237.73,1895.67,91.18,689.64,4558.5,142,  GPS,150.3,113.1,115.9,125.3,118,0.005,-0.954,11.93,144.9,11.1,150.5,-0.5,1,   GPS,    ALT,0.2,0.5,-47.2,     3D,3704,      ,       ,90.5,       ,131.47,4620.6,0,FALSE,1,1237.73,16.52,2.878,0.11,2036.1,TRUE,CRUISE
7/25/2026, 05:06:17,  +00:00,   HKFH,-2.7823582,37.8209267,4301,29.92,4619,14.8,131.48,130.74,12.05,1.2,-0.01,0.01,0.08,150.2,150.4,28.5,4.9,65.56,71.97,49.82,148.92,89.73,1236.09,1899.67,91.16,689.34,4556.9,142,  GPS,150.3,113.1,115.9,125.3,118,0.005,-0.946,11.9,144.8,11.1,150.5,-0.5,1,   GPS,    ALT,0.2,1.2,-86.6,     3D,3704,      ,       ,90.5,       ,131.48,4619,0,FALSE,1,1236.09,12.05,0.431,0.08,2034.5,TRUE,CRUISE
7/25/2026, 05:06:19,  +00:00,   HKFH,-2.7828839,37.8212357,4300,29.92,4620.1,14.8,131.96,130.7,1.86,0.76,0.01,0.01,-0.05,150.1,150.4,28.5,4.2,65.56,71.8,49.88,148.93,89.79,1237.5,1895.13,91.18,689.85,4558,143,  GPS,150.3,113.1,115.9,125.3,118,0.005,-0.939,11.88,144.8,11.1,150.5,-0.5,1,   GPS,    ALT,0.2,0.9,43.3,     3D,3704,      ,       ,90.5,       ,131.96,4620.1,0,FALSE,1,1237.5,1.86,0.113,-0.13,2035.6,TRUE,CRUISE
7/25/2026, 05:06:20,  +00:00,   HKFH,-2.7834339,37.8215446,4300,29.92,4620.1,14.8,132.17,130.63,-9.97,0.7,0.04,0,-0.02,150.2,150.4,28.5,4.3,65.56,71.44,49.87,148.93,89.83,1237.46,1896.65,91.18,689.89,4558,143,  GPS,150.3,113.1,115.9,125.3,118,0.005,-0.931,11.86,144.8,11,150.5,-0.5,1,   GPS,    ALT,0.1,0.7,-3.9,     3D,3704,      ,       ,90,       ,132.17,4620.1,0,FALSE,1,1237.46,-9.97,1.459,0.03,2035.6,TRUE,CRUISE
7/25/2026, 05:06:21,  +00:00,   HKFH,-2.7844615,37.8221397,4300,29.92,4620.1,14.8,132.4,130.55,-13.18,0.91,-0.26,0,-0.02,150.3,150.4,28.5,4.5,66.29,70.39,49.86,148.93,89.79,1236.67,1897.43,91.19,689.84,4558,143,  GPS,150.3,113.1,115.9,125.3,118,0.005,-0.917,11.85,144.8,10.9,150.5,-0.5,1,   GPS,    ALT,0.1,0.9,19.7,     3D,3704,      ,       ,90,       ,132.4,4620.1,0,FALSE,1,1236.67,-13.18,2.426,0,2035.6,TRUE,CRUISE
7/25/2026, 05:06:22,  +00:00,   HKFH,-2.7849753,37.8224373,4300,29.92,4620.7,14.8,132.42,130.49,-7.12,0.73,0.14,0,0,150.3,150.4,28.5,4.6,66.29,70.39,49.85,148.93,89.75,1237.8,1895.49,91.19,689.94,4558.6,143,  GPS,150.3,113.1,115.9,125.3,118,0.005,-0.91,11.85,144.9,10.9,150.5,-0.5,1,   GPS,    ALT,0.1,0.7,31.5,     3D,3704,      ,       ,90,       ,132.42,4620.7,0,FALSE,1,1237.8,-7.12,0.935,0.02,2036.2,TRUE,CRUISE
7/25/2026, 05:06:24,  +00:00,   HKFH,-2.7855103,37.8227425,4300,29.92,4621.1,15,132.29,130.49,-0.73,0.65,0.22,0,0,150.2,150.4,28.5,4,66.58,69.89,49.86,148.93,89.77,1237.66,1896.1,91.17,690,4558.9,143,  GPS,150.3,113.1,115.9,125.3,118,0.005,-0.902,11.86,145,10.9,150.5,-0.5,1,   GPS,    ALT,0.1,0.6,19.7,     3D,3704,      ,       ,90,       ,132.29,4621.1,0,FALSE,1,1237.66,-0.73,-1.546,0,2036.6,TRUE,CRUISE
7/25/2026, 05:06:25,  +00:00,   HKFH,-2.7860475,37.8230553,4301,29.92,4620.9,15,132.25,130.47,7.66,0.66,0.08,0.01,-0.02,150.4,150.4,28.5,4,67.02,69.44,49.85,148.92,89.81,1237.31,1897.06,91.16,690.23,4558.7,143,  GPS,150.3,113.1,115.9,125.3,118,0.005,-0.893,11.87,145.1,10.8,150.5,-0.5,1,   GPS,    ALT,0.1,0.7,-3.9,     3D,3704,      ,       ,90,       ,132.25,4620.9,0,FALSE,1,1237.31,7.66,-3.249,-0.02,2036.4,TRUE,CRUISE
7/25/2026, 05:06:25,  +00:00,   HKFH,-2.786571,37.8233528,4300,29.92,4620.4,15,132.29,130.47,6.56,0.85,0.35,0.01,0.02,150.4,150.4,28.5,4.3,67.32,69.14,49.83,148.91,89.72,1237.13,1896.05,91.16,690.26,4558.3,143,  GPS,150.3,113.1,115.9,125.3,118,0.005,-0.885,11.89,145.2,10.8,150.5,-0.5,1,   GPS,    ALT,0.1,0.8,-23.6,     3D,3704,      ,       ,90,       ,132.29,4620.4,0,FALSE,1,1237.13,6.56,-3.614,0.04,2035.9,TRUE,CRUISE
7/25/2026, 05:06:26,  +00:00,   HKFH,-2.7871108,37.8236656,4300,29.92,4620.5,15,132.22,130.47,-4.3,0.86,0.42,0.01,0.01,150.2,150.5,28.5,4.6,67.76,68.84,49.87,148.9,89.79,1237.97,1894.76,91.18,690.44,4558.4,143,  GPS,150.3,113.1,115.9,125.3,118,0.005,-0.877,11.91,145.4,10.8,150.5,-0.5,1,   GPS,    ALT,0,0.9,0,     3D,3704,      ,       ,90,       ,132.22,4620.5,0,FALSE,1,1237.97,-4.3,-2.367,-0.01,2036,TRUE,CRUISE
7/25/2026, 05:06:28,  +00:00,   HKFH,-2.7876239,37.8239594,4300,29.92,4620.8,15,132.06,130.47,-8.29,0.74,-0.49,-0.01,-0.03,150.1,150.6,28.5,4,67.9,68.69,49.85,148.9,89.8,1237.66,1895.16,91.18,690.33,4558.7,143,  GPS,150.3,113.1,115.9,125.3,118,0.005,-0.869,11.93,145.6,10.7,150.5,-0.5,1,   GPS,    ALT,0,0.8,15.7,     3D,3704,      ,       ,90,       ,132.06,4620.8,0,FALSE,1,1237.66,-8.29,0.136,-0.04,2036.3,TRUE,CRUISE
7/25/2026, 05:06:29,  +00:00,   HKFH,-2.7881382,37.8242531,4300,29.92,4620.7,15,132.03,130.43,-4.98,0.86,0.4,0.01,0.01,150.2,150.6,28.5,3.9,67.9,68.69,49.86,148.89,89.82,1236.77,1898.37,91.16,690.25,4558.5,143,  GPS,150.3,113.1,115.9,125.3,118,0.005,-0.861,11.95,145.7,10.7,150.5,-0.5,1,   GPS,    ALT,0,0.8,0,     3D,3704,      ,       ,90,       ,132.03,4620.7,0,FALSE,1,1236.77,-4.98,3.438,0.04,2036.2,TRUE,CRUISE
7/25/2026, 05:06:29,  +00:00,   HKFH,-2.7886527,37.8245468,4300,29.92,4620.9,15,132.18,130.43,-1.79,0.8,0.31,0,0.01,150.1,150.6,28.5,4,68.05,68.69,49.89,148.88,89.81,1238.85,1894.71,91.18,690.11,4558.7,143,  GPS,150.3,113.1,115.9,125.3,118,0.004,-0.853,11.97,145.9,10.7,150.4,-0.5,1,   GPS,    ALT,-0.1,0.9,3.9,     3D,3704,      ,       ,90,       ,132.18,4620.9,0,FALSE,1,1238.85,-1.79,4.991,0,2036.4,TRUE,CRUISE
7/25/2026, 05:06:30,  +00:00,   HKFH,-2.7891798,37.8248482,4300,29.92,4621.3,15,132.12,130.45,2.5,0.68,0.18,0,0.02,150,150.7,28.5,4.5,67.9,68.84,49.89,148.87,89.81,1239.16,1894.65,91.18,690.18,4559.2,143,  GPS,150.3,113.1,115.9,125.3,118,0.004,-0.844,11.99,146,10.6,150.5,-0.5,1,   GPS,    ALT,-0.1,0.7,23.6,     3D,3704,      ,       ,90,       ,132.12,4621.3,0,FALSE,1,1239.16,2.5,3.827,0.01,2036.8,TRUE,CRUISE
7/25/2026, 05:06:31,  +00:00,   HKFH,-2.7897279,37.8251572,4302,29.92,4621.7,15,132.04,130.47,11.85,0.58,-0.54,-0.01,-0.01,150.2,150.7,28.5,4.1,67.76,69.14,49.88,148.87,89.83,1238.03,1896.48,91.17,690.17,4559.6,143,  GPS,150.3,113.1,115.9,125.3,118,0.004,-0.833,12.01,146,10.6,150.5,-0.5,1,   GPS,    ALT,-0.1,0.6,11.8,     3D,3704,      ,       ,90,       ,132.04,4621.7,0,FALSE,1,1238.03,11.85,1.974,-0.03,2037.2,TRUE,CRUISE
7/25/2026, 05:06:33,  +00:00,   HKFH,-2.7902749,37.8254738,4302,29.92,4621,15,132.1,130.49,25.9,0.64,-0.08,0.01,0.02,150.3,150.5,28.5,3.7,67.46,69.44,49.85,148.87,89.73,1237.34,1895.47,91.16,690.03,4558.9,143,  GPS,150.3,113.1,115.9,125.3,118,0.004,-0.825,12.03,146.1,10.5,150.5,-0.5,1,   GPS,    ALT,-0.1,0.7,-31.5,     3D,3704,      ,       ,90,       ,132.1,4621,0,FALSE,1,1237.34,25.9,0.731,0.03,2036.5,TRUE,CRUISE
7/25/2026, 05:06:34,  +00:00,   HKFH,-2.7907929,37.8257675,4300,29.92,4621.1,15,132.15,130.55,14.8,0.62,-0.09,0.01,0,150.2,150.5,28.5,4.3,67.17,69.89,49.87,148.87,89.77,1238.09,1895.18,91.18,690.16,4558.9,143,  GPS,150.3,113.1,115.9,125.3,118,0.004,-0.817,12.05,146.1,10.5,150.5,-0.5,1,   GPS,    ALT,0,0.6,-3.9,     3D,3704,      ,       ,90,       ,132.15,4621.1,0,FALSE,1,1238.09,14.8,-0.175,-0.02,2036.6,TRUE,CRUISE
7/25/2026, 05:06:34,  +00:00,   HKFH,-2.7913072,37.8260651,4300,29.92,4621.1,15,132.06,130.61,-3.98,0.6,-0.29,0,-0.03,150.1,150.5,28.5,4.7,67.17,69.89,49.87,148.87,89.8,1237.77,1897.27,91.18,690.31,4559,143,  GPS,150.3,113.1,115.9,125.3,118,0.004,-0.808,12.07,146.2,10.5,150.5,-0.5,1,   GPS,    ALT,0,0.6,0,     3D,3704,      ,       ,90,       ,132.06,4621.1,0,FALSE,1,1237.77,-3.98,-0.61,-0.03,2036.6,TRUE,CRUISE
7/25/2026, 05:06:35,  +00:00,   HKFH,-2.79182,37.8263588,4300,29.92,4620.2,15,132.13,130.61,-11.97,0.83,-0.12,0.01,0.02,150.2,150.5,28.5,4,67.02,70.04,49.9,148.87,89.88,1238.43,1897.49,91.19,690.43,4558,143,  GPS,150.3,113.1,115.9,125.3,118,0.004,-0.799,12.09,146.2,10.4,150.5,-0.5,1,   GPS,    ALT,0,0.8,-31.5,     3D,3704,      ,       ,90,       ,132.13,4620.2,0,FALSE,1,1238.43,-11.97,-0.693,0.05,2035.7,TRUE,CRUISE
7/25/2026, 05:06:37,  +00:00,   HKFH,-2.7923572,37.8266716,4299,29.92,4620.2,15,132.28,130.59,-16.73,0.9,-0.19,0,-0.02,150.1,150.5,28.5,3.7,66.88,70.04,49.9,148.87,89.81,1238.68,1896.59,91.18,690.57,4558,143,  GPS,150.3,113.1,115.9,125.3,118,0.004,-0.792,12.11,146.3,10.4,150.5,-0.5,1,   GPS,    ALT,0,0.9,-3.9,     3D,3704,      ,       ,90,       ,132.28,4620.2,0,FALSE,1,1238.68,-16.73,-0.263,-0.04,2035.7,TRUE,CRUISE
7/25/2026, 05:06:38,  +00:00,   HKFH,-2.792861,37.8269615,4300,29.92,4620.1,15,132.34,130.55,-17.35,0.89,-0.03,0,-0.03,150.1,150.4,28.5,4,66.73,70.22,49.92,148.87,89.76,1239.44,1895.6,91.21,690.57,4557.9,143,  GPS,150.3,113.1,115.9,125.3,118,0.004,-0.784,12.13,146.3,10.4,150.5,-0.5,1,   GPS,    ALT,0,1,-7.9,     3D,3704,      ,       ,90,       ,132.34,4620.1,0,FALSE,1,1239.44,-17.35,-0.634,-0.01,2035.6,TRUE,CRUISE
7/25/2026, 05:06:38,  +00:00,   HKFH,-2.7934058,37.8272781,4300,29.92,4620.2,15,132.31,130.49,-9.33,0.85,0.13,0,0.01,150.1,150.4,28.5,3.9,66.58,70.39,49.88,148.86,89.77,1238.32,1897.9,91.18,690.6,4558.1,143,  GPS,150.3,113.1,115.9,125.3,118,0.004,-0.777,12.15,146.4,10.3,150.5,-0.5,1,   GPS,    ALT,0,0.9,7.9,     3D,3704,      ,       ,90,       ,132.31,4620.2,0,FALSE,1,1238.32,-9.33,-3.259,0.04,2035.7,TRUE,CRUISE
7/25/2026, 05:06:39,  +00:00,   HKFH,-2.793952,37.8275909,4300,29.92,4621,15,132.43,130.45,-2.62,0.63,-0.16,-0.01,-0.03,150.1,150.2,28.5,3.9,66.29,70.57,49.88,148.87,89.84,1238.18,1896.55,91.17,690.3,4558.8,143,  GPS,150.3,113.1,115.9,125.3,118,0.004,-0.769,12.17,146.4,10.3,150.5,-0.5,1,   GPS,    ALT,0.1,0.7,31.5,     3D,3704,      ,       ,90,       ,132.43,4621,0,FALSE,1,1238.18,-2.62,-5.009,-0.04,2036.5,TRUE,CRUISE
7/25/2026, 05:06:41,  +00:00,   HKFH,-2.7944686,37.8278885,4301,29.92,4620.7,15,132.53,130.45,6.8,0.65,-0.14,0,0.01,150.2,150.1,28.5,4.1,66.29,70.57,49.9,148.86,89.75,1238.95,1896.25,91.19,690.31,4558.5,143,  GPS,150.3,113.1,115.9,125.3,118,0.004,-0.76,12.2,146.4,10.3,150.5,-0.5,1,   GPS,    ALT,0.1,0.6,-7.9,     3D,3704,      ,       ,90,       ,132.53,4620.7,0,FALSE,1,1238.95,6.8,-3.845,0.04,2036.2,TRUE,CRUISE
7/25/2026, 05:06:42,  +00:00,   HKFH,-2.7949805,37.8281898,4300,29.92,4620.7,15,132.4,130.49,8.14,0.63,0.15,0,0,150.3,150.2,28.5,3.9,66.14,70.74,49.9,148.86,89.76,1240.59,1894.15,91.18,690.57,4558.6,143,  GPS,150.3,113.1,115.9,125.3,118,0.004,-0.752,12.22,146.5,10.2,150.5,-0.5,1,   GPS,    ALT,0.2,0.6,0,     3D,3704,      ,       ,90,       ,132.4,4620.7,0,FALSE,1,1240.59,8.14,-1.964,-0.01,2036.2,TRUE,CRUISE
7/25/2026, 05:06:42,  +00:00,   HKFH,-2.7954943,37.8284874,4300,29.92,4620.8,15,132.03,130.57,-0.35,0.67,0.24,0,0.02,150.2,150.4,28.5,3.9,65.85,70.92,49.91,148.86,89.82,1239.99,1896.04,91.19,690.38,4558.7,143,  GPS,150.3,113.1,115.9,125.3,118,0.004,-0.742,12.25,146.6,10.2,150.5,-0.5,1,   GPS,    ALT,0.2,0.6,7.9,     3D,3704,      ,       ,90,       ,132.03,4620.8,0,FALSE,1,1239.99,-0.35,-1.21,0.02,2036.3,TRUE,CRUISE
7/25/2026, 05:06:43,  +00:00,   HKFH,-2.7960076,37.8287849,4301,29.92,4620.9,15,131.92,130.59,-2.7,0.62,0.45,0.01,0,150.4,150.3,28.5,3.9,65.71,70.92,49.92,148.86,89.78,1238.44,1898.42,91.21,690.42,4558.8,143,  GPS,150.3,113.1,115.9,125.3,118,0.004,-0.732,12.27,146.6,10.2,150.5,-0.5,1,   GPS,    ALT,0.2,0.7,3.9,     3D,3704,      ,       ,90,       ,131.92,4620.9,0,FALSE,1,1238.44,-2.7,-1.594,-0.02,2036.4,TRUE,CRUISE
7/25/2026, 05:06:44,  +00:00,   HKFH,-2.7965541,37.8291016,4301,29.92,4621.1,15,132.1,130.63,7.66,0.58,0.71,0.01,0,150.6,150.2,28.5,3.8,65.41,71.09,49.92,148.86,89.85,1239.55,1895.92,91.21,690.55,4559,143,  GPS,150.3,113.1,115.9,125.3,118,0.004,-0.723,12.29,146.7,10.1,150.5,-0.5,1,   GPS,    ALT,0.2,0.5,11.8,     3D,3704,      ,       ,90,       ,132.1,4621.1,0,FALSE,1,1239.55,7.66,-2.893,0,2036.6,TRUE,CRUISE
7/25/2026, 05:06:46,  +00:00,   HKFH,-2.7970788,37.8294067,4300,29.92,4620,15,132.2,130.63,6.84,0.91,0.42,0.01,0.05,150.7,150.3,28.5,3.7,65.27,71.27,49.9,148.87,89.79,1238.33,1899.12,91.18,690.39,4557.8,143,  GPS,150.3,113.1,115.9,125.3,118,0.004,-0.716,12.31,146.9,10.1,150.5,-0.5,1,   GPS,    ALT,0.2,0.8,-55.1,     3D,3704,      ,       ,90,       ,132.2,4620,0,FALSE,1,1238.33,6.84,-4.293,0.05,2035.5,TRUE,CRUISE
7/25/2026, 05:06:47,  +00:00,   HKFH,-2.7976246,37.8297195,4299,29.92,4619.9,15,132.54,130.57,-9.19,0.96,0.69,0.01,0,150.7,150.5,28.5,4.6,65.27,71.27,49.91,148.87,89.8,1238.44,1897.32,91.2,690.26,4557.7,143,  GPS,150.3,113.1,115.9,125.3,118,0.004,-0.709,12.33,147.1,10,150.5,-0.5,1,   GPS,    ALT,0.2,1,-11.8,     3D,3704,      ,       ,90,       ,132.54,4619.9,0,FALSE,1,1238.44,-9.19,-5.8,-0.05,2035.4,TRUE,CRUISE
7/25/2026, 05:06:47,  +00:00,   HKFH,-2.7981415,37.8300171,4299,29.92,4620.6,15,132.65,130.51,-21.19,0.82,0.16,0,-0.04,150.7,150.5,28.5,3.9,65.27,71.27,49.92,148.86,89.77,1239.2,1895.5,91.18,690.38,4558.5,143,  GPS,150.3,113.1,115.9,125.3,118,0.004,-0.702,12.36,147.3,10,150.5,-0.5,1,   GPS,    ALT,0.1,0.9,27.6,     3D,3704,      ,       ,90,       ,132.65,4620.6,0,FALSE,1,1239.2,-21.19,-6.979,-0.04,2036.1,TRUE,CRUISE
7/25/2026, 05:06:48,  +00:00,   HKFH,-2.798676,37.8303223,4299,29.92,4620.3,15,132.6,130.43,-22.32,1.03,0.58,0.01,-0.03,150.7,150.7,28.5,3.8,65.27,71.27,49.92,148.86,89.76,1238.99,1897,91.2,690.5,4558.2,143,  GPS,150.3,113.1,115.9,125.3,118,0.004,-0.695,12.38,147.6,10,150.5,-0.5,1,   GPS,    ALT,0,1,-11.8,     3D,3704,      ,       ,90,       ,132.6,4620.3,0,FALSE,1,1238.99,-22.32,-6.54,0.01,2035.8,TRUE,CRUISE
7/25/2026, 05:06:50,  +00:00,   HKFH,-2.7991951,37.8306198,4299,29.92,4619.8,15,132.55,130.32,-16.62,1.21,-0.1,0,0,150.8,150.6,28.5,3.5,65.56,70.92,49.91,148.87,89.79,1238.1,1897.15,91.19,690.21,4557.7,143,  GPS,150.3,113.1,115.9,125.3,118,0.004,-0.689,12.41,147.8,9.9,150.5,-0.5,1,   GPS,    ALT,0,1.2,-27.6,     3D,3704,      ,       ,90,       ,132.55,4619.8,0,FALSE,1,1238.1,-16.62,-5.217,0.03,2035.3,TRUE,CRUISE
7/25/2026, 05:06:51,  +00:00,   HKFH,-2.7997224,37.8309174,4299,29.92,4620.5,15,132.63,130.14,-8.27,1.09,-0.23,0,0.01,150.9,150.6,28.5,4.4,66,70.92,49.92,148.87,89.81,1237.51,1898.67,91.19,690.48,4558.4,143,  GPS,150.3,113.1,115.9,125.3,118,0.004,-0.684,12.43,148.1,9.9,150.5,-0.5,1,   GPS,    ALT,0,1.2,23.6,     3D,3704,      ,       ,90,       ,132.63,4620.5,0,FALSE,1,1237.51,-8.27,-4.606,0.01,2036,TRUE,CRUISE
7/25/2026, 05:06:51,  +00:00,   HKFH,-2.80022,37.8312073,4299,29.92,4621.3,15,132.76,130,-3.65,0.87,-0.05,0,-0.03,150.9,150.6,28.5,3.7,66.44,70.39,49.92,148.87,89.76,1238.37,1896.68,91.21,690.55,4559.2,144,  GPS,150.3,113.1,115.9,125.3,118,0.004,-0.678,12.47,148.4,9.9,150.5,-0.5,1,   GPS,    ALT,0,0.9,51.2,     3D,3704,      ,       ,90,       ,132.76,4621.3,0,FALSE,1,1238.37,-3.65,-3.844,-0.04,2036.8,TRUE,CRUISE
7/25/2026, 05:06:52,  +00:00,   HKFH,-2.8007441,37.8315048,4300,29.92,4621.3,15,132.74,129.91,4.04,0.88,0.08,0,-0.01,150.9,150.6,28.5,3.9,67.02,69.89,49.9,148.87,89.73,1239.62,1895.03,91.2,690.48,4559.1,144,  GPS,150.3,113.1,115.9,125.3,118,0.004,-0.67,12.5,148.7,9.8,150.5,-0.5,1,   GPS,    ALT,-0.1,0.9,7.9,     3D,3704,      ,       ,90,       ,132.74,4621.3,0,FALSE,1,1239.62,4.04,-1.964,0.02,2036.8,TRUE,CRUISE
7/25/2026, 05:06:54,  +00:00,   HKFH,-2.801245,37.8317947,4300,29.92,4621.3,15.2,132.5,129.87,10.53,0.83,-0.47,0,0.01,150.7,150.6,28.5,3,67.02,69.44,49.91,148.87,89.77,1240.36,1894.5,91.19,690.51,4559.2,143,  GPS,150.3,113.1,115.9,125.3,118,0.004,-0.662,12.54,149,9.8,150.5,-0.5,1,   GPS,    ALT,-0.1,0.9,3.9,     3D,3704,      ,       ,90,       ,132.5,4621.3,0,FALSE,1,1240.36,10.53,1.112,0.02,2036.8,TRUE,CRUISE
7/25/2026, 05:06:55,  +00:00,   HKFH,-2.8018012,37.8321075,4301,29.92,4621.4,15.2,132.15,129.87,13.77,0.8,-0.02,0,0,150.7,150.6,28.5,3.9,67.46,68.99,49.92,148.87,89.76,1241.32,1893.45,91.21,690.49,4559.2,143,  GPS,150.3,113.1,115.9,125.3,118,0.004,-0.653,12.58,149.2,9.8,150.5,-0.5,1,   GPS,    ALT,-0.1,0.8,3.9,     3D,3704,      ,       ,90,       ,132.15,4621.4,0,FALSE,1,1241.32,13.77,4.112,-0.01,2036.9,TRUE,CRUISE
7/25/2026, 05:06:55,  +00:00,   HKFH,-2.8023238,37.8324127,4300,29.92,4621.2,15.2,131.8,129.87,14.46,0.79,-0.29,0,0,150.6,150.5,28.5,3.9,67.61,68.84,49.87,148.87,89.77,1240.48,1894.9,91.18,690.45,4559,143,  GPS,150.3,113.1,115.9,125.3,118,0.004,-0.646,12.61,149.5,9.7,150.5,-0.5,1,   GPS,    ALT,-0.1,0.8,-3.9,     3D,3704,      ,       ,90,       ,131.8,4621.2,0,FALSE,1,1240.48,14.46,6.177,0,2036.7,TRUE,CRUISE
7/25/2026, 05:06:56,  +00:00,   HKFH,-2.8028669,37.8327255,4300,29.92,4621,15.2,131.58,129.89,9.61,0.83,-0.34,0,-0.01,150.5,150.5,28.5,3.8,67.61,68.84,49.88,148.86,89.76,1240.21,1895.22,91.19,690.33,4558.9,142,  GPS,150.3,113.1,115.9,125.3,118,0.004,-0.637,12.63,149.8,9.7,150.5,-0.5,1,   GPS,    ALT,0,0.8,-3.9,     3D,3704,      ,       ,90,       ,131.58,4621,0,FALSE,1,1240.21,9.61,7.156,-0.01,2036.5,TRUE,CRUISE
7/25/2026, 05:06:58,  +00:00,   HKFH,-2.80339,37.8330231,4301,29.92,4620.8,15.2,131.38,129.91,9.57,0.87,0.27,0,0.02,150.5,150.4,28.5,3.3,67.61,68.84,49.89,148.86,89.79,1240.93,1892.73,91.18,690.4,4558.7,142,  GPS,150.3,113.1,115.9,125.3,118,0.004,-0.628,12.65,150,9.6,150.5,-0.5,1,   GPS,    ALT,0,0.9,-7.9,     3D,3704,      ,       ,90,       ,131.38,4620.8,0,FALSE,1,1240.93,9.57,6.909,0.03,2036.3,TRUE,CRUISE
7/25/2026, 05:06:59,  +00:00,   HKFH,-2.8039064,37.8333244,4301,29.92,4620.8,15.2,131.08,129.98,7.68,0.76,-0.12,0,-0.02,150.4,150.4,28.5,3.9,67.17,68.84,49.91,148.85,89.83,1240.68,1894.31,91.18,690.49,4558.6,142,  GPS,150.3,113.1,115.9,125.3,118,0.004,-0.618,12.67,150.2,9.6,150.5,-0.5,1,   GPS,    ALT,0,0.8,0,     3D,3704,      ,       ,90,       ,131.08,4620.8,0,FALSE,1,1240.68,7.68,5.349,-0.04,2036.3,TRUE,CRUISE
7/25/2026, 05:06:59,  +00:00,   HKFH,-2.80443,37.833622,4300,29.92,4620.6,15.2,130.93,130,4.03,0.81,-0.54,-0.01,-0.04,150.4,150.4,28.5,4.1,67.17,69.14,49.91,148.85,89.79,1239.47,1896.85,91.19,690.64,4558.4,142,  GPS,150.3,113.1,115.9,125.3,118,0.004,-0.61,12.67,150.4,9.6,150.5,-0.5,1,   GPS,    ALT,0.1,0.8,-15.7,     3D,3704,      ,       ,90,       ,130.93,4620.6,0,FALSE,1,1239.47,4.03,2.655,-0.02,2036.1,TRUE,CRUISE
7/25/2026, 05:07:00,  +00:00,   HKFH,-2.8049502,37.8339233,4300,29.92,4620,15.2,131.04,130.02,1.52,0.94,-0.1,0,0.04,150.4,150.1,28.5,3.8,66.73,69.44,49.91,148.84,89.76,1239.27,1896.39,91.18,690.72,4557.9,142,  GPS,150.3,113.1,115.9,125.3,118,0.004,-0.601,12.66,150.6,9.5,150.5,-0.5,1,   GPS,    ALT,0.1,0.9,-27.6,     3D,3704,      ,       ,90,       ,131.04,4620,0,FALSE,1,1239.27,1.52,-0.649,0.08,2035.5,TRUE,CRUISE
7/25/2026, 05:07:01,  +00:00,   HKFH,-2.8054745,37.8342361,4300,29.92,4620.3,15.2,131.34,130.02,-6.12,0.9,0.35,-0.01,-0.02,150.4,150.2,28.5,3.1,66.29,69.74,49.9,148.84,89.84,1238.23,1897.81,91.18,690.64,4558,142,  GPS,150.3,113.1,115.9,125.3,118,0.004,-0.593,12.65,150.8,9.5,150.5,-0.5,1,   GPS,    ALT,0.2,0.9,0,     3D,3704,      ,       ,90,       ,131.34,4620.3,0,FALSE,1,1238.23,-6.12,-4.606,-0.06,2035.8,TRUE,CRUISE
7/25/2026, 05:07:03,  +00:00,   HKFH,-2.8060017,37.8345375,4299,29.92,4620.1,15.2,131.71,129.95,-11.56,0.98,0.9,0,-0.01,150.6,150.1,28.5,3.9,65.71,70.22,49.9,148.83,89.83,1238.99,1897.37,91.19,690.52,4557.7,142,  GPS,150.3,113.1,115.9,125.3,118,0.004,-0.587,12.64,150.9,9.5,150.5,-0.5,1,   GPS,    ALT,0.2,1,-15.7,     3D,3704,      ,       ,90,       ,131.71,4620.1,0,FALSE,1,1238.99,-11.56,-7.862,0.01,2035.6,TRUE,CRUISE
7/25/2026, 05:07:04,  +00:00,   HKFH,-2.8065174,37.8348351,4299,29.92,4619.8,15.2,131.97,129.91,-16.41,1.07,0.09,0,0,150.7,150.4,28.5,3.7,65.27,70.22,49.92,148.83,89.8,1240.35,1894.38,91.19,690.52,4557.5,143,  GPS,150.3,113.1,115.9,125.3,118,0.004,-0.579,12.63,151.1,9.4,150.5,-0.5,1,   GPS,    ALT,0.3,1,-11.8,     3D,3704,      ,       ,89.5,       ,131.97,4619.8,0,FALSE,1,1240.35,-16.41,-10.323,0.01,2035.3,TRUE,CRUISE
7/25/2026, 05:07:04,  +00:00,   HKFH,-2.8070152,37.835125,4298,29.92,4619.6,15.2,131.89,129.85,-19.27,1.14,0.07,0,-0.01,150.7,150.3,28.5,3.9,64.97,70.74,49.92,148.83,89.8,1241.26,1893.03,91.18,690.68,4557.2,143,  GPS,150.3,113.1,115.9,125.3,118,0.004,-0.572,12.63,151.2,9.4,150.5,-0.5,1,   GPS,    ALT,0.2,1.2,-11.8,     3D,3704,      ,       ,89.5,       ,131.89,4619.6,0,FALSE,1,1241.26,-19.27,-11.798,-0.01,2035.1,TRUE,CRUISE
7/25/2026, 05:07:05,  +00:00,   HKFH,-2.8075607,37.8354416,4298,29.92,4619.1,15.2,131.57,129.79,-25.11,1.4,-0.08,0,0,150.6,150.3,28.5,3.1,64.97,70.92,49.9,148.83,89.73,1241.17,1892.55,91.18,690.68,4556.8,142,  GPS,150.3,113.1,115.9,125.3,118,0.004,-0.566,12.62,151.4,9.4,150.5,-0.5,1,   GPS,    ALT,0.2,1.4,-23.6,     3D,3704,      ,       ,89.5,       ,131.57,4619.1,0,FALSE,1,1241.17,-25.11,-12.07,0.01,2034.6,TRUE,CRUISE
7/25/2026, 05:07:07,  +00:00,   HKFH,-2.808059,37.8357315,4298,29.92,4619,15.2,131.22,129.67,-22.95,1.47,0.23,-0.01,0.02,150.5,150.5,28.5,3.5,64.83,71.27,49.91,148.83,89.75,1240.27,1893.99,91.18,690.34,4556.7,142,  GPS,150.3,113.1,115.9,125.3,118,0.004,-0.559,12.61,151.6,9.3,150.5,-0.5,1,   GPS,    ALT,0.2,1.5,-7.9,     3D,3704,      ,       ,89.5,       ,131.22,4619,0,FALSE,1,1240.27,-22.95,-11.311,0.02,2034.5,TRUE,CRUISE
7/25/2026, 05:07:08,  +00:00,   HKFH,-2.8085697,37.8360291,4298,29.92,4619.5,15.2,131.01,129.54,-15.04,1.4,0.05,0,-0.01,150.5,150.4,28.5,3.6,64.83,71.27,49.9,148.84,89.76,1239.76,1893.81,91.19,690.23,4557.1,142,  GPS,150.3,113.1,115.9,125.3,118,0.004,-0.553,12.59,151.7,9.3,150.5,-0.5,1,   GPS,    ALT,0.1,1.4,19.7,     3D,3704,      ,       ,89.5,       ,131.01,4619.5,0,FALSE,1,1239.76,-15.04,-9.124,-0.03,2035,TRUE,CRUISE
7/25/2026, 05:07:08,  +00:00,   HKFH,-2.8091002,37.8363304,4298,29.92,4619.7,15.2,130.86,129.42,-7.07,1.33,0.21,0,0.03,150.4,150.4,28.5,3.8,64.83,71.27,49.86,148.84,89.76,1239.52,1893.39,91.18,690.05,4557.4,142,  GPS,150.3,113.1,115.9,125.3,118,0.004,-0.547,12.57,151.9,9.2,150.5,-0.5,1,   GPS,    ALT,0.1,1.3,15.7,     3D,3704,      ,       ,89.5,       ,130.86,4619.7,0,FALSE,1,1239.52,-7.07,-5.711,0.04,2035.2,TRUE,CRUISE
7/25/2026, 05:07:09,  +00:00,   HKFH,-2.8096509,37.8366508,4299,29.92,4620.1,15.2,130.72,129.3,1.31,1.31,-0.23,-0.01,0.02,150.4,150.4,28.5,3.2,64.83,71.27,49.9,148.84,89.82,1239.59,1893.99,91.19,690.36,4557.7,141,  GPS,150.3,113.1,115.9,125.3,118,0.004,-0.54,12.54,152,9.2,150.5,-0.5,1,   GPS,    ALT,0.1,1.3,19.7,     3D,3704,      ,       ,89.5,       ,130.72,4620.1,0,FALSE,1,1239.59,1.31,-2.524,-0.01,2035.6,TRUE,CRUISE
7/25/2026, 05:07:11,  +00:00,   HKFH,-2.810164,37.8369446,4299,29.92,4620.4,15.2,130.6,129.25,9.11,1.19,0.2,0,-0.03,150.4,150.4,28.5,3.3,65.27,71.09,49.87,148.85,89.76,1240.46,1891.64,91.18,690.35,4558.1,141,  GPS,150.3,113.1,115.9,125.3,118,0.004,-0.532,12.52,152.1,9.2,150.5,-0.5,1,   GPS,    ALT,0.1,1.2,27.6,     3D,3704,      ,       ,89.5,       ,130.6,4620.4,0,FALSE,1,1240.46,9.11,0.477,-0.05,2035.9,TRUE,CRUISE
7/25/2026, 05:07:12,  +00:00,   HKFH,-2.8106716,37.8372345,4300,29.92,4620.4,15.2,130.32,129.23,15.75,1.2,-0.22,0,0.02,150.4,150.4,28.5,3.8,65.71,70.92,49.87,148.85,89.8,1239.93,1892.41,91.17,690.35,4558.1,141,  GPS,150.3,113.1,115.9,125.3,118,0.004,-0.523,12.5,152.1,9.1,150.5,-0.5,1,   GPS,    ALT,0.1,1.2,3.9,     3D,3704,      ,       ,89.5,       ,130.32,4620.4,0,FALSE,1,1239.93,15.75,3.99,0.05,2035.9,TRUE,CRUISE
7/25/2026, 05:07:12,  +00:00,   HKFH,-2.811203,37.8375435,4300,29.92,4620.6,15.2,130.05,129.23,22.57,1.1,0,0,-0.03,150.3,150.3,28.5,3.8,66.14,70.57,49.88,148.85,89.84,1239.77,1894.04,91.19,690.58,4558.3,141,  GPS,150.3,113.1,115.9,125.3,118,0.004,-0.515,12.46,152.2,9.1,150.5,-0.5,1,   GPS,    ALT,0.1,1.1,11.8,     3D,3704,      ,       ,89.5,       ,130.05,4620.6,0,FALSE,1,1239.77,22.57,6.748,-0.05,2036.1,TRUE,CRUISE
7/25/2026, 05:07:13,  +00:00,   HKFH,-2.8117111,37.8378372,4300,29.92,4620.6,15.2,129.88,129.25,15.46,1.1,0.33,0,-0.04,150.2,150.3,28.5,3,66.44,70.39,49.9,148.85,89.8,1241.08,1891.53,91.18,690.46,4558.2,140,  GPS,150.3,113.1,115.9,125.3,118,0.004,-0.506,12.42,152.2,9.1,150.5,-0.5,1,   GPS,    ALT,0.2,1.1,0,     3D,3704,      ,       ,89.5,       ,129.88,4620.6,0,FALSE,1,1241.08,15.46,7.77,-0.01,2036.1,TRUE,CRUISE
7/25/2026, 05:07:15,  +00:00,   HKFH,-2.8122203,37.838131,4300,29.92,4619.9,15.2,129.62,129.29,10.74,1.24,0.19,0,0.01,150.2,150.3,28.5,2.9,66.88,70.22,49.88,148.85,89.79,1240.53,1891.74,91.16,690.18,4557.6,140,  GPS,150.3,113.1,115.9,125.3,118,0.004,-0.498,12.38,152.2,9,150.5,-0.5,1,   GPS,    ALT,0.2,1.2,-31.5,     3D,3704,      ,       ,89.5,       ,129.62,4619.9,0,FALSE,1,1240.53,10.74,7.368,0.05,2035.4,TRUE,CRUISE
7/25/2026, 05:07:16,  +00:00,   HKFH,-2.8127282,37.8384247,4300,29.92,4619.8,15.2,129.33,129.36,10.02,1.19,0.1,0,0,150.1,150.3,28.5,3.6,67.02,70.04,49.89,148.86,89.88,1240.61,1891.93,91.18,690.25,4557.4,140,  GPS,150.3,113.1,115.9,125.3,118,0.004,-0.489,12.32,152.2,9,150.5,-0.5,1,   GPS,    ALT,0.2,1.3,-11.8,     3D,3704,      ,       ,89.5,       ,129.33,4619.8,0,FALSE,1,1240.61,10.02,5.823,-0.01,2035.3,TRUE,CRUISE
7/25/2026, 05:07:16,  +00:00,   HKFH,-2.8132482,37.838726,4300,29.92,4619.4,15.2,129.11,129.4,4.63,1.19,0.25,0,0,150.1,150.3,28.5,3.7,67.02,70.04,49.88,148.86,89.8,1241.08,1891.28,91.17,690.1,4557.1,140,  GPS,150.3,113.1,115.9,125.3,118,0.004,-0.481,12.26,152.1,9,150.5,-0.5,1,   GPS,    ALT,0.2,1.2,-19.7,     3D,3704,      ,       ,89.5,       ,129.11,4619.4,0,FALSE,1,1241.08,4.63,3.872,0,2034.9,TRUE,CRUISE
7/25/2026, 05:07:17,  +00:00,   HKFH,-2.8137913,37.8390427,4299,29.92,4619,15.2,128.97,129.46,-4.82,1.27,0.36,0,0.05,150,150.3,28.5,3.1,67.32,69.89,49.86,148.86,89.76,1240.04,1892.98,91.17,690.05,4556.6,139,  GPS,150.3,113.1,115.9,125.3,118,0.004,-0.474,12.18,152.1,8.9,150.5,-0.5,1,   GPS,    ALT,0.2,1.3,-23.6,     3D,3704,      ,       ,89.5,       ,128.97,4619,0,FALSE,1,1240.04,-4.82,2.552,0.05,2034.5,TRUE,CRUISE
7/25/2026, 05:07:19,  +00:00,   HKFH,-2.8143125,37.8393402,4299,29.92,4619.4,15.2,128.92,129.54,-11.09,1.11,0.34,0,0,149.9,150.3,28.5,2.9,67.32,69.89,49.84,148.86,89.8,1239.25,1892.46,91.15,690.01,4557.1,139,  GPS,150.3,113.1,115.9,125.3,118,0.004,-0.465,12.09,152,8.9,150.5,-0.5,1,   GPS,    ALT,0.2,1.2,19.7,     3D,3704,      ,       ,89.5,       ,128.92,4619.4,0,FALSE,1,1239.25,-11.09,1.762,-0.05,2034.9,TRUE,CRUISE
7/25/2026, 05:07:20,  +00:00,   HKFH,-2.8148484,37.839653,4299,29.92,4619.8,15.2,128.87,129.62,-14.14,1.1,0.51,0,0.01,149.8,150.4,28.5,3.5,67.32,69.89,49.86,148.86,89.73,1239.6,1892.35,91.17,690.07,4557.5,139,  GPS,150.3,113.1,115.9,125.3,118,0.004,-0.457,12,151.8,8.9,150.5,-0.5,1,   GPS,    ALT,0.2,1.1,15.7,     3D,3704,      ,       ,89.5,       ,128.87,4619.8,0,FALSE,1,1239.6,-14.14,2.983,0.01,2035.3,TRUE,CRUISE
7/25/2026, 05:07:20,  +00:00,   HKFH,-2.8153553,37.8399467,4300,29.92,4620,15.2,128.86,129.67,-10.4,1.1,-0.11,0,-0.02,149.8,150.4,28.5,3.6,67.02,70.22,49.9,148.87,89.68,1239.6,1894.68,91.19,690.25,4557.6,139,  GPS,150.3,113.1,115.9,125.3,118,0.004,-0.447,11.9,151.7,8.8,150.5,-0.5,1,   GPS,    ALT,0.2,1.1,7.9,     3D,3704,      ,       ,89.5,       ,128.86,4620,0,FALSE,1,1239.6,-10.4,3.551,-0.03,2035.5,TRUE,CRUISE
7/25/2026, 05:07:21,  +00:00,   HKFH,-2.8158908,37.8402557,4300,29.92,4620.6,15.2,129.11,129.75,2.55,0.92,0.15,0,0.01,149.8,150.4,28.5,3.4,66.73,70.57,49.9,148.88,89.79,1239.07,1894.46,91.17,690.71,4558.2,140,  GPS,150.3,113.1,115.9,125.3,118,0.004,-0.439,11.8,151.4,8.8,150.5,-0.5,1,   GPS,    ALT,0.2,1.1,27.6,     3D,3704,      ,       ,89.5,       ,129.11,4620.6,0,FALSE,1,1239.07,2.55,2.844,0.03,2036.1,TRUE,CRUISE
7/25/2026, 05:07:23,  +00:00,   HKFH,-2.8164005,37.8405457,4301,29.92,4621.9,15.2,129.44,129.87,14.67,0.57,0.09,-0.01,-0.04,150,150.3,28.5,3,66.73,70.57,49.88,148.89,89.84,1239.15,1894.39,91.19,690.73,4559.6,140,  GPS,150.3,113.1,115.9,125.3,118,0.004,-0.43,11.71,151.2,8.7,150.5,-0.5,1,   GPS,    ALT,0.2,0.6,66.9,     3D,3704,      ,       ,89.5,       ,129.44,4621.9,0,FALSE,1,1239.15,14.67,1.671,-0.05,2037.4,TRUE,CRUISE
7/25/2026, 05:07:24,  +00:00,   HKFH,-2.8169122,37.840847,4301,29.92,4620.8,15,129.77,129.98,27.67,0.82,0.04,0.01,0,150.4,150.2,28.5,3.6,66.44,70.92,49.86,148.9,89.76,1238.09,1896.46,91.17,690.21,4558.5,140,  GPS,150.3,113.1,115.9,125.3,118,0.004,-0.421,11.61,150.9,8.7,150.5,-0.5,1,   GPS,    ALT,0.3,0.7,-35.4,     3D,3704,      ,       ,89.5,       ,129.77,4620.8,0,FALSE,1,1238.09,27.67,1.066,0.04,2036.3,TRUE,CRUISE
7/25/2026, 05:07:24,  +00:00,   HKFH,-2.8174222,37.8411407,4300,29.92,4620.3,15,130.09,130.06,16.42,1.01,0.57,-0.01,0.06,150.4,150.2,28.5,3.7,66.14,70.92,49.87,148.91,89.81,1238.6,1895.58,91.18,690.19,4558,141,  GPS,150.3,113.1,115.9,125.3,118,0.005,-0.414,11.52,150.6,8.7,150.5,-0.5,1,   GPS,    ALT,0.4,1,-31.5,     3D,3704,      ,       ,89.5,       ,130.09,4620.3,0,FALSE,1,1238.6,16.42,1.12,0.06,2035.8,TRUE,CRUISE
7/25/2026, 05:07:25,  +00:00,   HKFH,-2.8179564,37.8414497,4300,29.92,4621.2,15,130.36,130.14,2.95,0.73,-0.02,0,-0.04,150.6,150.3,28.5,3.8,66,71.09,49.89,148.92,89.84,1237.91,1896.9,91.15,690.23,4558.9,141,  GPS,150.3,113.1,115.9,125.3,118,0.004,-0.406,11.44,150.4,8.6,150.5,-0.5,1,   GPS,    ALT,0.4,0.8,35.4,     3D,3704,      ,       ,89.5,       ,130.36,4621.2,0,FALSE,1,1237.91,2.95,1.251,-0.1,2036.7,TRUE,CRUISE
7/25/2026, 05:07:27,  +00:00,   HKFH,-2.8184812,37.8417511,4300,29.92,4621.1,15,130.61,130.2,-7.1,0.8,0.67,0,0.01,150.7,150.3,28.5,2.6,65.85,71.09,49.91,148.94,89.8,1238.72,1897.3,91.16,690.29,4558.8,141,  GPS,150.3,113.1,115.9,125.3,118,0.005,-0.397,11.36,150.2,8.6,150.5,-0.5,1,   GPS,    ALT,0.3,0.8,0,     3D,3704,      ,       ,89.5,       ,130.61,4621.1,0,FALSE,1,1238.72,-7.1,0.98,0.05,2036.6,TRUE,CRUISE
7/25/2026, 05:07:28,  +00:00,   HKFH,-2.8190157,37.8420677,4300,29.92,4621.3,15,130.86,130.28,-10.87,0.83,0.45,0.01,0,150.9,150.3,28.5,3.6,65.85,71.09,49.91,148.96,89.76,1238.66,1896.9,91.19,690.35,4559,141,  GPS,150.3,113.1,115.9,125.3,118,0.005,-0.389,11.29,150.1,8.6,150.5,-0.5,1,   GPS,    ALT,0.3,0.9,3.9,     3D,3704,      ,       ,89.5,       ,130.86,4621.3,0,FALSE,1,1238.66,-10.87,0.263,-0.01,2036.8,TRUE,CRUISE
7/25/2026, 05:07:28,  +00:00,   HKFH,-2.8195534,37.8423767,4300,29.92,4621.6,15,131.09,130.32,-10.55,0.85,0.6,0.02,0.01,151,150.4,28.5,3.5,65.85,71.09,49.9,148.97,89.81,1238.3,1896.93,91.19,690.37,4559.3,142,  GPS,150.3,113.1,115.9,125.3,118,0.005,-0.38,11.24,150,8.5,150.5,-0.5,1,   GPS,    ALT,0.3,0.8,11.8,     3D,3704,      ,       ,89.5,       ,131.09,4621.6,0,FALSE,1,1238.3,-10.55,-1.003,0.01,2037.1,TRUE,CRUISE
7/25/2026, 05:07:29,  +00:00,   HKFH,-2.8200657,37.8426628,4299,29.92,4621.8,15,131.18,130.37,-12.83,0.87,0.4,0.01,0.01,150.9,150.7,28.5,3.7,65.85,71.09,49.87,148.97,89.72,1238.95,1895.28,91.17,690.25,4559.5,142,  GPS,150.3,113.1,115.9,125.3,118,0.004,-0.373,11.19,150,8.5,150.5,-0.5,1,   GPS,    ALT,0.2,0.9,15.7,     3D,3704,      ,       ,89.5,       ,131.18,4621.8,0,FALSE,1,1238.95,-12.83,-2.843,0,2037.3,TRUE,CRUISE
7/25/2026, 05:07:30,  +00:00,   HKFH,-2.8205802,37.8429604,4300,29.92,4622,15,131.18,130.39,-13.11,0.91,-0.34,0.01,0.01,150.8,150.7,28.5,2.8,66.29,70.57,49.9,148.97,89.77,1239.35,1896.41,91.19,690.33,4559.7,142,  GPS,150.3,113.1,115.9,125.3,118,0.004,-0.365,11.15,150.1,8.5,150.5,-0.5,1,   GPS,    ALT,0.1,0.9,7.9,     3D,3704,      ,       ,89.5,       ,131.18,4622,0,FALSE,1,1239.35,-13.11,-3.341,0,2037.5,TRUE,CRUISE
7/25/2026, 05:07:32,  +00:00,   HKFH,-2.8211184,37.8432655,4300,29.92,4621.6,15,131.14,130.41,-4.62,1.12,0.32,0.01,0.01,150.8,150.7,28.5,3.5,66.73,70.22,49.9,148.97,89.8,1238.9,1897.32,91.17,690.19,4559.3,142,  GPS,150.3,113.1,115.9,125.3,118,0.004,-0.355,11.12,150.2,8.4,150.5,-0.5,1,   GPS,    ALT,0,1.1,-11.8,     3D,3704,      ,       ,89.5,       ,131.14,4621.6,0,FALSE,1,1238.9,-4.62,-3.002,0,2037.1,TRUE,CRUISE
7/25/2026, 05:07:33,  +00:00,   HKFH,-2.8216224,37.8435555,4300,29.92,4621.5,15,131.15,130.37,2.01,1.09,0.3,0,0.03,150.8,150.9,28.5,3.6,67.17,70.22,49.89,148.96,89.78,1238.6,1897.28,91.17,690.14,4559.2,142,  GPS,150.3,113.1,115.9,125.3,118,0.004,-0.347,11.1,150.2,8.4,150.5,-0.5,1,   GPS,    ALT,0,1.1,-7.9,     3D,3704,      ,       ,89.5,       ,131.15,4621.5,0,FALSE,1,1238.6,2.01,-2.053,0.02,2037,TRUE,CRUISE
7/25/2026, 05:07:33,  +00:00,   HKFH,-2.8221729,37.8438644,4300,29.92,4622,15,131.25,130.33,9.27,0.92,-0.29,0,-0.04,150.9,150.8,28.5,3.7,67.76,69.59,49.89,148.95,89.81,1238.01,1898.22,91.19,690.21,4559.7,142,  GPS,150.3,113.1,115.9,125.3,118,0.004,-0.338,11.08,150.3,8.3,150.5,-0.5,1,   GPS,    ALT,-0.1,1,19.7,     3D,3704,      ,       ,89.5,       ,131.25,4622,0,FALSE,1,1238.01,9.27,-1.527,-0.07,2037.5,TRUE,CRUISE
7/25/2026, 05:07:34,  +00:00,   HKFH,-2.8227177,37.8441734,4300,29.92,4621.4,15,131.45,130.28,11.44,1.07,0.02,0,0.02,151.1,150.8,28.5,2.8,67.76,69.14,49.9,148.94,89.79,1238.19,1898.58,91.18,690.32,4559,142,  GPS,150.3,113.1,115.9,125.3,118,0.004,-0.33,11.07,150.4,8.3,150.5,-0.5,1,   GPS,    ALT,-0.1,1,-27.6,     3D,3704,      ,       ,89.5,       ,131.45,4621.4,0,FALSE,1,1238.19,11.44,-1.578,0.06,2036.9,TRUE,CRUISE
7/25/2026, 05:07:36,  +00:00,   HKFH,-2.823236,37.8444672,4300,29.92,4621.1,15,131.65,130.24,6.34,1.04,-0.1,0,0,151.1,150.8,28.5,3.6,68.2,68.84,49.89,148.93,89.84,1239.23,1895.55,91.18,690.33,4558.7,142,  GPS,150.3,113.1,115.9,125.3,118,0.004,-0.322,11.07,150.5,8.3,150.5,-0.5,1,   GPS,    ALT,-0.1,1.1,-19.7,     3D,3704,      ,       ,89.5,       ,131.65,4621.1,0,FALSE,1,1239.23,6.34,-1.06,-0.02,2036.6,TRUE,CRUISE
7/25/2026, 05:07:37,  +00:00,   HKFH,-2.82375,37.8447571,4300,29.92,4620.9,15,131.58,130.24,2.39,0.98,-0.24,0,-0.01,151.2,150.8,28.5,3.5,68.49,68.39,49.89,148.91,89.82,1239.86,1893.88,91.17,690.17,4558.6,142,  GPS,150.3,113.1,115.9,125.3,118,0.004,-0.313,11.07,150.6,8.2,150.5,-0.5,1,   GPS,    ALT,-0.1,1,-11.8,     3D,3704,      ,       ,89.5,       ,131.58,4620.9,0,FALSE,1,1239.86,2.39,-0.067,-0.01,2036.4,TRUE,CRUISE
7/25/2026, 05:07:37,  +00:00,   HKFH,-2.8242648,37.8450546,4299,29.92,4620.5,15,131.33,130.22,-5.61,1.09,-0.11,0,0,151.2,150.7,28.5,4,68.78,68.24,49.88,148.9,89.79,1239.01,1896.4,91.19,690.05,4558.2,142,  GPS,150.3,113.1,115.9,125.3,118,0.004,-0.306,11.08,150.7,8.2,150.5,-0.5,1,   GPS,    ALT,-0.1,1.1,-19.7,     3D,3704,      ,       ,89.5,       ,131.33,4620.5,0,FALSE,1,1239.01,-5.61,0.377,0.01,2036,TRUE,CRUISE
7/25/2026, 05:07:38,  +00:00,   HKFH,-2.8247786,37.8453445,4299,29.92,4620.6,15,131.18,130.2,-11.06,1.03,-0.24,0,-0.02,151.2,150.7,28.5,2.7,68.78,68.24,49.9,148.89,89.73,1239.38,1895.68,91.19,690.1,4558.3,142,  GPS,150.3,113.1,115.9,125.3,118,0.004,-0.297,11.1,150.9,8.2,150.5,-0.5,1,   GPS,    ALT,-0.1,1.1,3.9,     3D,3704,      ,       ,89.5,       ,131.18,4620.6,0,FALSE,1,1239.38,-11.06,-0.047,-0.02,2036.1,TRUE,CRUISE
7/25/2026, 05:07:40,  +00:00,   HKFH,-2.8253307,37.8456573,4299,29.92,4620.6,15,131.12,130.16,-7.65,1.04,-0.46,0,-0.02,151.3,150.7,28.5,3.5,68.64,67.94,49.89,148.89,89.87,1239.11,1895.79,91.19,690.02,4558.3,142,  GPS,150.3,113.1,115.9,125.3,118,0.003,-0.288,11.12,151.1,8.1,150.5,-0.5,1,   GPS,    ALT,-0.1,1,-3.9,     3D,3704,      ,       ,89.5,       ,131.12,4620.6,0,FALSE,1,1239.11,-7.65,-1.193,0,2036.1,TRUE,CRUISE
7/25/2026, 05:07:41,  +00:00,   HKFH,-2.8258696,37.8459702,4300,29.92,4620.4,15,131.17,130.14,-3.18,1.08,-0.44,0,0,151.3,150.6,28.5,3.4,68.2,67.94,49.91,148.89,89.8,1238.9,1895.9,91.2,690.16,4558.1,142,  GPS,150.3,113.1,115.9,125.3,118,0.003,-0.281,11.14,151.3,8.1,150.5,-0.5,1,   GPS,    ALT,-0.1,1.1,-7.9,     3D,3704,      ,       ,89.5,       ,131.17,4620.4,0,FALSE,1,1238.9,-3.18,-2.746,0.02,2035.9,TRUE,CRUISE
7/25/2026, 05:07:41,  +00:00,   HKFH,-2.8263805,37.8462639,4299,29.92,4620.7,15,131.25,130.1,-0.18,1.01,0.35,0.01,-0.01,151.2,150.5,28.5,3.8,68.2,67.94,49.91,148.88,89.76,1239.91,1894.79,91.17,690.45,4558.4,142,  GPS,150.3,113.1,115.9,125.3,118,0.003,-0.272,11.16,151.5,8.1,150.5,-0.5,1,   GPS,    ALT,0,1,7.9,     3D,3704,      ,       ,89.5,       ,131.25,4620.7,0,FALSE,1,1239.91,-0.18,-4.045,-0.01,2036.2,TRUE,CRUISE
7/25/2026, 05:07:42,  +00:00,   HKFH,-2.8268995,37.8465614,4299,29.92,4620.2,15,131.07,130.1,-2.23,1.16,0.57,0,0.01,151.3,150.5,28.5,2.9,67.76,68.09,49.93,148.88,89.8,1241,1893.46,91.2,690.51,4557.9,142,  GPS,150.3,113.1,115.9,125.3,118,0.003,-0.264,11.19,151.8,8,150.5,-0.5,1,   GPS,    ALT,0,1.1,-19.7,     3D,3704,      ,       ,89.5,       ,131.07,4620.2,0,FALSE,1,1241,-2.23,-4.249,0.02,2035.7,TRUE,CRUISE
7/25/2026, 05:07:44,  +00:00,   HKFH,-2.8274379,37.8468666,4299,29.92,4620.3,15,130.7,130.1,-2.19,1.16,-0.12,0,-0.01,151.3,150.6,28.5,3.4,67.32,68.39,49.89,148.88,89.83,1240.18,1894.37,91.16,690.29,4558,141,  GPS,150.3,113.1,115.9,125.3,118,0.003,-0.255,11.21,152.1,8,150.5,-0.5,1,   GPS,    ALT,0,1.2,0,     3D,3704,      ,       ,89.5,       ,130.7,4620.3,0,FALSE,1,1240.18,-2.19,-2.563,-0.02,2035.8,TRUE,CRUISE
7/25/2026, 05:07:45,  +00:00,   HKFH,-2.8279388,37.8471527,4298,29.92,4620.3,15,130.51,130.06,-4.09,1.23,0.08,0.01,0.06,151.1,150.7,28.5,3.5,66.73,68.39,49.89,148.88,89.73,1239.79,1895.4,91.17,690.19,4557.9,141,  GPS,150.3,113.1,115.9,125.3,118,0.003,-0.248,11.23,152.4,7.9,150.5,-0.5,1,   GPS,    ALT,0,1.2,0,     3D,3704,      ,       ,89.5,       ,130.51,4620.3,0,FALSE,1,1239.79,-4.09,0.243,0.07,2035.8,TRUE,CRUISE
7/25/2026, 05:07:45,  +00:00,   HKFH,-2.8284731,37.8474541,4299,29.92,4621.7,15,130.5,130.04,-6.65,0.94,-0.15,0,-0.05,150.9,150.7,28.5,4,66.29,68.69,49.9,148.89,89.83,1239.05,1896.12,91.17,690.16,4559.3,141,  GPS,150.3,113.1,115.9,125.3,118,0.003,-0.239,11.24,152.7,7.9,150.5,-0.5,1,   GPS,    ALT,-0.1,1,66.9,     3D,3704,      ,       ,89.5,       ,130.5,4621.7,0,FALSE,1,1239.05,-6.65,2.865,-0.11,2037.2,TRUE,CRUISE
7/25/2026, 05:07:46,  +00:00,   HKFH,-2.8290007,37.8477554,4300,29.92,4621.9,15,130.64,130,0.35,0.98,-0.22,0,0.02,150.9,150.7,28.5,3.1,66,68.99,49.9,148.89,89.81,1239.6,1896.16,91.17,690.32,4559.5,141,  GPS,150.3,113.1,115.9,125.3,118,0.003,-0.229,11.26,153,7.9,150.5,-0.5,1,   GPS,    ALT,-0.2,0.9,19.7,     3D,3704,      ,       ,89,       ,130.64,4621.9,0,FALSE,1,1239.6,0.35,6.288,0.07,2037.4,TRUE,CRUISE
7/25/2026, 05:07:48,  +00:00,   HKFH,-2.8295138,37.8480492,4300,29.92,4621.8,15,130.88,129.97,11.25,1.07,-0.85,0,-0.01,150.9,150.7,28.5,3.4,66,69.29,49.89,148.88,89.75,1238.88,1896.02,91.17,690.18,4559.5,142,  GPS,150.3,113.1,115.9,125.3,118,0.003,-0.221,11.28,153.3,7.8,150.5,-0.5,1,   GPS,    ALT,-0.2,1.1,0,     3D,3704,      ,       ,89,       ,130.88,4621.8,0,FALSE,1,1238.88,11.25,10.689,-0.03,2037.3,TRUE,CRUISE
7/25/2026, 05:07:49,  +00:00,   HKFH,-2.8300152,37.8483353,4300,29.92,4622.2,15,131.04,129.97,17,1.01,-0.15,0,0.08,150.7,150.6,28.5,3.3,65.85,69.59,49.92,148.88,89.82,1239.77,1894.55,91.16,690.07,4559.9,142,  GPS,150.3,113.1,115.9,125.3,118,0.003,-0.213,11.3,153.5,7.8,150.5,-0.5,1,   GPS,    ALT,-0.2,1,19.7,     3D,3704,      ,       ,89,       ,131.04,4622.2,0,FALSE,1,1239.77,17,14.843,0.09,2037.7,TRUE,CRUISE
7/25/2026, 05:07:49,  +00:00,   HKFH,-2.8305724,37.8486519,4301,29.92,4623.1,15,130.96,129.98,18.57,0.64,0.01,-0.01,0,150.4,150.6,28.5,3.8,65.85,69.59,49.9,148.88,89.8,1239.52,1893.29,91.16,689.94,4560.7,142,  GPS,150.3,113.1,115.9,125.3,118,0.003,-0.203,11.32,153.7,7.8,150.5,-0.5,1,   GPS,    ALT,-0.1,0.8,47.2,     3D,3704,      ,       ,89,       ,130.96,4623.1,0,FALSE,1,1239.52,18.57,16.072,-0.08,2038.6,TRUE,CRUISE
7/25/2026, 05:07:50,  +00:00,   HKFH,-2.8310945,37.8489532,4302,29.92,4624,15,130.75,130.1,31.05,0.35,-0.23,-0.02,-0.03,150.5,150.5,28.5,3.5,66.14,69.59,49.93,148.87,89.89,1239.75,1894.66,91.18,690.19,4561.7,141,  GPS,150.3,113.1,115.9,125.3,118,0.003,-0.194,11.34,153.8,7.7,150.5,-0.5,1,   GPS,    ALT,-0.1,0.3,55.1,     3D,3704,      ,       ,89,       ,130.75,4624,0,FALSE,1,1239.75,31.05,15.72,-0.03,2039.5,TRUE,CRUISE
7/25/2026, 05:07:52,  +00:00,   HKFH,-2.83163,37.8492622,4303,29.92,4622.9,15,130.6,130.26,43.83,0.6,0.33,0,0.07,150.9,150.4,28.5,3.3,66.14,69.59,49.89,148.87,89.73,1240.13,1892.79,91.17,689.93,4560.6,141,  GPS,150.3,113.1,115.9,125.3,118,0.003,-0.184,11.35,153.9,7.7,150.5,-0.5,1,   GPS,    ALT,0,0.5,-55.1,     3D,3704,      ,       ,89,       ,130.6,4622.9,0,FALSE,1,1240.13,43.83,14.45,0.1,2038.4,TRUE,CRUISE
7/25/2026, 05:07:53,  +00:00,   HKFH,-2.8321443,37.8495598,4301,29.92,4622.9,15,130.56,130.41,39.31,0.66,0.37,0,0.03,151,150.3,28.5,3.1,66.58,69.59,49.89,148.87,89.88,1237.68,1898.82,91.18,690.07,4560.6,141,  GPS,150.3,113.1,115.9,125.3,118,0.003,-0.177,11.36,154,7.7,150.5,-0.5,1,   GPS,    ALT,0.1,0.5,-11.8,     3D,3704,      ,       ,89,       ,130.56,4622.9,0,FALSE,1,1237.68,39.31,11.498,-0.04,2038.4,TRUE,CRUISE
7/25/2026, 05:07:53,  +00:00,   HKFH,-2.8326824,37.8498726,4301,29.92,4622.6,15,130.96,130.49,10.1,0.54,0.52,0,0.03,151.1,150.4,28.5,3.7,67.02,69.29,49.92,148.87,89.77,1238.89,1895.88,91.17,690.3,4560.3,142,  GPS,150.3,113.1,115.9,125.3,118,0.003,-0.17,11.37,154,7.6,150.5,-0.5,1,   GPS,    ALT,0.1,0.6,-15.7,     3D,3704,      ,       ,89,       ,130.96,4622.6,0,FALSE,1,1238.89,10.1,9.659,0,2038.1,TRUE,CRUISE
7/25/2026, 05:07:54,  +00:00,   HKFH,-2.8331838,37.8501625,4301,29.92,4622.3,15,131.22,130.61,-7.61,0.59,0.05,0,-0.01,151.4,150.4,28.5,3.7,67.46,68.99,49.92,148.87,89.8,1239.14,1895.69,91.19,690.47,4560,142,  GPS,150.3,113.1,115.9,125.3,118,0.003,-0.161,11.37,154.1,7.6,150.5,-0.5,1,   GPS,    ALT,0.1,0.6,-19.7,     3D,3704,      ,       ,89,       ,131.22,4622.3,0,FALSE,1,1239.14,-7.61,8.538,-0.04,2037.8,TRUE,CRUISE
7/25/2026, 05:07:56,  +00:00,   HKFH,-2.8337088,37.8504639,4300,29.92,4621.6,15,131.39,130.68,-19.35,0.8,-0.22,0,0.07,151.5,150.4,28.5,3.2,67.9,68.69,49.92,148.87,89.8,1239.39,1895.89,91.17,690.5,4559.2,142,  GPS,150.3,113.1,115.9,125.3,118,0.003,-0.154,11.38,154.3,7.6,150.5,-0.5,1,   GPS,    ALT,0.1,0.7,-31.5,     3D,3704,      ,       ,89,       ,131.39,4621.6,0,FALSE,1,1239.39,-19.35,7.329,0.08,2037.1,TRUE,CRUISE
7/25/2026, 05:07:57,  +00:00,   HKFH,-2.8342597,37.8507805,4299,29.92,4621.9,15,131.3,130.8,-29.17,0.71,0.16,0,-0.01,151.1,150.5,28.5,3.5,68.34,68.24,49.91,148.88,89.82,1240.22,1893.34,91.17,690.27,4559.6,142,  GPS,150.3,113.1,115.9,125.3,118,0.003,-0.145,11.39,154.4,7.5,150.5,-0.5,1,   GPS,    ALT,0.1,0.8,19.7,     3D,3704,      ,       ,89,       ,131.3,4621.9,0,FALSE,1,1240.22,-29.17,3.491,-0.08,2037.4,TRUE,CRUISE
7/25/2026, 05:07:58,  +00:00,   HKFH,-2.8352919,37.8513756,4301,29.92,4622.1,15,130.75,131,-7.14,0.57,0.02,-0.01,0,151.2,150.5,28.5,3.7,68.34,67.94,49.92,148.89,89.87,1239.64,1894.92,91.19,690.27,4559.8,141,  GPS,150.3,113.1,115.9,125.3,118,0.003,-0.127,11.39,154.9,7.4,150.5,-0.5,1,   GPS,    ALT,0,0.6,0,     3D,3704,      ,       ,89,       ,130.75,4622.1,0,FALSE,1,1239.64,-7.14,-3.468,0.01,2037.6,TRUE,CRUISE
7/25/2026, 05:08:00,  +00:00,   HKFH,-2.8358085,37.8516731,4301,29.92,4622,15,130.63,131.15,5.79,0.55,-0.02,0,-0.05,151.3,150.4,28.5,3.3,68.49,67.64,49.9,148.89,89.87,1239.78,1894.92,91.2,690.29,4559.7,141,  GPS,150.3,113.1,115.9,125.3,118,0.003,-0.119,11.38,155.1,7.4,150.5,-0.5,1,   GPS,    ALT,0,0.5,-11.8,     3D,3704,      ,       ,89,       ,130.63,4622,0,FALSE,1,1239.78,5.79,-10.972,-0.05,2037.5,TRUE,CRUISE
7/25/2026, 05:08:01,  +00:00,   HKFH,-2.8363581,37.8519859,4300,29.92,4620.7,15,130.63,131.23,6.48,1.01,0.15,0.01,0.02,151.5,150.4,28.5,3.4,68.34,67.64,49.9,148.9,89.84,1238.71,1896.32,91.18,689.93,4558.3,141,  GPS,150.3,113.1,115.9,125.3,118,0.002,-0.112,11.36,155.4,7.4,150.5,-0.5,1,   GPS,    ALT,0,0.8,-70.9,     3D,3704,      ,       ,89,       ,130.63,4620.7,0,FALSE,1,1238.71,6.48,-15.504,0.07,2036.2,TRUE,CRUISE
7/25/2026, 05:08:01,  +00:00,   HKFH,-2.8369067,37.8523026,4299,29.92,4619.7,15,130.73,131.23,-7.33,1.24,0.07,0,0.03,151.5,150.4,28.5,3.6,68.05,67.64,49.89,148.9,89.8,1238.12,1895.32,91.18,689.92,4557.2,141,  GPS,150.3,113.1,115.9,125.3,118,0.003,-0.104,11.34,155.6,7.3,150.5,-0.5,1,   GPS,    ALT,0.1,1.3,-66.9,     3D,3704,      ,       ,89,       ,130.73,4619.7,0,FALSE,1,1238.12,-7.33,-17.663,0.01,2035.2,TRUE,CRUISE
7/25/2026, 05:08:02,  +00:00,   HKFH,-2.8374352,37.8526039,4298,29.92,4619.8,15,130.79,131.21,-25.76,1.12,-0.11,0,-0.01,151.4,150.4,28.5,3.4,67.76,67.79,49.88,148.9,89.8,1238.63,1894.3,91.17,690.14,4557.2,141,  GPS,150.3,113.1,115.9,125.3,118,0.002,-0.097,11.31,155.9,7.3,150.5,-0.5,1,   GPS,    ALT,0,1.2,-7.9,     3D,3704,      ,       ,89,       ,130.79,4619.8,0,FALSE,1,1238.63,-25.76,-16.607,-0.04,2035.3,TRUE,CRUISE
7/25/2026, 05:08:04,  +00:00,   HKFH,-2.8379567,37.8529091,4298,29.92,4619.3,15,130.73,131.15,-35.73,1.27,-0.09,0,0.07,151.4,150.4,28.5,3.3,67.76,67.79,49.87,148.9,89.85,1238.77,1894.32,91.17,689.96,4556.8,141,  GPS,150.3,113.1,115.9,125.3,118,0.003,-0.088,11.29,156.3,7.3,150.5,-0.5,1,   GPS,    ALT,0,1.2,-19.7,     3D,3704,      ,       ,89,       ,130.73,4619.3,0,FALSE,1,1238.77,-35.73,-12.2,0.08,2034.8,TRUE,CRUISE
7/25/2026, 05:08:05,  +00:00,   HKFH,-2.8384595,37.853199,4297,29.92,4619.8,15,130.75,131.09,-35.22,1.15,-0.13,0,-0.02,151.4,150.4,28.5,3,67.32,68.09,49.88,148.9,89.83,1237.83,1896.47,91.17,689.82,4557.3,141,  GPS,150.3,113.1,115.9,125.3,118,0.002,-0.081,11.25,156.6,7.2,150.5,-0.5,1,   GPS,    ALT,0,1.2,23.6,     3D,3704,      ,       ,89,       ,130.75,4619.8,0,FALSE,1,1237.83,-35.22,-9.422,-0.09,2035.3,TRUE,CRUISE
7/25/2026, 05:08:05,  +00:00,   HKFH,-2.8389859,37.8535042,4298,29.92,4620.7,15,130.84,131.02,-29.2,1,-0.1,-0.01,0.02,151.4,150.2,28.5,3.7,66.73,68.54,49.9,148.89,89.85,1239.2,1893.22,91.15,690.16,4558.2,141,  GPS,150.3,113.1,115.9,125.3,118,0.003,-0.071,11.22,156.9,7.2,150.5,-0.5,1,   GPS,    ALT,0.1,1,43.3,     3D,3704,      ,       ,89,       ,130.84,4620.7,0,FALSE,1,1239.2,-29.2,-9.624,0.04,2036.2,TRUE,CRUISE
7/25/2026, 05:08:06,  +00:00,   HKFH,-2.8395014,37.8538017,4299,29.92,4620.5,15,130.6,131.03,-8.79,1.08,-0.07,-0.01,-0.02,151.5,150.3,28.5,3.7,66.14,69.14,49.89,148.87,89.78,1239.12,1892.33,91.2,690.48,4558,141,  GPS,150.3,113.1,115.9,125.3,118,0.003,-0.062,11.18,157.3,7.2,150.5,-0.5,1,   GPS,    ALT,0.1,1.1,0,     3D,3704,      ,       ,89,       ,130.6,4620.5,0,FALSE,1,1239.12,-8.79,-12.059,-0.04,2036,TRUE,CRUISE
7/25/2026, 05:08:08,  +00:00,   HKFH,-2.8400502,37.8541222,4300,29.92,4620.3,15,130.18,131.07,14.9,0.98,-0.1,-0.01,-0.01,151.7,150.2,28.5,3.2,65.71,69.59,49.89,148.86,89.68,1238.61,1891.02,91.16,690.58,4557.7,141,  GPS,150.3,113.1,115.9,125.3,118,0.003,-0.052,11.14,157.7,7.1,150.5,-0.5,1,   GPS,    ALT,0.2,1.1,0,     3D,3704,      ,       ,89,       ,130.18,4620.3,0,FALSE,1,1238.61,14.9,-13.437,0.01,2035.8,TRUE,CRUISE
7/25/2026, 05:08:09,  +00:00,   HKFH,-2.8405535,37.8544197,4299,29.92,4620,15,129.7,131.13,20.64,1.08,0.44,0,-0.02,151.8,150.1,28.5,3,65.56,69.89,49.89,148.86,89.79,1237.81,1893.05,91.17,690.48,4557.5,140,  GPS,150.3,113.1,115.9,125.3,118,0.003,-0.045,11.09,158.1,7.1,150.5,-0.5,1,   GPS,    ALT,0.3,1,-11.8,     3D,3704,      ,       ,89,       ,129.7,4620,0,FALSE,1,1237.81,20.64,-12.702,-0.01,2035.5,TRUE,CRUISE
7/25/2026, 05:08:09,  +00:00,   HKFH,-2.8411019,37.8547325,4297,29.92,4619.2,15,129.39,131.15,3.77,1.4,0.62,0.01,0.01,151.9,150.2,28.5,3.4,65.27,70.04,49.84,148.86,89.76,1237.44,1892.77,91.16,690.37,4556.7,140,  GPS,150.3,113.1,115.9,125.3,118,0.003,-0.038,11.03,158.6,7,150.5,-0.5,1,   GPS,    ALT,0.3,1.3,-43.3,     3D,3704,      ,       ,89,       ,129.39,4619.2,0,FALSE,1,1237.44,3.77,-10.097,0.03,2034.7,TRUE,CRUISE
7/25/2026, 05:08:11,  +00:00,   HKFH,-2.8416281,37.8550415,4297,29.92,4618.8,15,129.26,131.09,-17.87,1.63,0.37,0,0.02,152,150.3,28.5,3.6,65.27,70.04,49.84,148.85,89.86,1236.52,1894.89,91.17,690.42,4556.3,140,  GPS,150.3,113.1,115.9,125.3,118,0.003,-0.03,10.96,159.2,7,150.5,-0.5,1,   GPS,    ALT,0.3,1.6,-23.6,     3D,3704,      ,       ,89,       ,129.26,4618.8,0,FALSE,1,1236.52,-17.87,-6.235,0.01,2034.3,TRUE,CRUISE
7/25/2026, 05:08:12,  +00:00,   HKFH,-2.842169,37.8553543,4297,29.92,4619.3,15,129.39,130.96,-21.11,1.53,0.3,0.01,0,152,150.3,28.5,3.2,65.27,70.04,49.85,148.84,89.83,1236.61,1893.56,91.19,690.53,4556.7,140,  GPS,150.3,113.1,115.9,125.3,118,0.003,-0.022,10.9,159.8,7,150.5,-0.5,1,   GPS,    ALT,0.2,1.6,11.8,     3D,3704,      ,       ,89,       ,129.39,4619.3,0,FALSE,1,1236.61,-21.11,-2.072,-0.02,2034.8,TRUE,CRUISE
7/25/2026, 05:08:12,  +00:00,   HKFH,-2.8426952,37.8556557,4297,29.92,4619.7,15,129.48,130.84,-18.41,1.46,0.25,0,0,152,150.4,28.5,3.1,65.27,70.04,49.84,148.84,89.83,1236.86,1893.3,91.16,690.47,4557.2,140,  GPS,150.3,113.1,115.9,125.3,118,0.003,-0.013,10.83,160.4,6.9,150.5,-0.5,1,   GPS,    ALT,0.2,1.5,23.6,     3D,3704,      ,       ,89,       ,129.48,4619.7,0,FALSE,1,1236.86,-18.41,0.992,0,2035.2,TRUE,CRUISE
7/25/2026, 05:08:13,  +00:00,   HKFH,-2.8431976,37.8559456,4298,29.92,4620.1,15,129.54,130.72,-9.68,1.38,0.2,0,0.01,152,150.4,28.5,3.4,65.41,69.74,49.83,148.84,89.8,1237.23,1893.11,91.17,690.4,4557.6,140,  GPS,150.3,113.1,115.9,125.3,118,0.003,-0.004,10.76,161.1,6.9,150.5,-0.5,1,   GPS,    ALT,0.1,1.4,23.6,     3D,3704,      ,       ,89,       ,129.54,4620.1,0,FALSE,1,1237.23,-9.68,1.634,0.01,2035.6,TRUE,CRUISE
7/25/2026, 05:08:15,  +00:00,   HKFH,-2.843724,37.8562469,4298,29.92,4620.5,14.8,129.55,130.67,3.4,1.34,0.22,0.01,0.01,152,150.5,28.5,3.8,65.71,69.44,49.85,148.84,89.8,1238.25,1891.12,91.17,690.45,4558,140,  GPS,150.3,113.1,115.9,125.3,118,0.003,0.005,10.69,161.8,6.9,150.5,-0.5,1,   GPS,    ALT,0.1,1.3,23.6,     3D,3704,      ,       ,89,       ,129.55,4620.5,0,FALSE,1,1238.25,3.4,1.533,0,2036,TRUE,CRUISE
7/25/2026, 05:08:16,  +00:00,   HKFH,-2.8442495,37.8565483,4299,29.92,4621,14.8,129.38,130.65,12.43,1.22,-0.19,0,-0.02,151.9,150.5,28.5,3.3,66.14,69.44,49.85,148.84,89.83,1237.72,1893,91.14,690.2,4558.5,140,  GPS,150.3,113.1,115.9,125.3,118,0.003,0.014,10.62,162.5,6.8,150.5,-0.5,1,   GPS,    ALT,0,1.3,31.5,     3D,3704,      ,       ,89,       ,129.38,4621,0,FALSE,1,1237.72,12.43,2.839,-0.03,2036.5,TRUE,CRUISE
7/25/2026, 05:08:16,  +00:00,   HKFH,-2.8447649,37.856842,4299,29.92,4621.4,14.8,129.29,130.63,21.85,1.14,0.38,0.01,-0.03,151.9,150.5,28.5,3.2,66.14,69.14,49.84,148.84,89.84,1237.3,1894.74,91.17,690.11,4558.9,140,  GPS,150.3,113.1,115.9,125.3,118,0.003,0.023,10.56,163.2,6.8,150.5,-0.5,1,   GPS,    ALT,0,1.1,27.6,     3D,3704,      ,       ,89,       ,129.29,4621.4,0,FALSE,1,1237.3,21.85,5.701,-0.01,2036.9,TRUE,CRUISE
7/25/2026, 05:08:17,  +00:00,   HKFH,-2.8453133,37.8571587,4299,29.92,4621.5,14.8,129.34,130.63,21.32,1.16,-0.05,0,0.01,151.9,150.5,28.5,3.2,66.44,68.69,49.88,148.84,89.76,1239.29,1892.58,91.16,690.1,4559,140,  GPS,150.3,113.1,115.9,125.3,118,0.003,0.031,10.49,163.8,6.8,150.5,-0.5,1,   GPS,    ALT,0,1.1,7.9,     3D,3704,      ,       ,89,       ,129.34,4621.5,0,FALSE,1,1239.29,21.32,10.64,0.04,2037,TRUE,CRUISE
7/25/2026, 05:08:19,  +00:00,   HKFH,-2.84586,37.8574715,4300,29.92,4621.7,14.8,129.35,130.65,19.63,1.19,-0.08,0,0,151.9,150.6,28.5,3.6,66.58,68.69,49.87,148.85,89.8,1238.5,1894.99,91.19,690.19,4559.2,140,  GPS,150.3,113.1,115.9,125.3,118,0.003,0.04,10.43,164.5,6.7,150.5,-0.5,1,   GPS,    ALT,0,1.2,11.8,     3D,3704,      ,       ,89,       ,129.35,4621.7,0,FALSE,1,1238.5,19.63,16.288,-0.01,2037.2,TRUE,CRUISE
7/25/2026, 05:08:20,  +00:00,   HKFH,-2.8463769,37.857769,4299,29.92,4622.4,14.8,129.51,130.63,16.83,1.03,-0.14,0.02,0.05,151.7,150.6,28.5,3.3,66.73,68.69,49.87,148.85,89.76,1238.21,1895.81,91.16,690.37,4559.8,140,  GPS,150.3,113.1,115.9,125.3,118,0.003,0.048,10.37,165.1,6.7,150.5,-0.5,1,   GPS,    ALT,-0.1,1.1,35.4,     3D,3704,      ,       ,89,       ,129.51,4622.4,0,FALSE,1,1238.21,16.83,18.038,0.05,2037.9,TRUE,CRUISE
7/25/2026, 05:08:20,  +00:00,   HKFH,-2.8469136,37.8580742,4300,29.92,4623.9,14.8,129.77,130.67,10.75,0.64,-0.23,0,-0.09,151.2,150.7,28.5,3,66.73,68.69,49.88,148.86,89.87,1238.66,1894.28,91.17,690.37,4561.4,140,  GPS,150.3,113.1,115.9,125.3,118,0.002,0.057,10.32,165.6,6.6,150.5,-0.5,1,   GPS,    ALT,-0.2,0.7,82.7,     3D,3704,      ,       ,89,       ,129.77,4623.9,0,FALSE,1,1238.66,10.75,12.59,-0.14,2039.4,TRUE,CRUISE
7/25/2026, 05:08:21,  +00:00,   HKFH,-2.8474348,37.8583679,4303,29.92,4623.3,14.8,129.86,130.74,28.28,0.89,-0.53,-0.01,-0.03,151.7,150.6,28.5,3,66.73,68.69,49.85,148.86,89.84,1239.05,1893.22,91.16,690.15,4560.8,140,  GPS,150.3,113.1,115.9,125.3,118,0.002,0.069,10.28,166.1,6.6,150.5,-0.5,5,   GPS,    ALT,-0.2,0.7,-15.7,     3D,3704,      ,       ,89,       ,129.86,4623.3,0,FALSE,1,1239.05,28.28,0.411,0.06,2038.8,TRUE,CRUISE
7/25/2026, 05:08:23,  +00:00,   HKFH,-2.8479381,37.8586617,4301,29.92,4621.4,14.8,129.93,130.8,38.07,0.3,0.04,0.02,-0.06,151.8,150.5,28.5,3.9,66.73,68.69,49.86,148.86,89.81,1239.3,1893.92,91.15,690.15,4558.9,140,  GPS,150.3,113.1,115.9,125.3,118,0.002,0.075,10.24,166.4,6.6,150.5,-0.5,5,   GPS,    ALT,-0.1,1,-98.4,     3D,3704,      ,       ,89,       ,129.93,4621.4,0,FALSE,1,1239.3,38.07,-16.647,-0.03,2036.9,TRUE,CRUISE
7/25/2026, 05:08:24,  +00:00,   HKFH,-2.8484659,37.8589592,4297,29.92,4618.3,14.8,130.01,130.98,7.82,0.41,-1.83,0.02,0,151.8,150.5,28.5,3.1,66.73,68.84,49.86,148.86,89.81,1239.85,1893.98,91.17,690.13,4555.8,140,  GPS,150.3,113.1,115.9,125.3,118,0.002,0.081,10.2,166.7,6.5,150.5,-0.5,5,   GPS,    ALT,-0.1,1,-185,     3D,3704,      ,       ,89,       ,130.01,4618.3,0,FALSE,1,1239.85,7.82,-36.623,0.06,2033.8,TRUE,CRUISE
7/25/2026, 05:08:24,  +00:00,   HKFH,-2.8490059,37.8592758,4294,29.92,4614.3,14.8,130.04,131.21,-51.08,0.31,-2.2,0.01,-0.01,151.3,150.3,28.5,3.1,66.44,69.14,49.87,148.87,89.81,1240.29,1893.46,91.16,690.06,4551.8,141,  GPS,150.3,113.1,115.9,125.3,118,0.002,0.085,10.17,167,6.5,150.5,-0.5,5,   GPS,    ALT,-0.2,1.3,-228.3,     3D,3704,      ,       ,89,       ,130.04,4614.3,0,FALSE,1,1240.29,-51.08,-59.401,-0.01,2029.8,TRUE,CRUISE
7/25/2026, 05:08:25,  +00:00,   HKFH,-2.8495111,37.8595695,4291,29.92,4610.5,14.8,129.89,131.5,-109.36,0.13,-2.66,0,-0.01,150.9,150.2,28.5,2.8,66.14,69.44,49.88,148.87,89.76,1239.25,1894.5,91.19,690.08,4548,140,  GPS,150.3,113.1,115.9,125.3,118,0.002,0.09,10.14,167.3,6.5,150.5,-0.5,5,   GPS,    ALT,-0.2,1.3,-240.2,     3D,3704,      ,       ,89,       ,129.89,4610.5,0,FALSE,1,1239.25,-109.36,-83.514,0,2026,TRUE,CRUISE
7/25/2026, 05:08:27,  +00:00,   HKFH,-2.8500605,37.8598938,4287,29.92,4606.1,14.8,129.93,131.77,-148.73,0.23,-3.94,-0.01,0.01,150.6,149.8,28.5,3.6,65.85,69.44,49.88,148.87,89.84,1238.93,1896.03,91.15,690.09,4543.6,140,  GPS,150.3,113.1,115.9,125.3,118,0.003,0.096,10.1,167.5,6.4,150.5,-0.5,0,  NONE,   NONE,      ,      ,-252,     3D,3704,      ,       ,89,       ,129.93,4606.1,0,FALSE,1,1238.93,-148.73,-109.364,0.02,2021.6,TRUE,CRUISE
7/25/2026, 05:08:28,  +00:00,   HKFH,-2.8505857,37.8602104,4283,29.92,4601.7,14.8,130.24,132.03,-178.44,0.15,-3.07,0,0.02,150.1,149.3,28.5,3.1,65.41,69.74,49.93,148.87,89.84,1238.03,1898.5,91.2,690.23,4539.2,141,  GPS,150.3,113.1,115.9,125.3,118,0.003,0.101,10.07,167.6,6.4,150.5,-0.5,0,  NONE,   NONE,      ,      ,-236.2,     3D,3704,      ,       ,89,       ,130.24,4601.7,0,FALSE,1,1238.03,-178.44,-139.864,0.01,2017.2,TRUE,CRUISE
7/25/2026, 05:08:28,  +00:00,   HKFH,-2.8511286,37.8605461,4279,29.92,4598.3,14.8,130.73,132.32,-208.15,-0.4,-2.85,0,-0.04,149.5,148.8,28.5,3.1,65.41,70.04,49.93,148.86,89.81,1238.65,1897.09,91.15,690.42,4535.6,141,  GPS,150.3,113.1,115.9,125.3,118,0.004,0.104,10.04,167.6,6.3,150.5,-0.5,0,  NONE,   NONE,      ,      ,-212.6,     3D,3704,      ,       ,89,       ,130.73,4598.3,0,FALSE,1,1238.65,-208.15,-175.542,-0.06,2013.8,TRUE,CRUISE
7/25/2026, 05:08:29,  +00:00,   HKFH,-2.851645,37.8608665,4275,29.92,4593.3,14.8,131.27,132.63,-224.3,-0.58,-2.34,0.02,-0.06,149.8,148.3,28.5,2.9,65.12,70.39,49.92,148.86,89.72,1239.04,1896.97,91.17,690.18,4530.8,142,  GPS,150.3,113.1,115.9,125.3,118,0.004,0.11,10.01,167.6,6.3,150.5,-0.5,0,  NONE,   NONE,      ,      ,-279.5,     3D,3704,      ,       ,88.5,       ,131.27,4593.3,0,FALSE,1,1239.04,-224.3,-212.655,-0.02,2008.8,TRUE,CRUISE
7/25/2026, 05:08:31,  +00:00,   HKFH,-2.8521667,37.8611946,4268,29.92,4587,14.8,131.6,133.02,-247.75,-0.79,-4.19,0.01,-0.06,149.7,148.2,28.5,3.4,64.97,70.39,49.95,148.86,89.77,1239.57,1898.52,91.19,690.15,4524.5,142,  GPS,150.3,113.1,115.9,125.3,118,0.005,0.111,9.99,167.5,6.3,150.5,-0.5,0,  NONE,   NONE,      ,      ,-358.3,     3D,3704,      ,       ,88.5,       ,131.6,4587,0,FALSE,1,1239.57,-247.75,-247.211,0,2002.5,TRUE,CRUISE
7/25/2026, 05:08:32,  +00:00,   HKFH,-2.8526659,37.8615189,4263,29.92,4580.1,14.8,131.81,133.46,-276.72,-0.83,-5.22,0.02,-0.03,149.7,147.7,28.5,3.2,64.83,70.74,49.97,148.86,89.8,1239.38,1899.09,91.17,689.78,4517.6,142,  GPS,150.3,113.1,115.9,125.3,118,0.006,0.114,9.97,167.5,6.2,150.5,-0.5,0,  NONE,   NONE,      ,      ,-421.3,     3D,3704,      ,       ,88.5,       ,131.81,4580.1,0,FALSE,1,1239.38,-276.72,-277.494,0.03,1995.6,TRUE,CRUISE
7/25/2026, 05:08:32,  +00:00,   HKFH,-2.8531868,37.8618546,4255,29.92,4572.5,14.8,132.17,133.93,-318.71,-0.81,-3.94,0.04,0.02,149.3,147.3,28.5,3.2,64.83,70.74,49.94,148.86,89.79,1238.84,1899.03,91.16,689.62,4510,143,  GPS,150.3,113.1,115.9,125.3,118,0.007,0.115,9.96,167.5,6.2,150.6,-0.5,0,  NONE,   NONE,      ,      ,-452.8,     3D,3704,      ,       ,88.5,       ,132.17,4572.5,0,FALSE,1,1238.84,-318.71,-307.265,0.05,1988,TRUE,APPROACH
7/25/2026, 05:08:33,  +00:00,   HKFH,-2.8536952,37.8621941,4247,29.92,4565.1,14.8,132.59,134.36,-363.31,-0.91,-3.78,0.02,0.01,148.5,146.9,28.5,2.8,64.68,70.92,47.91,148.87,89.25,1198.03,1884.33,89.92,683.61,4502.6,143,  GPS,150.3,113.1,115.9,125.3,118,0.008,0.116,9.96,167.5,6.2,150.6,-0.5,0,  NONE,   NONE,      ,      ,-456.7,     3D,3704,      ,       ,88.5,       ,132.59,4565.1,0,FALSE,1,1198.03,-363.31,-337.281,-0.01,1980.6,TRUE,APPROACH
7/25/2026, 05:08:35,  +00:00,   HKFH,-2.8543165,37.8626137,4239,29.92,4556,14.8,133.16,134.55,-396.64,-1.29,-6.73,0.02,-0.07,148,146.4,28.5,1.7,64.53,71.27,46.33,148.88,89.3,1124.95,1896.29,89.08,671.06,4493.5,144,  GPS,150.3,113.1,115.9,125.3,118,0.009,0.118,9.96,167.6,6.1,150.6,-0.5,0,  NONE,   NONE,      ,      ,-452.8,     3D,3704,      ,       ,88.5,       ,133.16,4556,0,FALSE,1,1124.95,-396.64,-364.245,-0.08,1971.5,TRUE,APPROACH
7/25/2026, 05:08:36,  +00:00,   HKFH,-2.8547494,37.8629112,4232,29.92,4548.4,14.8,133.52,134.69,-412.19,-1.32,-6.64,0.03,0.02,148.2,145.8,28.5,2.9,64.39,71.44,45.91,148.88,89.29,1095.02,1895.92,89.01,669.78,4485.9,144,  GPS,150.3,113.1,115.9,125.3,118,0.011,0.118,9.98,167.7,6.1,150.6,-0.5,0,  NONE,   NONE,      ,      ,-519.7,     3D,3704,      ,       ,88.5,       ,133.52,4548.4,0,FALSE,1,1095.02,-412.19,-386.602,0.09,1963.9,TRUE,APPROACH
7/25/2026, 05:08:36,  +00:00,   HKFH,-2.8552618,37.8632774,4222,29.92,4540.5,14.8,133.72,134.86,-446.44,-1.12,-5.6,0.03,0.09,147.4,145.1,28.5,3.1,64.24,71.8,45.72,148.88,89.33,1076.34,1895.08,88.98,669.55,4478,144,  GPS,150.3,113.1,115.9,125.3,118,0.013,0.117,10.01,167.8,6.1,150.7,-0.5,0,  NONE,   NONE,      ,      ,-476.4,     3D,3704,      ,       ,88.5,       ,133.72,4540.5,0,FALSE,1,1076.34,-446.44,-398.99,0.07,1956,TRUE,APPROACH
7/25/2026, 05:08:37,  +00:00,   HKFH,-2.855768,37.8636436,4215,29.92,4535.1,14.8,133.7,134.81,-478.6,-1.25,-6.17,0.03,0.15,147.2,144.3,28.5,2.6,64.09,72.15,45.67,148.87,89.3,1066.1,1896.79,88.97,669.43,4472.6,144,  GPS,150.3,113.1,115.9,125.3,118,0.015,0.119,10.04,168,6,150.7,-0.5,0,  NONE,   NONE,      ,      ,-358.3,     3D,3704,      ,       ,88.5,       ,133.7,4535.1,0,FALSE,1,1066.1,-478.6,-396.962,0.06,1950.6,TRUE,APPROACH
7/25/2026, 05:08:39,  +00:00,   HKFH,-2.8562825,37.8640289,4208,29.92,4532.7,14.8,133.41,134.61,-477.79,-2.36,-5.7,0.05,0.06,146.7,143.8,28.5,3.2,64.09,72.15,45.68,148.86,89.33,1064.58,1889.73,89,669.58,4470.2,144,  GPS,150.3,113.1,115.9,125.3,118,0.017,0.12,10.08,168.2,6,150.8,-0.5,0,  NONE,   NONE,      ,      ,-177.2,     3D,3704,      ,       ,88.5,       ,133.41,4532.7,0,FALSE,1,1064.58,-477.79,-369.456,-0.09,1948.2,TRUE,APPROACH
7/25/2026, 05:08:39,  +00:00,   HKFH,-2.8567657,37.8643951,4205,29.92,4531.5,14.8,132.68,134.18,-447.87,-2.1,-7.15,0.02,0.11,144.9,143.3,28.5,2.2,63.65,72.5,45.69,148.84,89.25,1061.41,1893.8,89.02,669.75,4468.9,143,  GPS,150.3,113.1,115.9,125.3,118,0.019,0.125,10.12,168.6,5.9,150.8,-0.5,0,  NONE,   NONE,      ,      ,-98.4,     3D,3704,      ,       ,88.5,       ,132.68,4531.5,0,FALSE,1,1061.41,-447.87,-334.358,0.05,1947,TRUE,APPROACH
7/25/2026, 05:08:40,  +00:00,   HKFH,-2.8572519,37.8647766,4205,29.92,4534.8,14.8,131.5,133.6,-371.63,-2.35,-8.72,0.02,-0.12,144.4,142.2,28.5,3,63.21,73.2,45.72,148.83,89.22,1061.55,1889.76,89.03,669.65,4472.3,142,  GPS,150.3,113.1,115.9,125.3,118,0.022,0.133,10.15,169.1,5.9,150.9,-0.5,0,  NONE,   NONE,      ,      ,149.6,     3D,3704,      ,       ,88.5,       ,131.5,4534.8,0,FALSE,1,1061.55,-371.63,-299.121,-0.23,1950.3,TRUE,APPROACH
7/25/2026, 05:08:42,  +00:00,   HKFH,-2.8577492,37.865181,4205,29.92,4537.1,14.8,130.16,132.84,-256.44,-2.88,-7.8,0.03,0.02,143.3,141.4,28.5,2.8,62.48,74.07,45.71,148.81,89.39,1059.94,1894.98,89.04,669.3,4474.6,140,  GPS,150.3,113.1,115.9,125.3,118,0.025,0.142,10.16,169.5,5.9,150.9,-0.5,0,  NONE,   NONE,      ,      ,137.8,     3D,3704,      ,       ,88.5,       ,130.16,4537.1,0,FALSE,1,1059.94,-256.44,-265.594,0.14,1952.6,TRUE,APPROACH
7/25/2026, 05:08:43,  +00:00,   HKFH,-2.8586617,37.8659592,4209,29.92,4534.6,15,129.21,131.77,-43.65,-3.33,-8.43,0.03,-0.04,142.5,139.3,28.5,3.2,60.87,75.83,44.83,148.79,89.1,1046.07,1885.53,88.54,666.93,4472.1,139,  GPS,150.3,113.1,115.9,125.3,118,0.031,0.162,10.13,170.5,5.8,151.1,-0.5,0,  NONE,   NONE,      ,      ,-122,     3D,3704,      ,       ,88.5,       ,129.21,4534.6,0,FALSE,1,1046.07,-43.65,-229.258,-0.06,1950.1,TRUE,APPROACH
7/25/2026, 05:08:45,  +00:00,   HKFH,-2.8591814,37.8664284,4203,29.92,4530.3,15,129.11,131.03,-12.33,-2.83,-5.72,0.03,0.01,141.7,138.4,28.5,3.2,60.13,76.7,42.42,148.78,88.9,973.54,1889.18,86.87,651.86,4467.7,139,  GPS,150.3,113.1,115.9,125.3,118,0.036,0.167,10.11,170.9,5.8,151.1,-0.5,0,  NONE,   NONE,      ,      ,-204.7,     3D,3704,      ,       ,88.5,       ,129.11,4530.3,0,FALSE,1,973.54,-12.33,-189.614,0.05,1945.8,TRUE,APPROACH
7/25/2026, 05:08:46,  +00:00,   HKFH,-2.8595562,37.8667717,4202,29.92,4528.4,15,129.09,130.33,-44.27,-2.69,-4.26,0.02,-0.01,140.4,137.9,28.5,2.6,60.13,76.7,41,148.77,88.8,920.7,1886.91,86.03,644.16,4465.8,139,  GPS,150.3,113.1,115.9,125.3,118,0.039,0.172,10.09,171.4,5.7,151.2,-0.6,0,  NONE,   NONE,      ,      ,-153.5,     3D,3704,      ,       ,88.5,       ,129.09,4528.4,0,FALSE,1,920.7,-44.27,-150.344,-0.02,1943.9,TRUE,APPROACH
7/25/2026, 05:08:47,  +00:00,   HKFH,-2.8599956,37.8671799,4201,29.92,4526.5,15,128.7,129.36,-76.92,-2.53,-2.63,0.02,0.03,139.6,137.3,28.5,2.9,59.45,77.58,39.64,148.76,88.73,856.7,1890.49,85.28,637.44,4464,139,  GPS,150.3,113.1,115.9,125.3,118,0.043,0.179,10.09,172,5.7,151.3,-0.6,0,  NONE,   NONE,      ,      ,-118.1,     3D,3704,      ,       ,88.5,       ,128.7,4526.5,0,FALSE,1,856.7,-76.92,-115.153,0.04,1942,TRUE,APPROACH
7/25/2026, 05:08:47,  +00:00,   HKFH,-2.8604398,37.8675995,4200,29.92,4524.9,15,127.69,128.37,-83.08,-2.83,-2.27,0.03,-0.03,140,136.9,28.5,3.2,58.78,78.46,39.23,148.75,88.76,825.87,1891.31,85.2,636.59,4462.4,138,  GPS,150.3,113.1,115.9,125.3,118,0.047,0.186,10.09,172.5,5.7,151.4,-0.6,0,  NONE,   NONE,      ,      ,-94.5,     3D,3704,      ,       ,88.5,       ,127.69,4524.9,0,FALSE,1,825.87,-83.08,-89.088,-0.06,1940.4,TRUE,APPROACH
7/25/2026, 05:08:48,  +00:00,   HKFH,-2.8608558,37.868,4199,29.92,4523,15,126.54,127.5,-82.16,-2.83,-2.65,0.03,-0.03,140.2,137,28.5,3.1,58.37,78.98,39.05,148.74,88.7,809.43,1890.75,85.16,636.93,4460.4,137,  GPS,150.3,113.1,115.9,125.3,118,0.051,0.193,10.09,173,5.6,151.5,-0.6,0,  NONE,   NONE,      ,      ,-118.1,     3D,3704,      ,       ,88.5,       ,126.54,4523,0,FALSE,1,809.43,-82.16,-76.461,0,1938.5,TRUE,APPROACH
7/25/2026, 05:08:50,  +00:00,   HKFH,-2.8612909,37.868412,4196,29.92,4520.6,15,125.26,126.66,-85.09,-3.08,-1.77,0.02,-0.04,140.1,136.8,28.5,2.5,57.97,79.16,39,148.72,88.8,798.58,1897.52,85.15,637.02,4458.1,135,  GPS,150.3,113.1,115.9,125.3,118,0.056,0.199,10.08,173.5,5.6,151.6,-0.6,0,  NONE,   NONE,      ,      ,-133.9,     3D,3704,      ,       ,88.5,       ,125.26,4520.6,0,FALSE,1,798.58,-85.09,-87.579,-0.01,1936.1,TRUE,APPROACH
7/25/2026, 05:08:51,  +00:00,   HKFH,-2.8617105,37.8688164,4194,29.92,4517.4,15.2,124.71,125.83,-95.96,-3.27,0.35,0.01,-0.07,139.9,136.7,28.5,2.9,57.83,79.16,39,148.71,88.75,795.08,1893.63,85.16,636.99,4454.9,135,  GPS,150.3,113.1,115.9,125.3,118,0.06,0.204,10.09,174,5.6,151.7,-0.6,0,  NONE,   NONE,      ,      ,-181.1,     3D,3704,      ,       ,88.5,       ,124.71,4517.4,0,FALSE,1,795.08,-95.96,-109.363,-0.03,1932.9,TRUE,APPROACH
7/25/2026, 05:08:51,  +00:00,   HKFH,-2.862113,37.8691978,4192,29.92,4513,15.2,124.23,125.13,-110.98,-3.7,1.42,0.03,-0.06,139.5,137,28.5,3.1,57.83,79.16,39.01,148.7,88.69,794.08,1890,85.15,636.83,4450.4,134,  GPS,150.3,113.1,115.9,125.3,118,0.064,0.21,10.1,174.5,5.5,151.8,-0.6,0,  NONE,   NONE,      ,      ,-255.9,     3D,3704,      ,       ,88.5,       ,124.23,4513,0,FALSE,1,794.08,-110.98,-131.388,0.01,1928.5,TRUE,APPROACH
7/25/2026, 05:08:52,  +00:00,   HKFH,-2.8625677,37.8696251,4188,29.92,4506.7,15.2,123.25,124.54,-130.17,-3.75,3.32,0.01,-0.02,139.3,137.2,28.5,3.1,57.56,79.16,39.02,148.71,88.73,790.72,1893.51,85.14,636.67,4444.1,133,  GPS,150.3,113.1,115.9,125.3,118,0.068,0.215,10.12,175,5.5,151.9,-0.6,0,  NONE,   NONE,      ,      ,-334.6,     3D,3704,      ,       ,88.5,       ,123.25,4506.7,0,FALSE,1,790.72,-130.17,-150.273,0.04,1922.2,TRUE,APPROACH
7/25/2026, 05:08:54,  +00:00,   HKFH,-2.8630223,37.8700447,4184,29.92,4500.6,15.2,122.21,124.08,-154.83,-3.58,1.4,0.01,0.02,140.2,137.7,28.5,2.8,57.43,79.16,39.04,148.72,88.77,789.61,1891.38,85.14,636.77,4438.1,132,  GPS,150.3,113.1,115.9,125.3,118,0.072,0.219,10.13,175.5,5.4,152,-0.6,0,  NONE,   NONE,      ,      ,-326.8,     3D,3704,      ,       ,88.5,       ,122.21,4500.6,0,FALSE,1,789.61,-154.83,-170.572,0.04,1916.1,TRUE,APPROACH
7/25/2026, 05:08:55,  +00:00,   HKFH,-2.8638175,37.8707581,4173,29.92,4491,15.2,120.54,123.4,-230.17,-3.46,3.03,0.01,0,141.1,138.6,28.5,3,57.16,78.46,39.12,148.78,88.74,789.68,1891.12,85.14,637.14,4428.5,130,  GPS,150.3,113.1,115.9,125.3,118,0.079,0.223,10.1,176.3,5.4,152.1,-0.6,0,  NONE,   NONE,      ,      ,-299.2,     3D,3704,      ,       ,88.5,       ,120.54,4491,0,FALSE,1,789.68,-230.17,-192.714,-0.02,1906.5,TRUE,APPROACH
7/25/2026, 05:08:57,  +00:00,   HKFH,-2.8642619,37.8711472,4170,29.92,4485.4,15.2,119.7,122.95,-264.52,-3.19,1.64,0,0.03,141.3,139.1,28.5,3.1,57.02,77.93,39.11,148.81,88.83,787.78,1895.87,85.12,636.99,4422.7,129,  GPS,150.3,113.1,115.9,125.3,118,0.082,0.227,10.06,176.7,5.4,152.2,-0.6,0,  NONE,   NONE,      ,      ,-326.8,     3D,3704,      ,       ,88.5,       ,119.7,4485.4,0,FALSE,1,787.78,-264.52,-214.204,0.03,1900.9,TRUE,APPROACH
7/25/2026, 05:08:58,  +00:00,   HKFH,-2.8646648,37.8715019,4165,29.92,4480.3,15.2,119.66,122.46,-265.77,-3.05,1.89,0.04,0.07,143.3,139.4,28.5,2.7,57.02,77.93,39.13,148.84,88.83,787.07,1897.01,85.14,636.94,4417.8,129,  GPS,150.3,113.1,115.9,125.3,118,0.085,0.23,10.02,177.2,5.3,152.3,-0.6,0,  NONE,   NONE,      ,      ,-318.9,     3D,3704,      ,       ,88.5,       ,119.66,4480.3,0,FALSE,1,787.07,-265.77,-231.88,0.04,1895.8,TRUE,APPROACH
7/25/2026, 05:08:58,  +00:00,   HKFH,-2.8651204,37.871891,4158,29.92,4475.7,15.2,119.96,121.92,-286.07,-2.99,0.13,0.03,0.03,143.7,139.9,28.5,2.7,56.62,77.58,39.14,148.87,88.67,788.21,1893.82,85.11,636.79,4413.2,129,  GPS,150.3,113.1,115.9,125.3,118,0.089,0.231,9.97,177.6,5.3,152.4,-0.6,0,  NONE,   NONE,      ,      ,-259.8,     3D,3704,      ,       ,88.5,       ,119.96,4475.7,0,FALSE,1,788.21,-286.07,-245.214,-0.04,1891.2,TRUE,APPROACH
7/25/2026, 05:08:59,  +00:00,   HKFH,-2.8655427,37.8722496,4153,29.92,4471.9,15.2,120,121.33,-303.58,-2.92,-1.57,0,-0.05,143.2,140.1,28.5,2.9,56.22,77.58,39.15,148.9,88.7,788.17,1893.48,85.11,636.66,4409.4,129,  GPS,150.3,113.1,115.9,125.3,118,0.092,0.234,9.94,178.1,5.3,152.4,-0.6,0,  NONE,   NONE,      ,      ,-240.2,     3D,3704,      ,       ,88.5,       ,120,4471.9,0,FALSE,1,788.17,-303.58,-254.958,-0.08,1887.4,TRUE,APPROACH
7/25/2026, 05:09:01,  +00:00,   HKFH,-2.8659589,37.8726044,4150,29.92,4468.5,15.2,119.83,120.79,-299.99,-2.76,-0.14,0.01,-0.03,143,140.2,28.5,3.1,55.68,77.58,39.16,148.93,88.78,788.62,1891.14,85.11,636.72,4405.9,129,  GPS,150.3,113.1,115.9,125.3,118,0.095,0.239,9.92,178.7,5.2,152.5,-0.6,0,  NONE,   NONE,      ,      ,-224.4,     3D,3704,      ,       ,88.5,       ,119.83,4468.5,0,FALSE,1,788.62,-299.99,-259.823,0.02,1884,TRUE,APPROACH
7/25/2026, 05:09:02,  +00:00,   HKFH,-2.8663774,37.8729553,4147,29.92,4465.2,15.2,119.43,120.29,-272.72,-2.89,-2.05,0.01,-0.05,143.2,140.2,28.5,2.6,55.27,77.58,39.14,148.97,88.74,787.45,1892.58,85.1,636.6,4402.5,129,  GPS,150.3,113.1,115.9,125.3,118,0.097,0.243,9.9,179.2,5.2,152.6,-0.6,0,  NONE,   NONE,      ,      ,-212.6,     3D,3704,      ,       ,88.5,       ,119.43,4465.2,0,FALSE,1,787.45,-272.72,-253.399,-0.02,1880.7,TRUE,APPROACH
7/25/2026, 05:09:02,  +00:00,   HKFH,-2.8668015,37.8733139,4144,29.92,4462.1,15.2,118.72,119.78,-244.32,-2.89,-2.5,0.02,0.02,143.1,140.2,28.5,2.2,55.41,77.93,39.13,149.01,88.67,788.45,1888.99,85.11,636.39,4399.3,128,  GPS,150.3,113.1,115.9,125.3,118,0.1,0.247,9.89,179.7,5.2,152.7,-0.6,0,  NONE,   NONE,      ,      ,-196.9,     3D,3704,      ,       ,88.5,       ,118.72,4462.1,0,FALSE,1,788.45,-244.32,-244.072,0.07,1877.6,TRUE,APPROACH
7/25/2026, 05:09:03,  +00:00,   HKFH,-2.867213,37.873661,4141,29.92,4458.7,15.5,117.81,119.35,-227.61,-3.16,-0.31,0.01,-0.05,141.7,140,28.5,3,55.27,77.93,39.14,149.05,88.74,785.95,1896.22,85.13,636.38,4395.9,127,  GPS,150.3,113.1,115.9,125.3,118,0.103,0.251,9.88,-179.9,5.1,152.7,-0.6,0,  NONE,   NONE,      ,      ,-208.7,     3D,3704,      ,       ,88.5,       ,117.81,4458.7,0,FALSE,1,785.95,-227.61,-237.605,-0.07,1874.2,TRUE,APPROACH
7/25/2026, 05:09:05,  +00:00,   HKFH,-2.8676522,37.8740387,4140,29.92,4454.7,15.5,117.23,118.96,-203.48,-3.11,1.31,0,-0.03,142,140.1,28.5,3.1,55.27,78.46,39.15,149.09,88.74,786.17,1893.71,85.11,636.34,4392,126,  GPS,150.3,113.1,115.9,125.3,118,0.106,0.258,9.87,-179.5,5.1,152.8,-0.6,0,  NONE,   NONE,      ,      ,-224.4,     3D,3704,      ,       ,88.5,       ,117.23,4454.7,0,FALSE,1,786.17,-203.48,-228.827,0.02,1870.2,TRUE,APPROACH
7/25/2026, 05:09:06,  +00:00,   HKFH,-2.8680806,37.8744011,4137,29.92,4450.4,15.5,116.82,118.65,-165.93,-2.71,0.85,0.02,-0.07,144,140.1,28.5,2.9,54.73,78.81,39.16,149.13,88.7,786.4,1891.13,85.11,636.42,4387.7,126,  GPS,150.3,113.1,115.9,125.3,118,0.109,0.263,9.84,-179.3,5.1,152.9,-0.6,0,  NONE,   NONE,      ,      ,-248,     3D,3704,      ,       ,88.5,       ,116.82,4450.4,0,FALSE,1,786.4,-165.93,-219.619,-0.04,1865.9,TRUE,APPROACH
7/25/2026, 05:09:06,  +00:00,   HKFH,-2.8684924,37.8747406,4131,29.92,4445.8,15.5,116.36,118.21,-171.25,-2.52,2.63,0.04,0.02,144.3,140.6,28.5,2.6,54.46,79.16,39.18,149.17,88.63,786.7,1891.43,85.11,636.28,4383,126,  GPS,150.3,113.1,115.9,125.3,118,0.112,0.265,9.8,-179,5,153,-0.6,0,  NONE,   NONE,      ,      ,-275.6,     3D,3704,      ,       ,88.5,       ,116.36,4445.8,0,FALSE,1,786.7,-171.25,-213.221,0.09,1861.3,TRUE,APPROACH
7/25/2026, 05:09:08,  +00:00,   HKFH,-2.8689456,37.8751144,4128,29.92,4442.5,15.5,115.8,117.64,-201.1,-2.89,0.23,-0.01,-0.03,142.7,141.3,28.5,2.9,54.2,79.16,39.17,149.22,88.71,786.18,1894.21,85.1,636.21,4379.7,125,  GPS,150.3,113.1,115.9,125.3,118,0.115,0.27,9.76,-178.7,5,153.1,-0.6,0,  NONE,   NONE,      ,      ,-196.9,     3D,3704,      ,       ,88.5,       ,115.8,4442.5,0,FALSE,1,786.18,-201.1,-207.083,-0.05,1858,TRUE,APPROACH
7/25/2026, 05:09:09,  +00:00,   HKFH,-2.8693488,37.8754425,4126,29.92,4439.2,15.5,115.48,117.37,-198.29,-3.22,-1.92,0.03,0,144.3,141.3,28.5,2.7,54.2,79.51,39.17,149.25,88.67,785.51,1892.56,85.09,636.16,4376.5,125,  GPS,150.3,113.1,115.9,125.3,118,0.118,0.275,9.73,-178.4,5,153.2,-0.6,0,  NONE,   NONE,      ,      ,-200.8,     3D,3704,      ,       ,88.5,       ,115.48,4439.2,0,FALSE,1,785.51,-198.29,-197.403,0.03,1854.7,TRUE,APPROACH
7/25/2026, 05:09:09,  +00:00,   HKFH,-2.8697481,37.8757706,4119,29.92,4438.4,15.5,115.21,116.84,-211.5,-3.02,-0.25,0.04,0.13,144.8,141.2,28.5,3.2,54.73,79.86,39.22,149.29,88.63,786.01,1891.49,85.1,636.76,4375.6,124,  GPS,150.3,113.1,115.9,125.3,118,0.12,0.275,9.69,-178.1,4.9,153.2,-0.6,0,  NONE,   NONE,      ,      ,-86.6,     3D,3704,      ,       ,88.5,       ,115.21,4438.4,0,FALSE,1,786.01,-211.5,-182.325,0.13,1853.9,TRUE,APPROACH
7/25/2026, 05:09:10,  +00:00,   HKFH,-2.8701842,37.8761215,4116,29.92,4440.7,15.5,114.61,115.87,-236.01,-4.39,-0.21,0.01,0,143.9,141.5,28.5,2.4,54.73,79.86,39.26,149.32,88.66,788.09,1887.35,85.11,637.2,4378,124,  GPS,150.3,113.1,115.9,125.3,118,0.123,0.28,9.64,-177.8,4.9,153.3,-0.6,0,  NONE,   NONE,      ,      ,102.4,     3D,3704,      ,       ,88.5,       ,114.61,4440.7,0,FALSE,1,788.09,-236.01,-163.84,-0.13,1856.2,TRUE,APPROACH
7/25/2026, 05:09:12,  +00:00,   HKFH,-2.870579,37.8764381,4118,29.92,4443,15.5,113.61,114.67,-211.34,-5.38,-2.58,0.03,-0.07,145,141.4,28.5,3.1,55,79.86,39.24,149.36,88.66,786.16,1891,85.15,637.27,4380.3,123,  GPS,150.3,113.1,115.9,125.3,118,0.125,0.287,9.6,-177.5,4.9,153.4,-0.6,0,  NONE,   NONE,      ,      ,133.9,     3D,3704,      ,       ,88,       ,113.61,4443,0,FALSE,1,786.16,-211.34,-147.863,-0.07,1858.5,TRUE,APPROACH
7/25/2026, 05:09:13,  +00:00,   HKFH,-2.8709764,37.8767624,4118,29.92,4444.2,15.5,112.3,113.42,-147.52,-5.16,-2.33,0.02,-0.06,145.3,141.3,28.5,3,55.41,79.86,39.25,149.39,88.65,787.37,1887.17,85.13,636.89,4381.5,121,  GPS,150.3,113.1,115.9,125.3,118,0.127,0.295,9.56,-177.1,4.8,153.5,-0.6,0,  NONE,   NONE,      ,      ,82.7,     3D,3704,      ,       ,88,       ,112.3,4444.2,0,FALSE,1,787.37,-147.52,-132.346,0.01,1859.7,TRUE,APPROACH
7/25/2026, 05:09:13,  +00:00,   HKFH,-2.8713961,37.8771095,4120,29.92,4444.3,15.5,110.84,112.28,-76.83,-5.62,-3.52,0.01,-0.06,143.9,140.9,28.5,3.1,55,79.68,39.29,149.43,88.69,785.21,1893.91,85.11,637.27,4381.6,120,  GPS,150.3,113.1,115.9,125.3,118,0.13,0.303,9.51,-176.6,4.8,153.5,-0.6,0,  NONE,   NONE,      ,      ,15.7,     3D,3704,      ,       ,88,       ,110.84,4444.3,0,FALSE,1,785.21,-76.83,-115.539,0,1859.8,TRUE,APPROACH
7/25/2026, 05:09:14,  +00:00,   HKFH,-2.8718076,37.8774529,4119,29.92,4442.9,15.8,109.62,111.25,-18.63,-5.75,-2.31,0.03,-0.02,144.6,140.5,28.5,2.6,55,79.68,39.29,149.48,88.73,785.05,1892.69,85.13,637.7,4380.2,118,  GPS,150.3,113.1,115.9,125.3,118,0.133,0.311,9.47,-176.1,4.8,153.6,-0.6,0,  NONE,   NONE,      ,      ,-59.1,     3D,3704,      ,       ,88,       ,109.62,4442.9,0,FALSE,1,785.05,-18.63,-102.648,0.04,1858.4,TRUE,APPROACH
7/25/2026, 05:09:16,  +00:00,   HKFH,-2.8721931,37.8777771,4118,29.92,4440.3,15.8,109.05,110.27,-6.16,-5.31,-1.13,0.03,0.07,143.9,140.6,28.5,2.8,55.14,79.33,39.28,149.53,88.58,785.07,1889.72,85.13,637.61,4377.6,118,  GPS,150.3,113.1,115.9,125.3,118,0.136,0.316,9.43,-175.6,4.7,153.7,-0.6,0,  NONE,   NONE,      ,      ,-137.8,     3D,3704,      ,       ,88,       ,109.05,4440.3,0,FALSE,1,785.07,-6.16,-92.853,0.09,1855.8,TRUE,APPROACH
7/25/2026, 05:09:17,  +00:00,   HKFH,-2.8725882,37.8781052,4117,29.92,4438.6,15.8,108.43,109.42,-16.08,-5.99,-0.75,0.01,-0.06,143.2,140.6,28.5,2.9,55.14,79.33,39.25,149.59,88.7,783.96,1891.18,85.13,637.26,4375.8,117,  GPS,150.3,113.1,115.9,125.3,118,0.138,0.322,9.39,-175.1,4.7,153.8,-0.6,0,  NONE,   NONE,      ,      ,-110.2,     3D,3704,      ,       ,88,       ,108.43,4438.6,0,FALSE,1,783.96,-16.08,-84.327,-0.13,1854.1,TRUE,APPROACH
7/25/2026, 05:09:17,  +00:00,   HKFH,-2.8729668,37.8784218,4115,29.92,4434.9,15.8,107.84,108.62,-33.03,-5.97,-0.96,0.03,-0.02,144.6,140.5,28.5,3.1,55.14,79.68,39.27,149.64,88.63,783.95,1892.06,85.12,637.33,4372.2,116,  GPS,150.3,113.1,115.9,125.3,118,0.141,0.327,9.36,-174.6,4.7,153.9,-0.6,0,  NONE,   NONE,      ,      ,-196.9,     3D,3704,      ,       ,88,       ,107.84,4434.9,0,FALSE,1,783.95,-33.03,-82.167,0.04,1850.4,TRUE,APPROACH
7/25/2026, 05:09:18,  +00:00,   HKFH,-2.8733423,37.8787384,4111,29.92,4430.9,15.8,107.42,107.92,-69.38,-6.34,-0.97,0.03,-0.09,145,140.7,28.5,2.2,55.54,79.68,39.28,149.7,88.6,785.58,1887.21,85.14,637.42,4368.2,116,  GPS,150.3,113.1,115.9,125.3,118,0.143,0.331,9.34,-174.2,4.7,154,-0.6,0,  NONE,   NONE,      ,      ,-236.2,     3D,3704,      ,       ,88,       ,107.42,4430.9,0,FALSE,1,785.58,-69.38,-88.547,-0.07,1846.4,TRUE,APPROACH
7/25/2026, 05:09:20,  +00:00,   HKFH,-2.8737252,37.8790512,4108,29.92,4426,15.8,106.72,107.3,-113.55,-5.97,-1.47,0.01,0.03,144.1,140.8,28.5,3,55.41,79.86,39.26,149.75,88.54,783.74,1892.56,85.12,636.96,4363.2,115,  GPS,150.3,113.1,115.9,125.3,118,0.146,0.334,9.32,-173.7,4.6,154.1,-0.6,0,  NONE,   NONE,      ,      ,-283.5,     3D,3704,      ,       ,88,       ,106.72,4426,0,FALSE,1,783.74,-113.55,-101.183,0.12,1841.5,TRUE,APPROACH
7/25/2026, 05:09:20,  +00:00,   HKFH,-2.8741155,37.8793793,4104,29.92,4421.7,15.8,105.89,106.83,-150.75,-5.61,-1.59,0.03,0.01,145.1,140.4,28.5,3,55.41,79.86,39.25,149.8,88.66,784.18,1890.9,85.15,636.85,4359,114,  GPS,150.3,113.1,115.9,125.3,118,0.148,0.338,9.32,-173.2,4.6,154.1,-0.6,0,  NONE,   NONE,      ,      ,-255.9,     3D,3704,      ,       ,88,       ,105.89,4421.7,0,FALSE,1,784.18,-150.75,-117.587,-0.02,1837.2,TRUE,APPROACH
7/25/2026, 05:09:21,  +00:00,   HKFH,-2.8744893,37.8796883,4099,29.92,4418,15.8,105.24,106.21,-189.74,-5.34,-1.3,0.03,0,144.6,140.8,28.5,3.2,54.6,80.15,39.24,149.85,88.62,783.48,1892.55,85.12,636.68,4355.3,114,  GPS,150.3,113.1,115.9,125.3,118,0.151,0.339,9.32,-172.8,4.6,154.2,-0.6,0,  NONE,   NONE,      ,      ,-228.3,     3D,3704,      ,       ,88,       ,105.24,4418,0,FALSE,1,783.48,-189.74,-133.212,-0.01,1833.5,TRUE,APPROACH
7/25/2026, 05:09:23,  +00:00,   HKFH,-2.8748701,37.8800049,4096,29.92,4415.7,15.8,104.88,105.53,-211.32,-5.39,-1.64,0.01,0.02,144.1,140.7,28.5,2.3,54.46,80.54,38.86,149.91,88.62,777.53,1887,84.92,635.61,4352.9,113,  GPS,150.3,113.1,115.9,125.3,118,0.153,0.343,9.32,-172.3,4.5,154.3,-0.6,0,  NONE,   NONE,      ,      ,-153.5,     3D,3704,      ,       ,88,       ,104.88,4415.7,0,FALSE,1,777.53,-211.32,-147.876,0.02,1831.2,TRUE,APPROACH
7/25/2026, 05:09:24,  +00:00,   HKFH,-2.8752546,37.8803253,4095,29.92,4412.4,15.8,104.6,104.5,-203.19,-5.41,0.63,0.02,-0.04,144.6,140.7,28.5,2.9,54.06,80.8,36.84,149.98,88.15,733.16,1881.66,83.36,623.95,4349.7,113,  GPS,150.3,113.1,115.9,125.3,118,0.156,0.349,9.34,-171.9,4.5,154.4,-0.6,0,  NONE,   NONE,      ,      ,-177.2,     3D,3704,      ,       ,88,       ,104.6,4412.4,0,FALSE,1,733.16,-203.19,-162.448,-0.06,1827.9,TRUE,APPROACH
7/25/2026, 05:09:24,  +00:00,   HKFH,-2.8756247,37.8806343,4093,29.92,4409.1,15.8,104.19,103.7,-182.67,-5.88,-0.52,0.03,-0.04,144.4,141,28.5,2.7,53.93,81.05,35.02,150.05,87.97,669.72,1884.27,81.9,613.4,4346.4,112,  GPS,150.3,113.1,115.9,125.3,118,0.158,0.354,9.37,-171.6,4.5,154.5,-0.6,0,  NONE,   NONE,      ,      ,-196.9,     3D,3704,      ,       ,88,       ,104.19,4409.1,0,FALSE,1,669.72,-182.67,-175.953,0,1824.6,TRUE,APPROACH
7/25/2026, 05:09:25,  +00:00,   HKFH,-2.8759937,37.8809319,4090,29.92,4405,15.8,103.03,102.65,-162.41,-6.08,-1.78,0.03,-0.02,144.5,141,28.5,3.1,53.52,81.31,34.37,150.14,87.94,625.54,1891.3,81.5,610.5,4342.3,111,  GPS,150.3,113.1,115.9,125.3,118,0.161,0.357,9.39,-171.3,4.5,154.6,-0.6,0,  NONE,   NONE,      ,      ,-236.2,     3D,3704,      ,       ,88,       ,103.03,4405,0,FALSE,1,625.54,-162.41,-187.609,0.02,1820.5,TRUE,APPROACH
7/25/2026, 05:09:27,  +00:00,   HKFH,-2.8763478,37.8812218,4086,29.92,4400.6,15.8,101.8,102.13,-162.72,-6.11,-1.8,0.02,-0.04,144.1,141,28.5,2.7,53.52,81.31,34.19,150.22,87.94,604.15,1893.47,81.52,612.23,4337.9,110,  GPS,150.3,113.1,115.9,125.3,118,0.163,0.359,9.41,-171,4.4,154.7,-0.6,0,  NONE,   NONE,      ,      ,-271.7,     3D,3704,      ,       ,88,       ,101.8,4400.6,0,FALSE,1,604.15,-162.72,-196.502,-0.02,1816.1,TRUE,APPROACH
7/25/2026, 05:09:28,  +00:00,   HKFH,-2.8767083,37.8815269,4081,29.92,4395.5,16,100.47,101.53,-178.75,-5.84,-1.37,0.02,0.04,144.1,140.6,28.5,2.7,53.25,81.44,34.14,150.32,87.94,593.71,1892.5,81.56,613.91,4332.8,108,  GPS,150.3,113.1,115.9,125.3,118,0.165,0.361,9.43,-170.7,4.4,154.7,-0.6,0,  NONE,   NONE,      ,      ,-299.2,     3D,3704,      ,       ,88,       ,100.47,4395.5,0,FALSE,1,593.71,-178.75,-201.727,0.08,1811,TRUE,APPROACH
7/25/2026, 05:09:28,  +00:00,   HKFH,-2.8770797,37.8818359,4077,29.92,4390.9,16,99.7,100.92,-204.43,-5.77,-1.83,0.02,-0.05,144.2,140.7,28.5,2.6,53.39,81.57,34.14,150.43,88,588.56,1894.31,81.6,614.32,4328.2,108,  GPS,150.3,113.1,115.9,125.3,118,0.168,0.363,9.43,-170.5,4.4,154.8,-0.6,0,  NONE,   NONE,      ,      ,-267.7,     3D,3704,      ,       ,88,       ,99.7,4390.9,0,FALSE,1,588.56,-204.43,-204.671,-0.09,1806.4,TRUE,APPROACH
7/25/2026, 05:09:30,  +00:00,   HKFH,-2.8774369,37.8821335,4073,29.92,4385.9,16,99.11,100.21,-230.11,-5.55,-0.67,0.01,0.01,144.4,140.6,28.5,3.2,53.12,81.7,34.15,150.53,87.9,587.78,1888.23,81.58,614.21,4323.2,107,  GPS,150.3,113.1,115.9,125.3,118,0.17,0.366,9.42,-170.2,4.4,154.9,-0.6,0,  NONE,   NONE,      ,      ,-295.3,     3D,3704,      ,       ,88,       ,99.11,4385.9,0,FALSE,1,587.78,-230.11,-207.235,0.06,1801.4,TRUE,APPROACH
7/25/2026, 05:09:31,  +00:00,   HKFH,-2.8777921,37.8824272,4069,29.92,4381.7,16,98.51,99.62,-239.68,-5.59,0.03,0.01,0,144.4,140.6,28.5,2.9,53.79,81.7,34.18,150.63,87.97,584.09,1894.9,81.6,614.31,4319,106,  GPS,150.3,113.1,115.9,125.3,118,0.172,0.368,9.41,-170,4.3,155,-0.6,0,  NONE,   NONE,      ,      ,-252,     3D,3704,      ,       ,88,       ,98.51,4381.7,0,FALSE,1,584.09,-239.68,-205.88,-0.01,1797.2,TRUE,APPROACH
7/25/2026, 05:09:31,  +00:00,   HKFH,-2.8781331,37.8827133,4065,29.92,4378,16,98.4,99.08,-241.99,-5.15,-0.97,0.02,-0.01,145.4,140.6,28.5,2.8,54.46,81.7,34.18,150.72,87.97,583.26,1895.68,81.61,614.17,4315.3,106,  GPS,150.3,113.1,115.9,125.3,118,0.175,0.37,9.4,-169.8,4.3,155.1,-0.6,0,  NONE,   NONE,      ,      ,-228.3,     3D,3704,      ,       ,88,       ,98.4,4378,0,FALSE,1,583.26,-241.99,-205.549,-0.01,1793.5,TRUE,APPROACH
7/25/2026, 05:09:32,  +00:00,   HKFH,-2.8784947,37.8830147,4061,29.92,4374.2,16,98.31,98.18,-240.76,-4.68,-0.2,0.03,0,145.5,140.7,28.5,2.7,54.46,81.7,34.19,150.83,87.88,584.26,1890.88,81.58,614,4311.5,106,  GPS,150.3,113.1,115.9,125.3,118,0.177,0.373,9.4,-169.6,4.3,155.2,-0.6,0,  NONE,   NONE,      ,      ,-212.6,     3D,3704,      ,       ,88,       ,98.31,4374.2,0,FALSE,1,584.26,-240.76,-204.558,0.01,1789.7,TRUE,APPROACH
7/25/2026, 05:09:34,  +00:00,   HKFH,-2.8788438,37.8833008,4059,29.92,4371.9,16,97.85,97.37,-228.83,-4.57,0.74,0,-0.01,143.5,141,28.5,3.1,54.73,81.57,34.2,150.94,87.81,582.79,1892.74,81.56,613.71,4309.2,106,  GPS,150.3,113.1,115.9,125.3,118,0.179,0.377,9.4,-169.3,4.2,155.3,-0.6,0,  NONE,   NONE,      ,      ,-149.6,     3D,3704,      ,       ,88,       ,97.85,4371.9,0,FALSE,1,582.79,-228.83,-201.811,-0.01,1787.4,TRUE,APPROACH
7/25/2026, 05:09:35,  +00:00,   HKFH,-2.8795342,37.8838654,4055,29.92,4367.6,16,96.76,95.81,-169.12,-5.13,-1.42,0.02,-0.06,145.9,140.9,28.5,2.8,56.08,81.57,34.25,151.15,87.81,583.09,1889.91,81.55,614.51,4304.8,104,  GPS,150.3,113.1,115.9,125.3,118,0.184,0.385,9.42,-169,4.2,155.5,-0.6,0,  NONE,   NONE,      ,      ,-137.8,     3D,3704,      ,       ,88,       ,96.76,4367.6,0,FALSE,1,583.09,-169.12,-195.922,-0.05,1783.1,TRUE,APPROACH
7/25/2026, 05:09:38,  +00:00,   HKFH,-2.8802104,37.8844261,4049,29.92,4360.3,16,95.57,94.57,-159.1,-4.46,-0.35,0.01,0.04,144.6,140.9,28.5,2.9,57.7,81.57,34.26,151.37,87.85,583.08,1890.68,81.57,614.07,4297.7,103,  GPS,150.3,113.1,115.9,125.3,118,0.188,0.391,9.43,-168.9,4.1,155.7,-0.6,0,  NONE,   NONE,      ,      ,-212.6,     3D,3704,      ,       ,88,       ,95.57,4360.3,0,FALSE,1,583.08,-159.1,-186.622,0.1,1775.8,TRUE,APPROACH
7/25/2026, 05:09:38,  +00:00,   HKFH,-2.8805459,37.8847046,4047,29.92,4358.1,16,94.71,93.93,-152.81,-4.58,-1.21,0.03,0.02,144.6,140.9,28.5,3.5,58.1,81.57,34.26,151.48,87.86,582.86,1890.88,81.57,613.7,4295.4,102,  GPS,150.3,113.1,115.9,125.3,118,0.19,0.395,9.46,-168.9,4.1,155.8,-0.6,0,  NONE,   NONE,      ,      ,-137.8,     3D,3704,      ,       ,88,       ,94.71,4358.1,0,FALSE,1,582.86,-152.81,-175.567,-0.02,1773.6,TRUE,APPROACH
7/25/2026, 05:09:39,  +00:00,   HKFH,-2.8808796,37.8849792,4044,29.92,4356.2,16,93.99,93.48,-151.28,-4.68,-1.16,0.02,-0.03,143.6,140.9,28.5,2.8,58.1,81.57,34.23,151.58,87.85,582.47,1892.02,81.57,613.38,4293.4,101,  GPS,150.3,113.1,115.9,125.3,118,0.192,0.398,9.48,-168.9,4.1,155.8,-0.6,0,  NONE,   NONE,      ,      ,-118.1,     3D,3704,      ,       ,88,       ,93.99,4356.2,0,FALSE,1,582.47,-151.28,-164.944,-0.05,1771.7,TRUE,APPROACH
7/25/2026, 05:09:41,  +00:00,   HKFH,-2.8812113,37.8852577,4043,29.92,4353.8,16,93.23,92.84,-145.54,-4.69,-0.76,0.02,-0.01,143.2,140.8,28.5,2.7,58.37,81.7,34.22,151.68,87.82,582.66,1891.54,81.57,613.07,4291,101,  GPS,150.3,113.1,115.9,125.3,118,0.195,0.403,9.49,-168.9,4.1,155.9,-0.6,0,  NONE,   NONE,      ,      ,-137.8,     3D,3704,      ,       ,88,       ,93.23,4353.8,0,FALSE,1,582.66,-145.54,-157.114,0.02,1769.3,TRUE,APPROACH
7/25/2026, 05:09:42,  +00:00,   HKFH,-2.8815296,37.8855209,4041,29.92,4351.5,16,92.83,92.49,-137.11,-5.13,-0.68,0.01,-0.03,143.4,140.7,28.5,3,58.51,81.83,34.22,151.77,87.81,582.94,1889.43,81.54,612.81,4288.7,100,  GPS,150.3,113.1,115.9,125.3,118,0.197,0.406,9.49,-169.1,4,156,-0.6,0,  NONE,   NONE,      ,      ,-141.7,     3D,3704,      ,       ,88,       ,92.83,4351.5,0,FALSE,1,582.94,-137.11,-154.52,-0.02,1767,TRUE,APPROACH
7/25/2026, 05:09:42,  +00:00,   HKFH,-2.8818541,37.8857918,4039,29.92,4348.1,16,92.37,92.16,-129.13,-5.64,0.05,0.01,-0.08,143.5,140.7,28.5,2.8,58.64,81.83,34.25,151.87,87.82,582.47,1890.54,81.57,612.64,4285.3,100,  GPS,150.3,113.1,115.9,125.3,118,0.199,0.409,9.47,-169.3,4,156.1,-0.6,0,  NONE,   NONE,      ,      ,-189,     3D,3704,      ,       ,88,       ,92.37,4348.1,0,FALSE,1,582.47,-129.13,-163.721,-0.05,1763.6,TRUE,APPROACH
7/25/2026, 05:09:43,  +00:00,   HKFH,-2.8822041,37.8860779,4035,29.92,4342.1,16,91.96,91.79,-135.76,-5.45,0.14,0.01,-0.05,144.3,140.7,28.5,2.7,58.51,82.08,34.26,151.96,87.81,581.77,1892.72,81.54,612.44,4279.4,99,  GPS,150.3,113.1,115.9,125.3,118,0.201,0.413,9.45,-169.6,4,156.2,-0.6,0,  NONE,   NONE,      ,      ,-311,     3D,3704,      ,       ,88,       ,91.96,4342.1,0,FALSE,1,581.77,-135.76,-182.585,0.03,1757.6,TRUE,APPROACH
7/25/2026, 05:09:45,  +00:00,   HKFH,-2.8825247,37.8863449,4030,29.92,4335.8,16,91.68,91.59,-162.46,-5.5,1.53,0.01,-0.02,144.7,140.9,28.5,2.7,58.37,82.47,34.27,152.04,87.77,582.7,1888.86,81.57,612.79,4273.1,99,  GPS,150.3,113.1,115.9,125.3,118,0.203,0.413,9.41,-169.9,4,156.3,-0.6,0,  NONE,   NONE,      ,      ,-378,     3D,3704,      ,       ,88,       ,91.68,4335.8,0,FALSE,1,582.7,-162.46,-204.142,0.03,1751.3,TRUE,APPROACH
7/25/2026, 05:09:46,  +00:00,   HKFH,-2.8828537,37.8866158,4024,29.92,4328.7,16,91.37,91.44,-202.89,-5.57,1.44,0.01,-0.02,145.1,141.3,28.5,2.9,58.37,82.47,34.27,152.12,87.82,581.51,1892.22,81.57,612.71,4265.9,99,  GPS,150.3,113.1,115.9,125.3,118,0.205,0.413,9.38,-170.2,3.9,156.4,-0.6,0,  NONE,   NONE,      ,      ,-425.2,     3D,3704,      ,       ,88,       ,91.37,4328.7,0,FALSE,1,581.51,-202.89,-226.663,0,1744.2,TRUE,APPROACH
7/25/2026, 05:09:47,  +00:00,   HKFH,-2.8832178,37.8869019,4016,29.92,4320.5,16,91.24,91.28,-261.13,-5.59,1.37,0.02,0.02,145.5,141.8,28.5,3.1,58.24,82.73,34.27,152.21,87.81,580.59,1895.64,81.58,612.48,4257.8,98,  GPS,150.3,113.1,115.9,125.3,118,0.207,0.412,9.34,-170.5,3.9,156.5,-0.6,0,  NONE,   NONE,      ,      ,-437,     3D,3704,      ,       ,88,       ,91.24,4320.5,0,FALSE,1,580.59,-261.13,-250.437,0.04,1736,TRUE,APPROACH
7/25/2026, 05:09:49,  +00:00,   HKFH,-2.8838561,37.8874092,4005,29.92,4308.3,16,91.73,90.99,-347.74,-5.37,1.3,0.01,0.01,146.3,142.4,28.5,2.7,58.51,82.86,34.26,152.36,87.8,580.29,1894.13,81.57,612.14,4245.2,99,  GPS,150.3,113.1,115.9,125.3,118,0.211,0.411,9.28,-171.1,3.9,156.7,-0.6,0,  NONE,   NONE,      ,      ,-405.5,     3D,3704,      ,       ,88,       ,91.73,4308.3,0,FALSE,1,580.29,-347.74,-275.317,-0.01,1723.8,TRUE,APPROACH
7/25/2026, 05:09:49,  +00:00,   HKFH,-2.8841822,37.887661,3997,29.92,4301.2,16,91.86,90.72,-368.38,-5.23,1.57,0.02,0.01,147.2,142.7,28.5,2.7,58.78,82.86,34.27,152.44,87.76,580.56,1892.13,81.56,612.02,4238.5,99,  GPS,150.3,113.1,115.9,125.3,118,0.213,0.409,9.26,-171.4,3.8,156.8,-0.6,0,  NONE,   NONE,      ,      ,-409.4,     3D,3704,      ,       ,88,       ,91.86,4301.2,0,FALSE,1,580.56,-368.38,-300.021,0,1716.7,TRUE,APPROACH
7/25/2026, 05:09:52,  +00:00,   HKFH,-2.8848872,37.8881874,3985,29.92,4287.9,16,91.3,90.35,-376.49,-5.32,-0.65,0.01,0,147.2,143.8,28.5,2.2,59.05,82.6,34.28,152.6,87.75,580.33,1892.89,81.54,612.14,4225.2,98,  GPS,150.3,113.1,115.9,125.3,118,0.216,0.41,9.25,-172,3.8,157,-0.6,0,  NONE,   NONE,      ,      ,-378,     3D,3704,      ,       ,88,       ,91.3,4287.9,0,FALSE,1,580.33,-376.49,-323.677,-0.01,1703.4,TRUE,APPROACH
7/25/2026, 05:09:54,  +00:00,   HKFH,-2.8855331,37.8886642,3972,29.92,4275.6,16,91.11,90.02,-383.28,-5.24,-0.43,0.02,0.02,148.3,143.9,28.5,2.6,59.45,81.96,34.3,152.75,87.73,580.26,1891.53,81.53,612.08,4212.5,98,  GPS,150.3,113.1,115.9,125.3,118,0.218,0.408,9.26,-172.5,3.8,157.1,-0.6,0,  NONE,   NONE,      ,      ,-393.7,     3D,3704,      ,       ,87.5,       ,91.11,4275.6,0,FALSE,1,580.26,-383.28,-344.574,0.02,1691.1,TRUE,APPROACH
7/25/2026, 05:09:54,  +00:00,   HKFH,-2.8858614,37.8889084,3966,29.92,4269.3,16,90.97,89.88,-385.91,-5.46,-0.65,0.02,-0.02,147.4,143.9,28.5,3.8,59.72,81.57,34.31,152.84,87.71,580.12,1890.77,81.52,612.42,4206.6,98,  GPS,150.3,113.1,115.9,125.3,118,0.22,0.407,9.27,-172.7,3.7,157.2,-0.6,0,  NONE,   NONE,      ,      ,-366.1,     3D,3704,      ,       ,87.5,       ,90.97,4269.3,0,FALSE,1,580.12,-385.91,-360.565,-0.04,1684.8,TRUE,APPROACH
7/25/2026, 05:09:56,  +00:00,   HKFH,-2.8862033,37.889164,3960,29.92,4262.8,16,90.76,89.73,-376.17,-5.56,-1.54,0.01,-0.01,147.5,143.9,28.5,2.8,59.99,81.57,34.29,152.92,87.69,579.19,1893.83,81.5,612.38,4200.1,98,  GPS,150.3,113.1,115.9,125.3,118,0.221,0.407,9.29,-172.9,3.7,157.3,-0.6,0,  NONE,   NONE,      ,      ,-378,     3D,3704,      ,       ,87.5,       ,90.76,4262.8,0,FALSE,1,579.19,-376.17,-369.173,0.01,1678.3,TRUE,APPROACH
7/25/2026, 05:09:56,  +00:00,   HKFH,-2.8865297,37.8894043,3954,29.92,4256.7,16,90.89,89.57,-372.32,-5.58,-1.41,0.02,0.03,147.5,143.8,28.5,2.7,60.43,81.31,34.02,153.01,87.64,573.76,1892.48,81.29,610.97,4193.9,98,  GPS,150.3,113.1,115.9,125.3,118,0.223,0.407,9.32,-173,3.7,157.4,-0.6,0,  NONE,   NONE,      ,      ,-374,     3D,3704,      ,       ,87.5,       ,90.89,4256.7,0,FALSE,1,573.76,-372.32,-369.433,0.04,1672.2,TRUE,APPROACH
7/25/2026, 05:09:57,  +00:00,   HKFH,-2.8868508,37.8896446,3948,29.92,4251.4,16,91.25,89.46,-371.43,-5.67,-0.87,0.01,-0.02,147.6,143.7,28.5,2.6,60.57,80.93,33.25,153.1,87.46,556.31,1884.48,80.61,605.95,4188.7,98,  GPS,150.3,113.1,115.9,125.3,118,0.224,0.406,9.35,-173.3,3.7,157.5,-0.6,0,  NONE,   NONE,      ,      ,-334.6,     3D,3704,      ,       ,87.5,       ,91.25,4251.4,0,FALSE,1,556.31,-371.43,-369.663,-0.05,1666.9,TRUE,APPROACH
7/25/2026, 05:09:59,  +00:00,   HKFH,-2.8871813,37.8898926,3943,29.92,4245.5,16,91.35,89.22,-362.8,-5.87,-0.6,0.01,-0.05,147.3,143.6,28.5,2.8,60.57,80.67,33,153.18,87.51,538.69,1892.54,80.41,604.17,4182.7,98,  GPS,150.3,113.1,115.9,125.3,118,0.226,0.407,9.39,-173.5,3.6,157.6,-0.6,0,  NONE,   NONE,      ,      ,-350.4,     3D,3704,      ,       ,87.5,       ,91.35,4245.5,0,FALSE,1,538.69,-362.8,-374.338,-0.03,1661,TRUE,APPROACH
7/25/2026, 05:10:00,  +00:00,   HKFH,-2.8875227,37.890152,3937,29.92,4237.9,16,91.26,88.91,-347.21,-6.06,-0.87,0.02,-0.02,148.5,143.5,28.5,2.7,60.28,80.54,32.91,153.28,87.58,529.16,1896.94,80.36,605.12,4175.1,98,  GPS,150.3,113.1,115.9,125.3,118,0.227,0.407,9.44,-173.8,3.6,157.7,-0.6,0,  NONE,   NONE,      ,      ,-425.2,     3D,3704,      ,       ,87.5,       ,91.26,4237.9,0,FALSE,1,529.16,-347.21,-381.913,0.03,1653.4,TRUE,APPROACH
7/25/2026, 05:10:00,  +00:00,   HKFH,-2.8878515,37.8903961,3930,29.92,4230.2,16,91.24,88.74,-350.34,-6.13,0.19,0.02,-0.03,148.7,143.6,28.5,2.7,60.28,80.54,32.9,153.36,87.52,525.17,1895.1,80.36,605.95,4167.3,98,  GPS,150.3,113.1,115.9,125.3,118,0.229,0.405,9.5,-174,3.6,157.8,-0.6,0,  NONE,   NONE,      ,      ,-468.5,     3D,3704,      ,       ,87.5,       ,91.24,4230.2,0,FALSE,1,525.17,-350.34,-392.844,-0.01,1645.7,TRUE,APPROACH
7/25/2026, 05:10:01,  +00:00,   HKFH,-2.8881829,37.8906441,3923,29.92,4221.9,16,91.11,88.58,-370.68,-6.15,0.05,0.01,-0.03,147.7,143.8,28.5,2.6,60.28,80.54,32.87,153.43,87.52,522.68,1894.03,80.34,606.31,4159,98,  GPS,150.3,113.1,115.9,125.3,118,0.23,0.404,9.57,-174.2,3.6,157.9,-0.6,0,  NONE,   NONE,      ,      ,-500,     3D,3704,      ,       ,87.5,       ,91.11,4221.9,0,FALSE,1,522.68,-370.68,-407.241,0,1637.4,TRUE,APPROACH
7/25/2026, 05:10:04,  +00:00,   HKFH,-2.888849,37.8911324,3906,29.92,4203.9,16,90.96,88.39,-423.24,-6.45,0,0.02,-0.04,148.6,143.9,28.5,2.6,60.13,80.54,32.86,153.57,87.51,520.48,1893.23,80.32,606.33,4140.4,98,  GPS,150.3,113.1,115.9,125.3,118,0.233,0.399,9.74,-174.5,3.5,158.1,-0.6,0,  NONE,   NONE,      ,      ,-547.2,     3D,3704,      ,       ,87.5,       ,90.96,4203.9,0,FALSE,1,520.48,-423.24,-423.882,-0.01,1619.4,TRUE,APPROACH
7/25/2026, 05:10:04,  +00:00,   HKFH,-2.8891716,37.8913727,3897,29.92,4194,16,90.98,88.37,-459.03,-6.6,-0.51,0.02,-0.02,148.5,144.2,28.5,2.6,59.99,80.54,32.86,153.64,87.47,519.83,1893.15,80.3,606.38,4130.9,98,  GPS,150.3,113.1,115.9,125.3,118,0.234,0.395,9.83,-174.6,3.5,158.2,-0.6,0,  NONE,   NONE,      ,      ,-582.7,     3D,3704,      ,       ,87.5,       ,90.98,4194,0,FALSE,1,519.83,-459.03,-442.445,0.02,1609.5,TRUE,APPROACH
7/25/2026, 05:10:06,  +00:00,   HKFH,-2.8895023,37.8916206,3887,29.92,4183.4,16.2,90.98,88.33,-495.22,-6.5,-0.51,0.01,0.01,148.1,144.2,28.5,2.5,59.85,80.54,32.9,153.71,87.47,519.92,1894.05,80.31,606.32,4120.5,98,  GPS,150.3,113.1,115.9,125.3,118,0.236,0.391,9.93,-174.8,3.5,158.3,-0.6,0,  NONE,   NONE,      ,      ,-622,     3D,3704,      ,       ,87.5,       ,90.98,4183.4,0,FALSE,1,519.92,-495.22,-463.792,0.03,1598.9,TRUE,APPROACH
7/25/2026, 05:10:07,  +00:00,   HKFH,-2.8898411,37.8918648,3878,29.92,4173.3,16.2,90.9,88.39,-520.14,-6.65,-0.55,0.01,0.01,147.9,144.2,28.5,3.2,59.58,80.54,32.96,153.77,87.47,520.36,1893.47,80.3,606.67,4109.9,98,  GPS,150.3,113.1,115.9,125.3,118,0.237,0.388,10.03,-174.9,3.4,158.4,-0.6,0,  NONE,   NONE,      ,      ,-618.1,     3D,3704,      ,       ,87.5,       ,90.9,4173.3,0,FALSE,1,520.36,-520.14,-489.11,0,1588.8,TRUE,APPROACH
7/25/2026, 05:10:07,  +00:00,   HKFH,-2.8901544,37.8920937,3869,29.92,4163.4,16.2,90.77,88.56,-538.73,-6.88,-0.23,0.01,-0.03,148.2,144.2,28.5,2.8,59.18,80.41,33.01,153.82,87.51,521.29,1891.92,80.31,607.36,4100.3,98,  GPS,150.3,113.1,115.9,125.3,118,0.238,0.384,10.12,-175.1,3.4,158.5,-0.6,0,  NONE,   NONE,      ,      ,-614.2,     3D,3704,      ,       ,87.5,       ,90.77,4163.4,0,FALSE,1,521.29,-538.73,-516.79,-0.04,1578.9,TRUE,APPROACH
7/25/2026, 05:10:08,  +00:00,   HKFH,-2.8904839,37.8923378,3858,29.92,4152.4,16.2,90.47,88.76,-557.06,-7.04,0.32,0.01,-0.03,148.3,144.3,28.5,2.7,59.18,80.41,33.05,153.88,87.51,522.73,1890.94,80.36,607.76,4089.5,97,  GPS,150.3,113.1,115.9,125.3,118,0.24,0.38,10.21,-175.2,3.4,158.6,-0.6,0,  NONE,   NONE,      ,      ,-649.6,     3D,3704,      ,       ,87.5,       ,90.47,4152.4,0,FALSE,1,522.73,-557.06,-543.456,0,1567.9,TRUE,APPROACH
7/25/2026, 05:10:10,  +00:00,   HKFH,-2.8908224,37.8925781,3848,29.92,4140.7,16.2,90.16,89.03,-576.27,-7.09,-0.63,0,0.01,148.4,144.4,28.5,2.4,59.05,80.28,33.09,153.93,87.52,523.71,1892.78,80.41,607.63,4077.8,97,  GPS,150.3,113.1,115.9,125.3,118,0.241,0.375,10.29,-175.3,3.4,158.7,-0.6,0,  NONE,   NONE,      ,      ,-685,     3D,3704,      ,       ,87.5,       ,90.16,4140.7,0,FALSE,1,523.71,-576.27,-563.78,0.04,1556.2,TRUE,APPROACH
7/25/2026, 05:10:10,  +00:00,   HKFH,-2.8911688,37.8928299,3836,29.92,4128.6,16.2,90.17,89.36,-600.39,-6.91,0.51,0.01,0,148.5,144.5,28.5,3,58.91,80.03,33.11,153.99,87.51,523.67,1895.19,80.41,607.33,4065.7,97,  GPS,150.3,113.1,115.9,125.3,118,0.242,0.368,10.35,-175.4,3.3,158.8,-0.6,0,  NONE,   NONE,      ,      ,-696.9,     3D,3704,      ,       ,87.5,       ,90.17,4128.6,0,FALSE,1,523.67,-600.39,-578.639,-0.01,1544.1,TRUE,APPROACH
7/25/2026, 05:10:11,  +00:00,   HKFH,-2.8915076,37.8930779,3825,29.92,4117.5,16.2,90.45,89.55,-627.14,-6.45,1.8,0,0.04,148.3,144.7,28.5,2.9,58.78,79.86,33.13,154.05,87.43,524.09,1896.14,80.41,607.09,4054.6,97,  GPS,150.3,113.1,115.9,125.3,118,0.243,0.363,10.41,-175.5,3.3,158.9,-0.6,0,  NONE,   NONE,      ,      ,-673.2,     3D,3704,      ,       ,87.5,       ,90.45,4117.5,0,FALSE,1,524.09,-627.14,-586.917,0.04,1533,TRUE,APPROACH
7/25/2026, 05:10:13,  +00:00,   HKFH,-2.8918812,37.8933411,3814,29.92,4106.2,16.2,90.81,89.71,-637.34,-6.31,1.2,0,0.02,148.9,145.2,28.5,2.5,58.51,79.51,33.13,154.11,87.47,524.14,1896.32,80.41,607.04,4043.3,98,  GPS,150.3,113.1,115.9,125.3,118,0.245,0.359,10.45,-175.5,3.3,159,-0.6,0,  NONE,   NONE,      ,      ,-618.1,     3D,3704,      ,       ,87.5,       ,90.81,4106.2,0,FALSE,1,524.14,-637.34,-588.557,-0.02,1521.7,TRUE,APPROACH
7/25/2026, 05:10:15,  +00:00,   HKFH,-2.8925402,37.8937988,3795,29.92,4087.4,16.2,91.07,89.61,-626.48,-5.79,2.53,0.02,0.05,150.2,145.9,28.5,2.8,58.24,79.16,33.19,154.24,87.42,526.18,1893.87,80.44,607.38,4024.5,98,  GPS,150.3,113.1,115.9,125.3,118,0.247,0.35,10.52,-175.5,3.2,159.2,-0.6,0,  NONE,   NONE,      ,      ,-594.5,     3D,3704,      ,       ,87.5,       ,91.07,4087.4,0,FALSE,1,526.18,-626.48,-586.285,0.03,1502.9,TRUE,APPROACH
7/25/2026, 05:10:16,  +00:00,   HKFH,-2.8928642,37.8940086,3787,29.92,4079.1,16.2,90.93,89.55,-607.62,-5.71,1.78,0,0,149.6,146.7,28.5,2.5,57.97,78.98,33.24,154.3,87.4,526.81,1893.67,80.45,607.45,4016.2,98,  GPS,150.3,113.1,115.9,125.3,118,0.248,0.348,10.54,-175.4,3.2,159.3,-0.6,0,  NONE,   NONE,      ,      ,-539.4,     3D,3704,      ,       ,87.5,       ,90.93,4079.1,0,FALSE,1,526.81,-607.62,-581.629,-0.05,1494.6,TRUE,APPROACH
7/25/2026, 05:10:17,  +00:00,   HKFH,-2.8932242,37.894249,3779,29.92,4070.1,16.2,90.75,89.38,-578,-5.72,1,0.01,0.02,150.7,147,28.5,2.6,57.29,78.98,33.27,154.37,87.47,527.31,1894.77,80.47,607.74,4007.2,97,  GPS,150.3,113.1,115.9,125.3,118,0.248,0.346,10.56,-175.3,3.2,159.4,-0.6,0,  NONE,   NONE,      ,      ,-523.6,     3D,3704,      ,       ,87.5,       ,90.75,4070.1,0,FALSE,1,527.31,-578,-575.52,0.02,1485.6,TRUE,APPROACH
7/25/2026, 05:10:18,  +00:00,   HKFH,-2.8939068,37.8946915,3762,29.92,4053.7,16.2,90.3,89.2,-536.54,-6,0.59,0.01,-0.04,151,147.6,28.5,2.7,56.62,79.16,33.31,154.49,87.4,530.04,1891.57,80.48,607.82,3990.7,97,  GPS,150.3,113.1,115.9,125.3,118,0.25,0.34,10.56,-175.1,3.2,159.6,-0.6,0,  NONE,   NONE,      ,      ,-511.8,     3D,3704,      ,       ,87.5,       ,90.3,4053.7,0,FALSE,1,530.04,-536.54,-568.839,-0.06,1469.2,TRUE,APPROACH
7/25/2026, 05:10:20,  +00:00,   HKFH,-2.8942761,37.894928,3754,29.92,4044.3,16.2,89.92,89.18,-516.01,-6.12,0.82,0.02,-0.01,151.5,147.9,28.5,2.7,55.95,79.33,33.33,154.55,87.43,530.79,1890.28,80.47,607.82,3980.8,96,  GPS,150.3,113.1,115.9,125.3,118,0.25,0.337,10.54,-175,3.1,159.7,-0.6,0,  NONE,   NONE,      ,      ,-551.2,     3D,3704,      ,       ,87.5,       ,89.92,4044.3,0,FALSE,1,530.79,-516.01,-561.757,0.03,1459.8,TRUE,APPROACH
7/25/2026, 05:10:21,  +00:00,   HKFH,-2.8946064,37.8951378,3745,29.92,4034.5,16.2,89.59,89.18,-510.5,-6.17,0.52,0.01,-0.03,151.4,148.2,28.5,2.7,55.95,79.33,33.36,154.6,87.4,531.11,1892.07,80.49,607.97,3971.6,96,  GPS,150.3,113.1,115.9,125.3,118,0.251,0.335,10.51,-174.9,3.1,159.8,-0.6,0,  NONE,   NONE,      ,      ,-582.7,     3D,3704,      ,       ,87.5,       ,89.59,4034.5,0,FALSE,1,531.11,-510.5,-553.365,-0.02,1450,TRUE,APPROACH
7/25/2026, 05:10:21,  +00:00,   HKFH,-2.8949702,37.8953629,3735,29.92,4023.8,16.2,89.47,89.2,-515.18,-6.12,0.6,0.02,0.03,152,148.5,28.5,2.3,55.54,79.68,33.36,154.66,87.43,530.38,1894.83,80.47,608.09,3960.8,96,  GPS,150.3,113.1,115.9,125.3,118,0.251,0.33,10.47,-174.7,3.1,159.8,-0.6,0,  NONE,   NONE,      ,      ,-618.1,     3D,3704,      ,       ,87.5,       ,89.47,4023.8,0,FALSE,1,530.38,-515.18,-544.658,0.06,1439.3,TRUE,APPROACH
7/25/2026, 05:10:23,  +00:00,   HKFH,-2.8953357,37.8955879,3724,29.92,4013.6,16.2,89.72,89.22,-533.58,-6.02,1.25,0.01,0,152.1,148.8,28.5,2.4,55.14,79.68,33.38,154.71,87.43,530.39,1894.73,80.52,608.31,3950.7,96,  GPS,150.3,113.1,115.9,125.3,118,0.251,0.325,10.41,-174.5,3.1,159.9,-0.6,0,  NONE,   NONE,      ,      ,-582.7,     3D,3704,      ,       ,87.5,       ,89.72,4013.6,0,FALSE,1,530.39,-533.58,-535.476,-0.03,1429.1,TRUE,APPROACH
7/25/2026, 05:10:24,  +00:00,   HKFH,-2.8960321,37.8960075,3707,29.92,3995.5,16.2,90.2,89.13,-556.32,-5.76,1.43,0.01,0.03,152.4,149.5,28.5,2.7,54.6,79.86,33.41,154.81,87.43,530.29,1895.1,80.49,608.56,3932.6,97,  GPS,150.3,113.1,115.9,125.3,118,0.252,0.32,10.29,-174.2,3,160.1,-0.6,0,  NONE,   NONE,      ,      ,-531.5,     3D,3704,      ,       ,87.5,       ,90.2,3995.5,0,FALSE,1,530.29,-556.32,-527.505,0.03,1411,TRUE,APPROACH
7/25/2026, 05:10:25,  +00:00,   HKFH,-2.8963876,37.8962173,3698,29.92,3987.2,16.2,90.4,89.03,-553.42,-5.62,1.66,0.01,0,152.6,149.9,28.5,2.4,54.33,79.86,33.4,154.85,87.34,530.53,1893.53,80.48,608.59,3924.3,97,  GPS,150.3,113.1,115.9,125.3,118,0.252,0.316,10.23,-174,3,160.2,-0.6,0,  NONE,   NONE,      ,      ,-507.9,     3D,3704,      ,       ,87.5,       ,90.4,3987.2,0,FALSE,1,530.53,-553.42,-523.907,-0.03,1402.7,TRUE,APPROACH
7/25/2026, 05:10:27,  +00:00,   HKFH,-2.8967259,37.8964119,3691,29.92,3979.3,16.2,90.38,88.91,-539.41,-5.53,1.88,0.01,0,153,150.4,28.5,2.2,54.33,79.86,33.42,154.89,87.36,531.49,1892.15,80.48,608.53,3916.4,97,  GPS,150.3,113.1,115.9,125.3,118,0.252,0.314,10.09,-173.9,3,160.3,-0.6,0,  NONE,   NONE,      ,      ,-496.1,     3D,3704,      ,       ,87.5,       ,90.38,3979.3,0,FALSE,1,531.49,-539.41,-522.954,0,1394.8,TRUE,APPROACH
7/25/2026, 05:10:28,  +00:00,   HKFH,-2.8970914,37.8966217,3683,29.92,3971.1,16.5,90.16,88.79,-515.8,-5.83,-0.18,0.01,-0.04,153.5,150.8,28.5,2.6,54.47,79.68,33.43,154.94,87.3,531.86,1890.97,80.5,608.73,3908.2,97,  GPS,150.3,113.1,115.9,125.3,118,0.252,0.313,10.09,-173.9,2.9,160.4,-0.6,0,  NONE,   NONE,      ,      ,-488.2,     3D,3704,      ,       ,87.5,       ,90.16,3971.1,0,FALSE,1,531.86,-515.8,-523.888,-0.04,1386.6,TRUE,APPROACH
7/25/2026, 05:10:28,  +00:00,   HKFH,-2.8974428,37.8968239,3675,29.92,3962.3,16.5,89.83,88.72,-498.29,-6.06,-1.22,0.03,-0.04,153.9,150.9,28.5,2.6,54.73,79.51,33.43,154.98,87.35,531.95,1890.14,80.47,608.86,3899.4,96,  GPS,150.3,113.1,115.9,125.3,118,0.252,0.31,10.01,-173.8,2.9,160.4,-0.6,0,  NONE,   NONE,      ,      ,-527.6,     3D,3704,      ,       ,87.5,       ,89.83,3962.3,0,FALSE,1,531.95,-498.29,-529.611,0,1377.8,TRUE,APPROACH
7/25/2026, 05:10:30,  +00:00,   HKFH,-2.8978205,37.8970337,3665,29.92,3952.1,16.5,89.6,88.66,-500.56,-6.22,-1.93,0.01,-0.02,152.6,151,28.5,2.4,55.27,79.16,33.43,155.03,87.41,531.27,1892.38,80.47,608.64,3889.2,96,  GPS,150.3,113.1,115.9,125.3,118,0.252,0.306,9.93,-173.8,2.9,160.5,-0.6,0,  NONE,   NONE,      ,      ,-570.9,     3D,3704,      ,       ,87.5,       ,89.6,3952.1,0,FALSE,1,531.27,-500.56,-535.12,0.02,1367.6,TRUE,APPROACH
7/25/2026, 05:10:31,  +00:00,   HKFH,-2.8981786,37.8972435,3656,29.92,3942.4,16.5,89.39,88.76,-506.48,-6.55,-4.08,0.01,-0.01,151.9,150.6,28.5,2.1,55.41,79.16,33.46,155.07,87.35,531.65,1892.2,80.48,608.72,3879.5,96,  GPS,150.3,113.1,115.9,125.3,118,0.252,0.303,9.84,-173.7,2.9,160.6,-0.6,0,  NONE,   NONE,      ,      ,-578.7,     3D,3704,      ,       ,87.5,       ,89.39,3942.4,0,FALSE,1,531.65,-506.48,-539.485,0.01,1357.9,TRUE,APPROACH
7/25/2026, 05:10:31,  +00:00,   HKFH,-2.8985348,37.8974533,3646,29.92,3931.9,16.5,89.38,88.91,-519.84,-6.57,-2.48,0.01,-0.02,152.5,149.9,28.5,2.6,56.08,78.98,33.46,155.12,87.37,531.57,1892.6,80.5,608.63,3869,96,  GPS,150.3,113.1,115.9,125.3,118,0.252,0.299,9.75,-173.8,2.8,160.7,-0.6,0,  NONE,   NONE,      ,      ,-629.9,     3D,3704,      ,       ,87.5,       ,89.38,3931.9,0,FALSE,1,531.57,-519.84,-544.499,-0.01,1347.4,TRUE,APPROACH
7/25/2026, 05:10:34,  +00:00,   HKFH,-2.8992972,37.8979073,3624,29.92,3908.4,16.5,89.61,89.2,-572.41,-6.22,-2.11,0.01,0.01,152.2,149.6,28.5,2.4,56.22,78.11,33.24,155.21,87.34,524.87,1893.09,80.27,607.21,3845.5,96,  GPS,150.3,113.1,115.9,125.3,118,0.252,0.29,9.54,-174.1,2.8,160.9,-0.6,0,  NONE,   NONE,      ,      ,-653.5,     3D,3704,      ,       ,87.5,       ,89.61,3908.4,0,FALSE,1,524.87,-572.41,-549.14,0.03,1323.9,TRUE,APPROACH
7/25/2026, 05:10:34,  +00:00,   HKFH,-2.8995831,37.8980789,3616,29.92,3900.4,16.5,89.87,89.26,-588.67,-6.33,-2.65,0.01,0,152.2,149.4,28.5,1.9,56.35,77.93,33.23,155.26,87.34,522.79,1894.7,80.25,607.32,3837.3,96,  GPS,150.3,113.1,115.9,125.3,118,0.252,0.286,9.45,-174.2,2.8,161,-0.6,0,  NONE,   NONE,      ,      ,-618.1,     3D,3704,      ,       ,87.5,       ,89.87,3900.4,0,FALSE,1,522.79,-588.67,-555.943,-0.01,1315.9,TRUE,APPROACH
7/25/2026, 05:10:36,  +00:00,   HKFH,-2.8999414,37.8982964,3605,29.92,3890.4,16.5,90.2,89.36,-599.97,-6.47,-2.55,0.02,-0.03,152.4,149,28.5,2.6,56.76,77.76,33.19,155.3,87.38,521.82,1892.81,80.24,607.43,3827.5,97,  GPS,150.3,113.1,115.9,125.3,118,0.253,0.281,9.36,-174.3,2.7,161.1,-0.6,0,  NONE,   NONE,      ,      ,-590.6,     3D,3704,      ,       ,87,       ,90.2,3890.4,0,FALSE,1,521.82,-599.97,-566.112,-0.03,1305.9,TRUE,APPROACH
7/25/2026, 05:10:37,  +00:00,   HKFH,-2.9003451,37.8985519,3595,29.92,3879.1,16.5,90.42,89.46,-603.56,-6.59,-2.09,0.02,0.02,151.6,148.6,28.5,2.6,57.02,77.76,32.49,155.36,87.22,508.37,1885.43,79.62,603.44,3816.2,97,  GPS,150.3,113.1,115.9,125.3,118,0.253,0.278,9.21,-174.6,2.7,161.2,-0.6,0,  NONE,   NONE,      ,      ,-590.6,     3D,3704,      ,       ,87,       ,90.42,3879.1,0,FALSE,1,508.37,-603.56,-578.382,0.05,1294.6,TRUE,APPROACH
7/25/2026, 05:10:38,  +00:00,   HKFH,-2.9010081,37.8989716,3577,29.92,3859.1,16.5,90.4,89.32,-585.82,-7.02,-1.66,0.01,-0.03,151.3,147.7,28.5,1.9,56.76,77.4,31.58,155.45,87.17,469.72,1887.22,78.71,598.96,3796.2,97,  GPS,150.3,113.1,115.9,125.3,118,0.254,0.27,9.14,-174.6,2.7,161.5,-0.6,0,  NONE,   NONE,      ,      ,-665.4,     3D,3704,      ,       ,87,       ,90.4,3859.1,0,FALSE,1,469.72,-585.82,-592.248,-0.05,1274.6,TRUE,APPROACH
7/25/2026, 05:10:40,  +00:00,   HKFH,-2.9013445,37.8991928,3566,29.92,3847.7,16.5,90.3,89.28,-583.83,-7.26,0.71,0.02,-0.03,151.6,147.6,28.5,2.6,56.76,77.4,31.15,155.5,87.05,452.56,1887.78,78.34,598.68,3784.8,97,  GPS,150.3,113.1,115.9,125.3,118,0.255,0.265,9.08,-174.7,2.6,161.6,-0.6,0,  NONE,   NONE,      ,      ,-720.5,     3D,3704,      ,       ,87,       ,90.3,3847.7,0,FALSE,1,452.56,-583.83,-607.225,0,1263.2,TRUE,APPROACH
7/25/2026, 05:10:41,  +00:00,   HKFH,-2.9017029,37.8994179,3555,29.92,3834.7,16.5,90.23,89.16,-599.98,-6.84,1.27,0.01,0.02,151.1,147.8,28.5,2.4,56.76,77.23,30.8,155.55,87.06,435.5,1887.17,77.95,597.75,3771.8,97,  GPS,150.3,113.1,115.9,125.3,118,0.256,0.26,9.02,-174.7,2.6,161.7,-0.6,0,  NONE,   NONE,      ,      ,-759.8,     3D,3704,      ,       ,87,       ,90.23,3834.7,0,FALSE,1,435.5,-599.98,-619.296,0.05,1250.2,TRUE,APPROACH
7/25/2026, 05:10:42,  +00:00,   HKFH,-2.9020414,37.8996353,3544,29.92,3822.7,16.5,90.09,89.09,-623.26,-6.97,0.35,0.01,-0.01,150.3,148.2,28.5,2.6,56.76,77.23,30.7,155.6,87.05,423.58,1889.32,77.8,599.18,3759.8,96,  GPS,150.3,113.1,115.9,125.3,118,0.256,0.253,8.97,-174.6,2.6,161.9,-0.6,0,  NONE,   NONE,      ,      ,-740.2,     3D,3704,      ,       ,87,       ,90.09,3822.7,0,FALSE,1,423.58,-623.26,-631.325,-0.03,1238.2,TRUE,APPROACH
7/25/2026, 05:10:42,  +00:00,   HKFH,-2.9023919,37.8998528,3532,29.92,3810.5,16.5,89.75,89.09,-645.14,-7.15,0.44,0,-0.01,150.3,148.2,28.5,1.7,56.22,77.58,30.67,155.66,87.05,417.62,1887.8,77.76,601.45,3747.4,96,  GPS,150.3,113.1,115.9,125.3,118,0.256,0.249,8.93,-174.6,2.6,162,-0.6,0,  NONE,   NONE,      ,      ,-744.1,     3D,3704,      ,       ,87,       ,89.75,3810.5,0,FALSE,1,417.62,-645.14,-643.628,0,1226,TRUE,APPROACH
7/25/2026, 05:10:44,  +00:00,   HKFH,-2.9027426,37.900074,3520,29.92,3797.5,16.5,89.43,89.11,-669.61,-7.26,1.35,0.01,-0.02,150.6,148.5,28.5,2.5,56.22,77.58,30.65,155.71,87.08,412.82,1889.9,77.72,602.52,3734.3,96,  GPS,150.3,113.1,115.9,125.3,118,0.257,0.243,8.87,-174.6,2.5,162.1,-0.6,0,  NONE,   NONE,      ,      ,-767.7,     3D,3704,      ,       ,87,       ,89.43,3797.5,0,FALSE,1,412.82,-669.61,-656.645,-0.01,1213,TRUE,APPROACH
7/25/2026, 05:10:45,  +00:00,   HKFH,-2.9031019,37.9002953,3507,29.92,3784.1,16.5,89.3,89.13,-693.12,-7.26,1.35,0,0,150.6,148.7,28.5,2.5,56.08,77.76,30.67,155.75,87.05,409.52,1893.54,77.74,603.4,3721.2,95,  GPS,150.3,113.1,115.9,125.3,118,0.257,0.236,8.8,-174.6,2.5,162.2,-0.6,0,  NONE,   NONE,      ,      ,-771.7,     3D,3704,      ,       ,87,       ,89.3,3784.1,0,FALSE,1,409.52,-693.12,-670.938,0.02,1199.6,TRUE,APPROACH
7/25/2026, 05:10:46,  +00:00,   HKFH,-2.9034476,37.9005051,3496,29.92,3771.6,16.8,89.43,89.09,-708.96,-7.04,0.49,0.01,0.01,151.4,149.1,28.5,2.5,56.08,77.76,30.68,155.8,87.09,408.52,1893.54,77.71,604.03,3708.4,96,  GPS,150.3,113.1,115.9,125.3,118,0.258,0.23,8.73,-174.7,2.5,162.4,-0.6,0,  NONE,   NONE,      ,      ,-783.5,     3D,3704,      ,       ,87,       ,89.43,3771.6,0,FALSE,1,408.52,-708.96,-684.419,0.01,1187.1,TRUE,APPROACH
7/25/2026, 05:10:47,  +00:00,   HKFH,-2.903815,37.9007263,3483,29.92,3758,16.8,89.53,89.14,-723,-7.13,0.63,0.01,0,151.6,149.3,28.5,1.8,55.68,77.93,30.72,155.84,87.06,408.81,1890.6,77.72,604.47,3695.1,96,  GPS,150.3,113.1,115.9,125.3,118,0.258,0.222,8.66,-174.8,2.5,162.5,-0.6,0,  NONE,   NONE,      ,      ,-767.7,     3D,3704,      ,       ,87,       ,89.53,3758,0,FALSE,1,408.81,-723,-696.205,-0.01,1173.5,TRUE,APPROACH
7/25/2026, 05:10:48,  +00:00,   HKFH,-2.9045112,37.9011383,3459,29.92,3733.8,16.8,89.27,89.22,-733.73,-7.03,2.64,0.01,-0.03,151.1,150.1,28.5,2.5,55.68,78.11,30.75,155.93,87.09,407.67,1891.68,77.72,604.57,3670.6,95,  GPS,150.3,113.1,115.9,125.3,118,0.258,0.21,8.49,-175.1,2.4,162.8,-0.6,0,  NONE,   NONE,      ,      ,-752,     3D,3704,      ,       ,87,       ,89.27,3733.8,0,FALSE,1,407.67,-733.73,-705.242,-0.03,1149.3,TRUE,APPROACH
7/25/2026, 05:10:49,  +00:00,   HKFH,-2.9048769,37.9013481,3447,29.92,3720.7,16.8,89.16,89.22,-728.75,-6.98,2.98,0,-0.02,151.5,150.7,28.5,2.5,55.68,78.11,30.76,155.98,87.04,408.1,1889.88,77.7,604.6,3657.8,95,  GPS,150.3,113.1,115.9,125.3,118,0.258,0.204,8.4,-175.2,2.4,162.9,-0.6,0,  NONE,   NONE,      ,      ,-763.8,     3D,3704,      ,       ,87,       ,89.16,3720.7,0,FALSE,1,408.1,-728.75,-710.221,0.01,1136.2,TRUE,APPROACH
7/25/2026, 05:10:51,  +00:00,   HKFH,-2.9052382,37.9015503,3435,29.92,3707.9,16.8,88.98,89.24,-718.64,-7.06,2.94,0.01,0.01,152.5,151.5,28.5,1.7,55.68,77.93,30.77,156.03,87.09,408.14,1889.58,77.7,604.63,3644.7,95,  GPS,150.3,113.1,115.9,125.3,118,0.258,0.198,8.3,-175.5,2.4,163,-0.6,0,  NONE,   NONE,      ,      ,-775.6,     3D,3704,      ,       ,87,       ,88.98,3707.9,0,FALSE,1,408.14,-718.64,-710.251,0.03,1123.4,TRUE,APPROACH
7/25/2026, 05:10:52,  +00:00,   HKFH,-2.9056287,37.9017601,3422,29.92,3694.1,16.8,88.86,89.28,-717.84,-6.61,2.58,0.01,0.04,153.3,152.1,28.5,2,55.54,77.58,30.77,156.08,87.11,407.49,1891.4,77.68,604.53,3631.2,95,  GPS,150.3,113.1,115.9,125.3,118,0.257,0.19,8.18,-175.8,2.3,163.1,-0.6,0,  NONE,   NONE,      ,      ,-752,     3D,3704,      ,       ,87,       ,88.86,3694.1,0,FALSE,1,407.49,-717.84,-705.713,0.03,1109.6,TRUE,APPROACH
7/25/2026, 05:10:54,  +00:00,   HKFH,-2.9063611,37.9021378,3400,29.92,3672.9,16.8,88.86,89.22,-713.63,-6.25,1.69,0,-0.01,154,153.3,28.5,2.7,55.95,76.53,30.82,156.17,87.08,407.28,1891.14,77.69,604.97,3609.4,95,  GPS,150.3,113.1,115.9,125.3,118,0.256,0.178,7.92,-176.5,2.3,163.3,-0.6,0,  NONE,   NONE,      ,      ,-641.7,     3D,3704,      ,       ,87,       ,88.86,3672.9,0,FALSE,1,407.28,-713.63,-696.9,-0.05,1088.4,TRUE,APPROACH
7/25/2026, 05:10:55,  +00:00,   HKFH,-2.9067094,37.9023132,3390,29.92,3662.4,16.8,88.81,89.05,-694.93,-6.05,0.99,0.01,0,154.9,153.6,28.5,1.8,56.08,76,30.91,156.21,87.05,408.72,1892.14,77.76,605.68,3599.3,95,  GPS,150.3,113.1,115.9,125.3,118,0.256,0.176,7.79,-177,2.3,163.4,-0.6,0,  NONE,   NONE,      ,      ,-637.8,     3D,3704,      ,       ,87,       ,88.81,3662.4,0,FALSE,1,408.72,-694.93,-684.716,0.01,1077.9,TRUE,APPROACH
7/25/2026, 05:10:56,  +00:00,   HKFH,-2.907099,37.9025078,3379,29.92,3651.7,16.8,88.76,88.81,-669.91,-5.81,0.85,0.01,0.01,155.7,154,28.5,2,56.08,76,30.98,156.26,87.08,410.8,1891.59,77.82,605.85,3588.8,95,  GPS,150.3,113.1,115.9,125.3,118,0.255,0.17,7.64,-177.5,2.3,163.5,-0.6,0,  NONE,   NONE,      ,      ,-610.2,     3D,3704,      ,       ,87,       ,88.76,3651.7,0,FALSE,1,410.8,-669.91,-670.497,0.01,1067.2,TRUE,APPROACH
7/25/2026, 05:10:57,  +00:00,   HKFH,-2.9074609,37.9026833,3370,29.92,3642.1,16.8,88.6,88.52,-647.74,-5.77,1.01,0.01,-0.02,155.6,154.4,28.5,2.5,56.22,75.48,31.02,156.3,87.04,412.73,1890.57,77.85,605.79,3579.2,95,  GPS,150.3,113.1,115.9,125.3,118,0.254,0.166,7.5,-177.9,2.2,163.6,-0.6,0,  NONE,   NONE,      ,      ,-594.5,     3D,3704,      ,       ,87,       ,88.6,3642.1,0,FALSE,1,412.73,-647.74,-656.429,-0.03,1057.6,TRUE,APPROACH
7/25/2026, 05:10:58,  +00:00,   HKFH,-2.9078703,37.9028816,3359,29.92,3630.9,16.8,88.26,88.27,-620.83,-5.81,0.35,0.01,0.01,155.5,154.6,28.5,2.5,56.49,74.95,31.05,156.36,87.05,414.31,1889.97,77.87,605.5,3568,94,  GPS,150.3,113.1,115.9,125.3,118,0.253,0.162,7.37,-178.4,2.2,163.7,-0.6,0,  NONE,   NONE,      ,      ,-602.4,     3D,3704,      ,       ,87,       ,88.26,3630.9,0,FALSE,1,414.31,-620.83,-643.075,0.03,1046.4,TRUE,APPROACH
7/25/2026, 05:10:59,  +00:00,   HKFH,-2.9082067,37.9030418,3351,29.92,3622.1,17,88.04,88.06,-601.16,-5.87,0.51,0,-0.02,156,154.7,28.5,1.9,56.62,74.42,31.07,156.4,87.05,415.45,1889.57,77.88,605.57,3558.5,94,  GPS,150.3,113.1,115.9,125.3,118,0.252,0.158,7.23,-178.8,2.2,163.8,-0.6,0,  NONE,   NONE,      ,      ,-610.2,     3D,3704,      ,       ,87,       ,88.04,3622.1,0,FALSE,1,415.45,-601.16,-628.531,-0.03,1037.6,TRUE,APPROACH
7/25/2026, 05:11:00,  +00:00,   HKFH,-2.9086208,37.9032402,3339,29.92,3609.4,17,87.77,87.75,-591.54,-5.79,2.1,0,0,156.1,155,28.5,2.2,56.89,74.07,31.08,156.45,87.03,416.15,1889.19,77.88,605.23,3546.5,94,  GPS,150.3,113.1,115.9,125.3,118,0.251,0.154,7.1,-179.3,2.2,164,-0.6,0,  NONE,   NONE,      ,      ,-641.7,     3D,3704,      ,       ,87,       ,87.77,3609.4,0,FALSE,1,416.15,-591.54,-615.303,0.02,1024.9,TRUE,APPROACH
7/25/2026, 05:11:01,  +00:00,   HKFH,-2.9089224,37.9033813,3331,29.92,3600.5,17,87.65,87.55,-588.07,-5.76,3.65,0.01,0,156.4,155.5,28.5,2.4,57.02,73.9,31.09,156.5,87.05,416.01,1890.28,77.89,605.15,3537.6,93,  GPS,150.3,113.1,115.9,125.3,118,0.25,0.151,6.97,-179.7,2.1,164,-0.6,0,  NONE,   NONE,      ,      ,-649.6,     3D,3704,      ,       ,87,       ,87.65,3600.5,0,FALSE,1,416.01,-588.07,-605.287,0,1016,TRUE,APPROACH
7/25/2026, 05:11:02,  +00:00,   HKFH,-2.9093423,37.9035683,3320,29.92,3588.1,17,87.47,87.28,-585.1,-5.58,4.93,-0.01,0.05,156.7,156.4,28.5,2.6,57.29,73.9,31.1,156.56,87.01,417.01,1888.2,77.87,605.22,3525,93,  GPS,150.3,113.1,115.9,125.3,118,0.249,0.146,6.84,179.9,2.1,164.1,-0.6,0,  NONE,   NONE,      ,      ,-669.3,     3D,3704,      ,       ,87,       ,87.47,3588.1,0,FALSE,1,417.01,-585.1,-598.415,0.05,1003.6,TRUE,APPROACH
7/25/2026, 05:11:04,  +00:00,   HKFH,-2.910042,37.9038582,3302,29.92,3568.8,17,86.88,87.18,-572.4,-5.89,5.21,0.01,0.01,158.6,158.4,28.5,1.6,57.56,73.72,31.13,156.66,87.05,417.12,1887.56,77.86,605.16,3505.8,93,  GPS,150.3,113.1,115.9,125.3,118,0.246,0.14,6.59,178.8,2.1,164.3,-0.6,0,  NONE,   NONE,      ,      ,-622,     3D,3704,      ,       ,87,       ,86.88,3568.8,0,FALSE,1,417.12,-572.4,-592.066,-0.04,984.3,TRUE,APPROACH
7/25/2026, 05:11:05,  +00:00,   HKFH,-2.9104202,37.904007,3291,29.92,3558.4,17,86.69,87.1,-581.35,-5.58,4.6,0,0.05,159.9,159.5,28.5,2.4,57.97,73.55,31.13,156.71,87.06,415.89,1891.84,77.88,605.28,3495.3,92,  GPS,150.3,113.1,115.9,125.3,118,0.244,0.134,6.47,178.2,2,164.3,-0.6,0,  NONE,   NONE,      ,      ,-626,     3D,3704,      ,       ,87,       ,86.69,3558.4,0,FALSE,1,415.89,-581.35,-588.515,0.04,973.9,TRUE,APPROACH
7/25/2026, 05:11:05,  +00:00,   HKFH,-2.9107969,37.9041405,3282,29.92,3549.3,17,86.86,86.95,-594.77,-5.75,2.96,0.01,0,160.9,160.6,28.5,2.6,58.37,73.2,31.15,156.74,87.08,415.07,1894.87,77.88,605.14,3486.2,93,  GPS,150.3,113.1,115.9,125.3,118,0.242,0.13,6.34,177.6,2,164.4,-0.6,0,  NONE,   NONE,      ,      ,-570.9,     3D,3704,      ,       ,87,       ,86.86,3549.3,0,FALSE,1,415.07,-594.77,-586.787,-0.05,964.8,TRUE,APPROACH
7/25/2026, 05:11:07,  +00:00,   HKFH,-2.9111941,37.904274,3272,29.92,3539.9,17,87.22,86.75,-601.19,-5.7,2.26,0.01,-0.04,161.7,161.4,28.5,2,58.78,72.85,31.17,156.79,87.09,415.95,1892.79,77.9,604.9,3476.9,93,  GPS,150.3,113.1,115.9,125.3,118,0.239,0.124,6.22,176.9,2,164.4,-0.6,0,  NONE,   NONE,      ,      ,-543.3,     3D,3704,      ,       ,87,       ,87.22,3539.9,0,FALSE,1,415.95,-601.19,-586.711,-0.04,955.4,TRUE,APPROACH
7/25/2026, 05:11:08,  +00:00,   HKFH,-2.9119382,37.9045219,3253,29.92,3520.5,17,86.98,86.37,-584.25,-5.9,0.04,0.01,-0.03,162.9,162.1,28.5,2.4,59.18,72.67,31.19,156.87,87,416.74,1889.82,77.88,604.93,3457.4,93,  GPS,150.3,113.1,115.9,125.3,118,0.235,0.117,6.01,175.5,1.9,164.5,-0.6,0,  NONE,   NONE,      ,      ,-594.5,     3D,3704,      ,       ,87,       ,86.98,3520.5,0,FALSE,1,416.74,-584.25,-588.394,0.01,936,TRUE,APPROACH
7/25/2026, 05:11:09,  +00:00,   HKFH,-2.912323,37.9046478,3243,29.92,3509.6,17,86.74,86.19,-585.32,-5.88,0.01,0,-0.01,162.7,162.2,28.5,2.5,59.58,72.15,31.18,156.91,87,417.18,1888.53,77.89,604.92,3446.6,92,  GPS,150.3,113.1,115.9,125.3,118,0.232,0.112,5.91,174.9,1.9,164.5,-0.6,0,  NONE,   NONE,      ,      ,-637.8,     3D,3704,      ,       ,87,       ,86.74,3509.6,0,FALSE,1,417.18,-585.32,-596.219,0.02,925.1,TRUE,APPROACH
7/25/2026, 05:11:11,  +00:00,   HKFH,-2.9127238,37.9047813,3233,29.92,3498.5,17,86.33,86.13,-583.88,-6,0.46,0,-0.04,162.4,162.3,28.5,2.2,59.85,71.8,31.19,156.95,87.01,417.41,1887.77,77.89,605.02,3434.7,92,  GPS,150.3,113.1,115.9,125.3,118,0.23,0.107,5.82,174.2,1.9,164.5,-0.6,0,  NONE,   NONE,      ,      ,-669.3,     3D,3704,      ,       ,87,       ,86.33,3498.5,0,FALSE,1,417.41,-583.88,-607.651,-0.03,914,TRUE,APPROACH
7/25/2026, 05:11:11,  +00:00,   HKFH,-2.9130971,37.9049034,3223,29.92,3485.9,17.2,85.91,86.03,-590.78,-5.95,0.41,0,0,162.5,162.4,28.5,1.6,60.13,71.8,31.2,156.99,87.01,416.85,1889.34,77.89,605.11,3422.9,91,  GPS,150.3,113.1,115.9,125.3,118,0.227,0.102,5.74,173.6,1.9,164.5,-0.6,0,  NONE,   NONE,      ,      ,-724.4,     3D,3704,      ,       ,87,       ,85.91,3485.9,0,FALSE,1,416.85,-590.78,-619.225,0.04,901.4,TRUE,APPROACH
7/25/2026, 05:11:12,  +00:00,   HKFH,-2.9134784,37.9050255,3211,29.92,3473.5,17.2,85.68,86.03,-604.9,-6.16,-0.62,0.01,-0.01,163,162.5,28.5,2.4,60.43,71.44,31.19,157.03,87.01,416.55,1888.66,77.88,605.11,3410.5,91,  GPS,150.3,113.1,115.9,125.3,118,0.225,0.096,5.65,173,1.8,164.6,-0.6,0,  NONE,   NONE,      ,      ,-744.1,     3D,3704,      ,       ,87,       ,85.68,3473.5,0,FALSE,1,416.55,-604.9,-630.376,-0.01,889,TRUE,APPROACH
7/25/2026, 05:11:14,  +00:00,   HKFH,-2.914227,37.9052696,3187,29.92,3448.9,17.2,85.36,86.25,-663.35,-6.49,-0.41,0,0.01,162.1,162.5,28.5,2.5,60.72,70.74,31.23,157.09,86.96,416.76,1888.32,77.87,605.24,3385.6,91,  GPS,150.3,113.1,115.9,125.3,118,0.22,0.084,5.49,171.9,1.8,164.6,-0.6,0,  NONE,   NONE,      ,      ,-759.8,     3D,3704,      ,       ,87,       ,85.36,3448.9,0,FALSE,1,416.76,-663.35,-642.447,0.02,864.4,TRUE,APPROACH
7/25/2026, 05:11:15,  +00:00,   HKFH,-2.9146218,37.9053993,3175,29.92,3435.7,17.2,85.23,86.54,-686.72,-6.65,-0.65,0,-0.01,161.7,162.5,28.5,1.5,60.72,70.74,31.24,157.13,86.96,416.67,1888.89,77.89,605.39,3372.7,91,  GPS,150.3,113.1,115.9,125.3,118,0.217,0.076,5.41,171.4,1.8,164.7,-0.6,0,  NONE,   NONE,      ,      ,-752,     3D,3704,      ,       ,87,       ,85.23,3435.7,0,FALSE,1,416.67,-686.72,-657.639,-0.02,851.2,TRUE,APPROACH
7/25/2026, 05:11:17,  +00:00,   HKFH,-2.9150066,37.9055252,3164,29.92,3423.2,17.2,85.14,86.83,-697.09,-6.79,0.03,0,-0.02,162.4,162.3,28.5,2.4,61.01,70.92,31.26,157.15,87,416.26,1889.96,77.9,605.29,3360.1,91,  GPS,150.3,113.1,115.9,125.3,118,0.215,0.071,5.33,170.8,1.7,164.7,-0.6,0,  NONE,   NONE,      ,      ,-755.9,     3D,3704,      ,       ,86.5,       ,85.14,3423.2,0,FALSE,1,416.26,-697.09,-672.706,-0.01,838.7,TRUE,APPROACH
7/25/2026, 05:11:18,  +00:00,   HKFH,-2.9153774,37.9056473,3151,29.92,3410.8,17.2,85.29,87.01,-706.28,-6.56,1.24,0.01,0,163.6,162.4,28.5,2.7,61.01,70.92,31.27,157.18,87.05,415.29,1892.7,77.89,605.31,3347.7,91,  GPS,150.3,113.1,115.9,125.3,118,0.212,0.062,5.24,170.2,1.7,164.7,-0.6,0,  NONE,   NONE,      ,      ,-779.5,     3D,3704,      ,       ,86.5,       ,85.29,3410.8,0,FALSE,1,415.29,-706.28,-686.718,0.02,826.3,TRUE,APPROACH
7/25/2026, 05:11:18,  +00:00,   HKFH,-2.9157767,37.9057732,3138,29.92,3397.2,17.2,85.59,87.14,-721.9,-6.15,1.38,0.01,-0.01,163.6,162.7,28.5,2.4,61.31,70.92,31.26,157.22,86.96,414.91,1892.79,77.87,605.18,3334.2,91,  GPS,150.3,113.1,115.9,125.3,118,0.21,0.056,5.15,169.6,1.7,164.8,-0.6,0,  NONE,   NONE,      ,      ,-779.5,     3D,3704,      ,       ,86.5,       ,85.59,3397.2,0,FALSE,1,414.91,-721.9,-698.214,-0.01,812.7,TRUE,APPROACH
7/25/2026, 05:11:20,  +00:00,   HKFH,-2.9161425,37.9058914,3126,29.92,3384.9,17.2,85.79,87.16,-736.17,-5.95,1.77,0,0.08,163,163,28.5,1.8,61.31,71.09,31.28,157.25,86.97,414.84,1893.18,77.88,605.39,3321.9,91,  GPS,150.3,113.1,115.9,125.3,118,0.207,0.05,5.06,169.2,1.7,164.8,-0.6,0,  NONE,   NONE,      ,      ,-779.5,     3D,3704,      ,       ,86.5,       ,85.79,3384.9,0,FALSE,1,414.84,-736.17,-707.108,0.09,800.4,TRUE,APPROACH
7/25/2026, 05:11:21,  +00:00,   HKFH,-2.9165387,37.9060097,3115,29.92,3372.9,17.2,86.06,87.24,-735.99,-6.14,0.96,0,0.01,162.9,163.4,28.5,2.4,61.31,71.09,31.28,157.29,87,414.47,1893.65,77.87,605.52,3309.9,91,  GPS,150.3,113.1,115.9,125.3,118,0.204,0.045,4.98,168.9,1.7,164.8,-0.6,0,  NONE,   NONE,      ,      ,-708.7,     3D,3704,      ,       ,86.5,       ,86.06,3372.9,0,FALSE,1,414.47,-735.99,-708.338,-0.07,788.4,TRUE,APPROACH
7/25/2026, 05:11:22,  +00:00,   HKFH,-2.9169266,37.9061279,3104,29.92,3361.9,17.2,86.28,87.32,-724,-6.25,0.15,0,-0.01,163.6,163.6,28.5,2.3,61.45,71.09,31.3,157.33,87,414.75,1892.87,77.87,605.63,3298.9,92,  GPS,150.3,113.1,115.9,125.3,118,0.202,0.039,4.9,168.5,1.6,164.8,-0.6,0,  NONE,   NONE,      ,      ,-665.4,     3D,3704,      ,       ,86.5,       ,86.28,3361.9,0,FALSE,1,414.75,-724,-705.432,-0.02,777.4,TRUE,APPROACH
7/25/2026, 05:11:22,  +00:00,   HKFH,-2.9173291,37.90625,3092,29.92,3350.9,17.2,86.42,87.41,-705.74,-6.22,-1.38,0.01,0,164.4,163.7,28.5,2.7,61.6,70.92,31.21,157.37,86.96,413.53,1891.76,77.8,605.04,3287.9,92,  GPS,150.3,113.1,115.9,125.3,118,0.199,0.032,4.83,168.1,1.6,164.8,-0.6,0,  NONE,   NONE,      ,      ,-641.7,     3D,3704,      ,       ,86.5,       ,86.42,3350.9,0,FALSE,1,413.53,-705.74,-700.123,0.01,766.4,TRUE,APPROACH
7/25/2026, 05:11:24,  +00:00,   HKFH,-2.9177175,37.9063683,3081,29.92,3340.5,17.2,86.46,87.43,-693.84,-6.36,-1.6,0.01,-0.03,164.8,163.6,28.5,1.7,61.6,70.74,31.12,157.41,86.91,411.99,1888.16,77.7,604.14,3277.3,92,  GPS,150.3,113.1,115.9,125.3,118,0.196,0.026,4.76,167.7,1.6,164.9,-0.6,0,  NONE,   NONE,      ,      ,-637.8,     3D,3704,      ,       ,86.5,       ,86.46,3340.5,0,FALSE,1,411.99,-693.84,-696.149,-0.03,756,TRUE,APPROACH
7/25/2026, 05:11:24,  +00:00,   HKFH,-2.918107,37.9064865,3071,29.92,3329.3,17.2,86.1,87.55,-675.65,-6.68,-1.16,0.01,-0.03,163.6,163.4,28.5,2.4,61.75,70.74,31.12,157.45,86.92,410.5,1889.16,77.72,604.31,3266.3,91,  GPS,150.3,113.1,115.9,125.3,118,0.193,0.022,4.69,167.5,1.6,164.9,-0.6,0,  NONE,   NONE,      ,      ,-669.3,     3D,3704,      ,       ,86.5,       ,86.1,3329.3,0,FALSE,1,410.5,-675.65,-692.437,0,744.8,TRUE,APPROACH
7/25/2026, 05:11:25,  +00:00,   HKFH,-2.9184954,37.9066086,3061,29.92,3317.5,17.5,85.72,87.65,-657.66,-7.02,-2.04,-0.01,-0.02,162.6,163.2,28.5,2.4,61.75,70.39,31.12,157.49,87,408.71,1892.88,77.69,604.39,3254.5,91,  GPS,150.3,113.1,115.9,125.3,118,0.191,0.017,4.61,167.4,1.5,164.9,-0.6,0,  NONE,   NONE,      ,      ,-708.7,     3D,3704,      ,       ,86.5,       ,85.72,3317.5,0,FALSE,1,408.71,-657.66,-690.369,0.01,733,TRUE,APPROACH
7/25/2026, 05:11:27,  +00:00,   HKFH,-2.918885,37.9067345,3050,29.92,3305.3,17.5,85.63,87.9,-644,-7.37,-0.42,0,-0.02,163.3,162.8,28.5,2.8,61.75,69.89,31.13,157.53,86.97,407.74,1893.94,77.66,604.43,3242.3,91,  GPS,150.3,113.1,115.9,125.3,118,0.188,0.012,4.54,167.3,1.5,164.9,-0.6,0,  NONE,   NONE,      ,      ,-724.4,     3D,3704,      ,       ,86.5,       ,85.63,3305.3,0,FALSE,1,407.74,-644,-689.721,0,720.8,TRUE,APPROACH
7/25/2026, 05:11:28,  +00:00,   HKFH,-2.9196684,37.9069862,3026,29.92,3280,17.5,85.87,88.6,-666.54,-7.36,0.04,0.01,-0.03,163,162.9,28.5,2.3,61.75,69.14,31.17,157.63,86.9,408,1891.99,77.67,604.89,3216.9,91,  GPS,150.3,113.1,115.9,125.3,118,0.183,-0.001,4.38,167.2,1.5,165,-0.6,0,  NONE,   NONE,      ,      ,-759.8,     3D,3704,      ,       ,86.5,       ,85.87,3280,0,FALSE,1,408,-666.54,-691.36,-0.01,695.5,TRUE,APPROACH
7/25/2026, 05:11:30,  +00:00,   HKFH,-2.9200492,37.9071045,3014,29.92,3267.3,17.5,85.82,88.87,-684.78,-7.25,0.57,0,-0.02,162.8,163,28.5,2.3,61.75,68.84,31.13,157.67,86.96,407.25,1892.75,77.65,604.88,3204.1,91,  GPS,150.3,113.1,115.9,125.3,118,0.18,-0.007,4.29,167.2,1.4,165,-0.6,0,  NONE,   NONE,      ,      ,-795.3,     3D,3704,      ,       ,86.5,       ,85.82,3267.3,0,FALSE,1,407.25,-684.78,-693.967,0.01,682.8,TRUE,APPROACH
7/25/2026, 05:11:31,  +00:00,   HKFH,-2.9205163,37.9072495,2998,29.92,3250,17.5,86.06,89.05,-715.49,-6.34,1.41,0,0.1,162.9,163.2,28.5,2.5,61.75,68.84,31.08,157.72,86.95,404.85,1893.83,77.57,604.05,3187,91,  GPS,150.3,113.1,115.9,125.3,118,0.177,-0.016,4.2,167.2,1.4,165.1,-0.6,0,  NONE,   NONE,      ,      ,-854.3,     3D,3704,      ,       ,86.5,       ,86.06,3250,0,FALSE,1,404.85,-715.49,-695.485,0.12,665.5,TRUE,APPROACH
7/25/2026, 05:11:32,  +00:00,   HKFH,-2.9208655,37.9073563,2987,29.92,3239.4,17.5,86.42,89.3,-729.51,-6.58,1.75,0,0.02,163.2,163.5,28.5,2.1,61.75,68.69,31.09,157.75,86.92,403.39,1895.52,77.55,604.24,3176.4,92,  GPS,150.3,113.1,115.9,125.3,118,0.175,-0.023,4.11,167.2,1.4,165.1,-0.6,0,  NONE,   NONE,      ,      ,-752,     3D,3704,      ,       ,86.5,       ,86.42,3239.4,0,FALSE,1,403.39,-729.51,-696.314,-0.08,654.9,TRUE,APPROACH
7/25/2026, 05:11:33,  +00:00,   HKFH,-2.9212558,37.9074707,2976,29.92,3228.9,17.5,86.84,89.46,-740.39,-6.41,0.83,0,0.03,163.6,163.8,28.5,2.2,61.6,68.69,31.1,157.8,86.92,402.48,1895.67,77.54,604.52,3165.9,92,  GPS,150.3,113.1,115.9,125.3,118,0.172,-0.029,4.02,167,1.4,165.1,-0.6,0,  NONE,   NONE,      ,      ,-661.4,     3D,3704,      ,       ,86.5,       ,86.84,3228.9,0,FALSE,1,402.48,-740.39,-696.858,0.01,644.4,TRUE,APPROACH
7/25/2026, 05:11:34,  +00:00,   HKFH,-2.921654,37.9075928,2965,29.92,3218.8,17.5,87.07,89.61,-731.81,-6.72,0.36,0.01,0,164.2,164.1,28.5,2.4,61.45,68.69,31.17,157.84,86.88,403.87,1893.62,77.59,605.16,3155.8,92,  GPS,150.3,113.1,115.9,125.3,118,0.169,-0.034,3.93,166.8,1.3,165.2,-0.6,0,  NONE,   NONE,      ,      ,-610.2,     3D,3704,      ,       ,86.5,       ,87.07,3218.8,0,FALSE,1,403.87,-731.81,-696.405,-0.03,634.3,TRUE,APPROACH
7/25/2026, 05:11:34,  +00:00,   HKFH,-2.9220407,37.9077034,2954,29.92,3208.7,17.5,87.01,89.67,-709.02,-6.83,-0.03,0.01,0,164.4,164.2,28.5,2.9,61.31,68.69,31.23,157.88,86.85,405.36,1893.16,77.65,605.64,3145.7,92,  GPS,150.3,113.1,115.9,125.3,118,0.166,-0.038,3.83,166.5,1.3,165.2,-0.6,0,  NONE,   NONE,      ,      ,-622,     3D,3704,      ,       ,86.5,       ,87.01,3208.7,0,FALSE,1,405.36,-709.02,-693.785,0,624.2,TRUE,APPROACH
7/25/2026, 05:11:36,  +00:00,   HKFH,-2.9224651,37.9078217,2944,29.92,3197.8,17.5,86.93,89.75,-683.94,-6.48,0.66,0.01,0.01,163.9,164.4,28.5,2.2,61.16,68.84,31.26,157.92,86.95,406.31,1894.22,77.69,605.51,3134,92,  GPS,150.3,113.1,115.9,125.3,118,0.163,-0.045,3.73,166.3,1.3,165.2,-0.6,0,  NONE,   NONE,      ,      ,-657.5,     3D,3704,      ,       ,86.5,       ,86.93,3197.8,0,FALSE,1,406.31,-683.94,-689.608,0.01,613.3,TRUE,APPROACH
7/25/2026, 05:11:37,  +00:00,   HKFH,-2.9228649,37.9079399,2934,29.92,3186.4,17.5,86.92,89.73,-663.1,-6.2,-0.07,0,0.06,163.5,164.5,28.5,2.4,61.01,68.99,31.28,157.95,86.92,406.11,1897.89,77.69,605.45,3122.8,92,  GPS,150.3,113.1,115.9,125.3,118,0.16,-0.049,3.63,166.1,1.3,165.2,-0.6,0,  NONE,   NONE,      ,      ,-681.1,     3D,3704,      ,       ,86.5,       ,86.92,3186.4,0,FALSE,1,406.11,-663.1,-680.951,0.05,601.9,TRUE,APPROACH
7/25/2026, 05:11:38,  +00:00,   HKFH,-2.923269,37.9080544,2924,29.92,3175.2,17.5,87.14,89.65,-639.47,-6.04,-0.03,0.01,-0.03,164.9,164.5,28.5,2.1,61.01,68.99,31.29,157.99,87,406.34,1897.98,77.69,605.4,3112.1,92,  GPS,150.3,113.1,115.9,125.3,118,0.157,-0.055,3.54,165.8,1.2,165.2,-0.6,0,  NONE,   NONE,      ,      ,-641.7,     3D,3704,      ,       ,86.5,       ,87.14,3175.2,0,FALSE,1,406.34,-639.47,-669.009,-0.09,590.7,TRUE,APPROACH
7/25/2026, 05:11:38,  +00:00,   HKFH,-2.9236562,37.9081688,2912,29.92,3164,17.8,87.49,89.36,-640.34,-5.39,0.81,0.01,0.03,165.2,164.6,28.5,2.9,61.01,69.14,31.33,158.02,86.96,407.78,1895.38,77.7,605.49,3100.9,93,  GPS,150.3,113.1,115.9,125.3,118,0.154,-0.059,3.45,165.4,1.2,165.2,-0.6,0,  NONE,   NONE,      ,      ,-685,     3D,3704,      ,       ,86.5,       ,87.49,3164,0,FALSE,1,407.78,-640.34,-655.219,0.06,579.5,TRUE,APPROACH
7/25/2026, 05:11:40,  +00:00,   HKFH,-2.9240558,37.9082794,2902,29.92,3153.9,17.8,87.81,89.09,-643.01,-5.61,-0.44,0,0.08,164.7,164.8,28.5,2.4,61.01,69.29,31.34,158.06,86.89,407.92,1895.13,77.7,605.47,3090.9,93,  GPS,150.3,113.1,115.9,125.3,118,0.151,-0.064,3.37,165,1.2,165.2,-0.6,0,  NONE,   NONE,      ,      ,-606.3,     3D,3704,      ,       ,86.5,       ,87.81,3153.9,0,FALSE,1,407.92,-643.01,-641.533,0.05,569.4,TRUE,APPROACH
7/25/2026, 05:11:40,  +00:00,   HKFH,-2.9244533,37.90839,2893,29.92,3144.9,17.8,88.02,88.87,-628.92,-5.87,-1.88,0.01,-0.06,165,164.8,28.5,2.3,61.01,69.29,31.23,158.1,86.92,407.51,1891.97,77.62,605.16,3081.8,93,  GPS,150.3,113.1,115.9,125.3,118,0.148,-0.067,3.3,164.8,1.2,165.2,-0.6,0,  NONE,   NONE,      ,      ,-539.4,     3D,3704,      ,       ,86.5,       ,88.02,3144.9,0,FALSE,1,407.51,-628.92,-629.21,-0.14,560.4,TRUE,APPROACH
7/25/2026, 05:11:41,  +00:00,   HKFH,-2.9248488,37.9085083,2883,29.92,3134.7,17.8,87.89,88.52,-610.09,-5.73,-2.01,0.01,-0.04,165.3,164.5,28.5,2.2,61.16,69.29,30.92,158.14,86.83,402.76,1887.13,77.34,602.83,3071.7,93,  GPS,150.3,113.1,115.9,125.3,118,0.145,-0.071,3.25,164.7,1.1,165.3,-0.6,0,  NONE,   NONE,      ,      ,-606.3,     3D,3704,      ,       ,86.5,       ,87.89,3134.7,0,FALSE,1,402.76,-610.09,-619.804,0.02,550.2,TRUE,APPROACH
7/25/2026, 05:11:43,  +00:00,   HKFH,-2.9252417,37.9086227,2872,29.92,3123.2,17.8,87.65,88.11,-602.49,-5.75,-1.79,0.01,-0.05,164.6,164.3,28.5,2.9,61.31,69.29,30.7,158.17,86.83,396.21,1885.11,77.1,600.86,3060.1,93,  GPS,150.3,113.1,115.9,125.3,118,0.142,-0.077,3.2,164.6,1.1,165.3,-0.6,0,  NONE,   NONE,      ,      ,-681.1,     3D,3704,      ,       ,86.5,       ,87.65,3123.2,0,FALSE,1,396.21,-602.49,-615.116,-0.01,538.7,TRUE,APPROACH
7/25/2026, 05:11:44,  +00:00,   HKFH,-2.9256337,37.9087334,2863,29.92,3111.5,17.8,87.19,87.86,-594.95,-6.35,1.74,0,0,163.4,164.1,28.5,2.5,61.31,69.29,30.6,158.21,86.79,389.54,1888.28,77,600.96,3048.5,92,  GPS,150.3,113.1,115.9,125.3,118,0.139,-0.081,3.16,164.8,1.1,165.3,-0.6,0,  NONE,   NONE,      ,      ,-700.8,     3D,3704,      ,       ,86.5,       ,87.19,3111.5,0,FALSE,1,389.54,-594.95,-616.869,0.05,527,TRUE,APPROACH
7/25/2026, 05:11:44,  +00:00,   HKFH,-2.9260259,37.9088478,2853,29.92,3100,17.8,86.73,87.8,-585.79,-6.82,2.16,0,0.05,163.3,164.3,28.5,2.3,61.6,69.29,30.51,158.24,86.91,385.1,1889.8,76.9,601.71,3037,92,  GPS,150.3,113.1,115.9,125.3,118,0.136,-0.085,3.13,164.9,1.1,165.3,-0.6,0,  NONE,   NONE,      ,      ,-692.9,     3D,3704,      ,       ,86.5,       ,86.73,3100,0,FALSE,1,385.1,-585.79,-622.784,0.05,515.5,TRUE,APPROACH
7/25/2026, 05:11:46,  +00:00,   HKFH,-2.9264193,37.9089622,2842,29.92,3088.2,17.8,86.23,87.94,-589.88,-7.33,0.98,0,-0.06,164.2,164.7,28.5,2.2,61.89,69.14,30.27,158.28,86.83,378.99,1887.14,76.65,600.65,3025.1,91,  GPS,150.3,113.1,115.9,125.3,118,0.133,-0.09,3.1,164.8,1,165.3,-0.6,0,  NONE,   NONE,      ,      ,-712.6,     3D,3704,      ,       ,86.5,       ,86.23,3088.2,0,FALSE,1,378.99,-589.88,-633.176,-0.11,503.7,TRUE,APPROACH
7/25/2026, 05:11:47,  +00:00,   HKFH,-2.926795,37.9090652,2830,29.92,3075.5,17.8,85.97,88.02,-616.22,-7.24,1.37,0.01,-0.04,165.1,164.9,28.5,2.8,62.04,69.14,30.19,158.31,86.76,373.79,1885.59,76.53,600.58,3012.4,91,  GPS,150.3,113.1,115.9,125.3,118,0.13,-0.096,3.08,164.5,1,165.4,-0.6,0,  NONE,   NONE,      ,      ,-783.5,     3D,3704,      ,       ,86.5,       ,85.97,3075.5,0,FALSE,1,373.79,-616.22,-647.669,0.02,491,TRUE,APPROACH
7/25/2026, 05:11:48,  +00:00,   HKFH,-2.927217,37.9091797,2817,29.92,3061,18,85.93,88.08,-657,-6.71,0.19,0,0.01,165.7,165.2,28.5,2.5,62.33,68.99,30.18,158.33,86.79,369.63,1890.04,76.52,601.43,2997.1,91,  GPS,150.3,113.1,115.9,125.3,118,0.127,-0.105,3.04,164.1,1,165.4,-0.6,0,  NONE,   NONE,      ,      ,-858.3,     3D,3704,      ,       ,86.5,       ,85.93,3061,0,FALSE,1,369.63,-657,-663.003,0.05,476.5,TRUE,APPROACH
7/25/2026, 05:11:49,  +00:00,   HKFH,-2.9275904,37.9092789,2804,29.92,3047,18,86.04,88.1,-699.49,-6.32,-1.27,0,0,166.4,165.3,28.5,2.4,62.63,68.99,30.17,158.35,86.83,366.83,1893.57,76.49,602.19,2983.7,91,  GPS,150.3,113.1,115.9,125.3,118,0.124,-0.111,3.01,163.9,1,165.4,-0.6,0,  NONE,   NONE,      ,      ,-854.3,     3D,3704,      ,       ,86.5,       ,86.04,3047,0,FALSE,1,366.83,-699.49,-676.025,-0.01,462.5,TRUE,APPROACH
7/25/2026, 05:11:50,  +00:00,   HKFH,-2.927999,37.9093933,2789,29.92,3032.8,18,86.3,88,-746.93,-5.95,-0.76,0,0.04,166.6,165.2,28.5,2.2,62.63,68.99,30.2,158.38,86.79,366.14,1891.75,76.48,602.82,2969.7,91,  GPS,150.3,113.1,115.9,125.3,118,0.121,-0.122,2.98,163.8,0.9,165.4,-0.6,0,  NONE,   NONE,      ,      ,-815,     3D,3704,      ,       ,86.5,       ,86.3,3032.8,0,FALSE,1,366.14,-746.93,-685.893,0.04,448.3,TRUE,APPROACH
7/25/2026, 05:11:51,  +00:00,   HKFH,-2.9287744,37.9096107,2765,29.92,3009.6,18,86.18,87.9,-773.85,-5.98,-3.11,0,-0.05,164.8,164.9,28.5,2.5,62.92,68.84,30.27,158.45,86.75,365.91,1891.38,76.51,604.23,2946.6,91,  GPS,150.3,113.1,115.9,125.3,118,0.115,-0.134,2.93,164.4,0.9,165.4,-0.6,0,  NONE,   NONE,      ,      ,-677.2,     3D,3704,      ,       ,86.5,       ,86.18,3009.6,0,FALSE,1,365.91,-773.85,-694.421,-0.09,425.1,TRUE,APPROACH
7/25/2026, 05:11:53,  +00:00,   HKFH,-2.9291866,37.9097252,2752,29.92,2996.9,18,86.08,87.53,-763.43,-5.38,-1.8,0,0,163.9,164.2,28.5,2.4,63.07,68.84,30.34,158.49,86.76,366.89,1891.33,76.57,604.73,2933.8,91,  GPS,150.3,113.1,115.9,125.3,118,0.111,-0.142,2.91,165.1,0.9,165.4,-0.6,0,  NONE,   NONE,      ,      ,-724.4,     3D,3704,      ,       ,86.5,       ,86.08,2996.9,0,FALSE,1,366.89,-763.43,-701.27,0.05,412.4,TRUE,APPROACH
7/25/2026, 05:11:53,  +00:00,   HKFH,-2.9295652,37.9098434,2743,29.92,2985.3,18,85.77,87.28,-732.71,-5.48,-1.14,0,0,163.6,163.9,28.5,2.2,63.07,68.84,30.4,158.53,86.79,368.67,1889.6,76.61,604.99,2922.3,91,  GPS,150.3,113.1,115.9,125.3,118,0.109,-0.146,2.88,165.7,0.8,165.5,-0.6,0,  NONE,   NONE,      ,      ,-716.5,     3D,3704,      ,       ,86.5,       ,85.77,2985.3,0,FALSE,1,368.67,-732.71,-702.52,0,400.8,TRUE,APPROACH
7/25/2026, 05:11:55,  +00:00,   HKFH,-2.9299607,37.9099617,2732,29.92,2973.5,18,85.36,87.14,-693.63,-5.6,-0.27,0,-0.01,163.5,163.6,28.5,2.6,63.07,68.84,30.44,158.57,86.71,370.31,1886.89,76.63,605.31,2910.4,90,  GPS,150.3,113.1,115.9,125.3,118,0.106,-0.151,2.86,166.1,0.8,165.5,-0.6,0,  NONE,   NONE,      ,      ,-689,     3D,3704,      ,       ,86.5,       ,85.36,2973.5,0,FALSE,1,370.31,-693.63,-697.504,-0.01,389,TRUE,APPROACH
7/25/2026, 05:11:56,  +00:00,   HKFH,-2.930347,37.91008,2721,29.92,2962.9,18,85.05,87.01,-671.07,-5.6,-0.08,0,0.01,163.5,163.5,28.5,2.7,63.21,68.84,30.47,158.62,86.74,369.77,1891.67,76.64,605.33,2899.4,90,  GPS,150.3,113.1,115.9,125.3,118,0.103,-0.158,2.83,166.5,0.8,165.6,-0.6,0,  NONE,   NONE,      ,      ,-669.3,     3D,3704,      ,       ,86.5,       ,85.05,2962.9,0,FALSE,1,369.77,-671.07,-686.839,0.02,378.4,TRUE,APPROACH
7/25/2026, 05:11:57,  +00:00,   HKFH,-2.9307835,37.9102135,2709,29.92,2950.4,18.2,85.04,86.75,-658.37,-5.27,-0.04,0,0,163.8,163.5,28.5,2.2,63.21,68.99,30.48,158.68,86.79,370.31,1891.04,76.67,605.31,2887.4,90,  GPS,150.3,113.1,115.9,125.3,118,0.1,-0.161,2.79,166.7,0.8,165.6,-0.6,0,  NONE,   NONE,      ,      ,-637.8,     3D,3704,      ,       ,86.5,       ,85.04,2950.4,0,FALSE,1,370.31,-658.37,-670.54,-0.01,365.9,TRUE,APPROACH
7/25/2026, 05:11:59,  +00:00,   HKFH,-2.9314775,37.9104271,2692,29.92,2933.2,18.2,84.99,86.5,-628.72,-5.78,1.65,0,-0.01,164.1,163.8,28.5,2.4,63.36,68.99,30.47,158.77,86.76,370.76,1889.83,76.62,605.23,2870.1,90,  GPS,150.3,113.1,115.9,125.3,118,0.095,-0.168,2.73,167.3,0.7,165.8,-0.6,0,  NONE,   NONE,      ,      ,-563,     3D,3704,      ,       ,86,       ,84.99,2933.2,0,FALSE,1,370.76,-628.72,-650.845,-0.01,348.7,TRUE,APPROACH
7/25/2026, 05:11:59,  +00:00,   HKFH,-2.9318671,37.9105415,2683,29.92,2923.4,18.2,85.08,86.38,-606.84,-6.03,-0.89,0,-0.03,164.6,163.9,28.5,2.8,63.36,68.99,30.5,158.81,86.75,371.42,1887.46,76.58,605.47,2860.3,90,  GPS,150.3,113.1,115.9,125.3,118,0.093,-0.173,2.71,167.7,0.7,165.9,-0.6,0,  NONE,   NONE,      ,      ,-578.7,     3D,3704,      ,       ,86,       ,85.08,2923.4,0,FALSE,1,371.42,-606.84,-633.017,-0.02,338.9,TRUE,APPROACH
7/25/2026, 05:12:00,  +00:00,   HKFH,-2.9322636,37.9106598,2672,29.92,2912.3,18.2,84.86,86.29,-592.84,-6.15,0.49,0,0.03,164.5,164,28.5,2.3,63.21,69.14,30.52,158.85,86.72,371.42,1887.38,76.66,605.54,2849.2,90,  GPS,150.3,113.1,115.9,125.3,118,0.09,-0.179,2.68,168.1,0.7,165.9,-0.6,0,  NONE,   NONE,      ,      ,-637.8,     3D,3704,      ,       ,86,       ,84.86,2912.3,0,FALSE,1,371.42,-592.84,-621.273,0.06,327.8,TRUE,APPROACH
7/25/2026, 05:12:02,  +00:00,   HKFH,-2.9326503,37.9107742,2664,29.92,2901.9,18.2,84.57,86.44,-583.94,-6.94,0.59,-0.01,-0.06,163.9,164,28.5,2.1,63.21,69.29,30.51,158.89,86.74,371.58,1886.67,76.63,605.53,2838.8,89,  GPS,150.3,113.1,115.9,125.3,118,0.087,-0.181,2.65,168.7,0.6,166,-0.6,0,  NONE,   NONE,      ,      ,-622,     3D,3704,      ,       ,86,       ,84.57,2901.9,0,FALSE,1,371.58,-583.94,-617.45,-0.09,317.4,TRUE,APPROACH
7/25/2026, 05:12:03,  +00:00,   HKFH,-2.9330461,37.9108887,2653,29.92,2890.9,18.2,84.13,86.66,-576.9,-7.51,0.77,-0.02,0.01,163.6,164.2,28.5,2.3,63.21,69.44,30.5,158.92,86.75,370.82,1889.21,76.65,605.51,2827,89,  GPS,150.3,113.1,115.9,125.3,118,0.084,-0.188,2.62,169.3,0.6,166.1,-0.6,0,  NONE,   NONE,      ,      ,-681.1,     3D,3704,      ,       ,86,       ,84.13,2890.9,0,FALSE,1,370.82,-576.9,-620.197,0.07,306.4,TRUE,APPROACH
7/25/2026, 05:12:03,  +00:00,   HKFH,-2.9334249,37.9109993,2642,29.92,2878.3,18.2,84.02,87.01,-585.15,-7.83,1.52,0,-0.06,164.4,164.1,28.5,2.7,63.21,69.44,30.52,158.95,86.9,369.76,1893.69,76.66,605.55,2815.2,89,  GPS,150.3,113.1,115.9,125.3,118,0.081,-0.192,2.58,169.8,0.6,166.1,-0.6,0,  NONE,   NONE,      ,      ,-728.3,     3D,3704,      ,       ,86,       ,84.02,2878.3,0,FALSE,1,369.76,-585.15,-626.421,-0.07,293.8,TRUE,FINAL_APPROACH
7/25/2026, 05:12:05,  +00:00,   HKFH,-2.9338138,37.9111176,2630,29.92,2864.3,18.2,84.35,87.18,-615.27,-6.5,1.22,0,0.04,165.3,164.3,28.5,2.3,63.36,69.44,30.53,158.99,86.8,369.9,1893.62,76.66,605.25,2801.2,89,  GPS,150.3,113.1,115.9,125.3,118,0.078,-0.199,2.54,170.1,0.6,166.2,-0.6,0,  NONE,   NONE,      ,      ,-834.6,     3D,3704,      ,       ,86,       ,84.35,2864.3,0,FALSE,1,369.9,-615.27,-632.946,0.1,279.8,TRUE,FINAL_APPROACH
7/25/2026, 05:12:06,  +00:00,   HKFH,-2.9342048,37.9112244,2617,29.92,2851.3,18.2,84.8,87.41,-655.4,-6.44,-1.79,0,-0.04,165.7,164.5,28.5,2.1,63.36,69.44,30.55,159.01,86.82,370.06,1893,76.65,605.08,2788.2,89,  GPS,150.3,113.1,115.9,125.3,118,0.075,-0.206,2.5,170.5,0.6,166.3,-0.6,0,  NONE,   NONE,      ,      ,-787.4,     3D,3704,      ,       ,86,       ,84.8,2851.3,0,FALSE,1,370.06,-655.4,-640.282,-0.08,266.8,TRUE,FINAL_APPROACH
7/25/2026, 05:12:06,  +00:00,   HKFH,-2.9345965,37.9113388,2604,29.92,2838.9,18.2,84.99,87.51,-698.54,-5.88,0.57,0.02,0.07,165,164.6,28.5,2.1,63.36,69.44,30.58,159.04,86.75,370.32,1891.78,76.65,605.23,2775.8,90,  GPS,150.3,113.1,115.9,125.3,118,0.072,-0.214,2.47,171.1,0.5,166.4,-0.6,0,  NONE,   NONE,      ,      ,-744.1,     3D,3704,      ,       ,86,       ,84.99,2838.9,0,FALSE,1,370.32,-698.54,-647.55,0.11,254.4,TRUE,FINAL_APPROACH
7/25/2026, 05:12:08,  +00:00,   HKFH,-2.9349887,37.9114494,2593,29.92,2828.3,18.5,84.96,87.65,-720.61,-6.24,-1.47,-0.02,-0.02,163.3,164.6,28.5,2.7,63.51,69.44,30.61,159.06,86.79,370.2,1892.51,76.67,605.58,2765.3,90,  GPS,150.3,113.1,115.9,125.3,118,0.069,-0.219,2.43,171.8,0.5,166.4,-0.6,0,  NONE,   NONE,      ,      ,-641.7,     3D,3704,      ,       ,86,       ,84.96,2828.3,0,FALSE,1,370.2,-720.61,-653.806,-0.09,243.8,TRUE,FINAL_APPROACH
7/25/2026, 05:12:09,  +00:00,   HKFH,-2.9357674,37.9116783,2571,29.92,2806.7,18.5,85.57,87.3,-693.97,-5.57,-0.6,0,-0.01,165.5,164,28.5,2.1,63.51,69.44,30.63,159.12,86.74,370.27,1894.89,76.68,605.72,2743.6,90,  GPS,150.3,113.1,115.9,125.3,118,0.064,-0.23,2.37,172.9,0.5,166.7,-0.6,0,  NONE,   NONE,      ,      ,-645.7,     3D,3704,      ,       ,86,       ,85.57,2806.7,0,FALSE,1,370.27,-693.97,-658.537,0.01,222.2,TRUE,FINAL_APPROACH
7/25/2026, 05:12:11,  +00:00,   HKFH,-2.9361546,37.9117966,2561,29.92,2796.2,18.5,85.82,87.01,-680.2,-5.36,-0.92,0.01,-0.02,165.6,163.9,28.5,2,63.8,69.14,30.65,159.15,86.72,370.58,1894.02,76.69,605.68,2733.2,90,  GPS,150.3,113.1,115.9,125.3,118,0.061,-0.235,2.34,173.3,0.4,166.9,-0.6,0,  NONE,   NONE,      ,      ,-626,     3D,3704,      ,       ,86,       ,85.82,2796.2,0,FALSE,1,370.58,-680.2,-661.82,-0.01,211.7,TRUE,FINAL_APPROACH
7/25/2026, 05:12:12,  +00:00,   HKFH,-2.9365416,37.911911,2550,29.92,2785.9,18.5,85.85,86.73,-665.52,-5.94,-1.37,0,-0.02,164.8,163.8,28.5,2.9,63.95,68.99,30.64,159.18,86.72,371.16,1893.4,76.68,605.73,2722.8,90,  GPS,150.3,113.1,115.9,125.3,118,0.058,-0.241,2.33,174,0.4,167,-0.6,0,  NONE,   NONE,      ,      ,-618.1,     3D,3704,      ,       ,86,       ,85.85,2785.9,0,FALSE,1,371.16,-665.52,-662.157,0,201.4,TRUE,FINAL_APPROACH
7/25/2026, 05:12:13,  +00:00,   HKFH,-2.9369135,37.9120255,2541,29.92,2776.1,18.5,85.7,86.58,-646.5,-6.17,-0.94,0,-0.01,164.2,163.4,28.5,2.2,63.95,68.99,30.56,159.22,86.71,370.99,1889.26,76.58,605.02,2712.8,90,  GPS,150.3,113.1,115.9,125.3,118,0.055,-0.243,2.32,175.1,0.4,167.3,-0.6,0,  NONE,   NONE,      ,      ,-645.7,     3D,3704,      ,       ,86,       ,85.7,2776.1,0,FALSE,1,370.99,-646.5,-659.783,0.01,191.6,TRUE,FINAL_APPROACH
7/25/2026, 05:12:14,  +00:00,   HKFH,-2.937319,37.9121513,2531,29.92,2764.4,18.5,85.27,86.52,-624.21,-6.79,1.38,0,-0.06,164.4,163.3,28.5,2.2,64.09,68.84,30.5,159.26,86.69,369.75,1886.34,76.55,604.54,2700.7,90,  GPS,150.3,113.1,115.9,125.3,118,0.052,-0.25,2.32,176.2,0.4,167.5,-0.6,0,  NONE,   NONE,      ,      ,-677.2,     3D,3704,      ,       ,86,       ,85.27,2764.4,0,FALSE,1,369.75,-624.21,-659.512,-0.05,179.9,TRUE,FINAL_APPROACH
7/25/2026, 05:12:15,  +00:00,   HKFH,-2.937695,37.9122658,2520,29.92,2752,18.5,84.87,86.58,-617.98,-6.6,2.98,0,0.05,164.2,163.6,28.5,2.2,64.09,68.84,30.52,159.31,86.66,368.33,1888.61,76.55,604.6,2688.7,89,  GPS,150.3,113.1,115.9,125.3,118,0.05,-0.254,2.33,177.3,0.3,167.8,-0.6,0,  NONE,   NONE,      ,      ,-728.3,     3D,3704,      ,       ,86,       ,84.87,2752,0,FALSE,1,368.33,-617.98,-659.067,0.11,167.5,TRUE,FINAL_APPROACH
7/25/2026, 05:12:15,  +00:00,   HKFH,-2.9380822,37.9123802,2509,29.92,2739.6,18.5,84.51,86.73,-618.64,-6.57,0.66,-0.02,-0.07,163.9,164,28.5,2.7,64.24,68.54,30.52,159.35,86.75,367.53,1889.04,76.51,604.83,2676.5,89,  GPS,150.3,113.1,115.9,125.3,118,0.047,-0.26,2.33,178.5,0.3,168.1,-0.6,0,  NONE,   NONE,      ,      ,-736.2,     3D,3704,      ,       ,86,       ,84.51,2739.6,0,FALSE,1,367.53,-618.64,-659.627,-0.12,155.1,TRUE,FINAL_APPROACH
7/25/2026, 05:12:17,  +00:00,   HKFH,-2.9385087,37.9125061,2496,29.92,2725.1,18.8,84.32,86.79,-631.66,-6.3,0.73,-0.01,0.04,165,164.4,28.5,2.2,64.53,68.39,30.54,159.4,86.71,366.68,1889.93,76.5,605.16,2662,89,  GPS,150.3,113.1,115.9,125.3,118,0.044,-0.266,2.34,179.5,0.3,168.5,-0.6,0,  NONE,   NONE,      ,      ,-787.4,     3D,3704,      ,       ,86,       ,84.32,2725.1,0,FALSE,1,366.68,-631.66,-657.551,0.11,140.6,TRUE,FINAL_APPROACH
7/25/2026, 05:12:19,  +00:00,   HKFH,-2.939254,37.9127197,2470,29.92,2701.6,18.8,84.88,86.79,-695.83,-5.3,1.54,0,0.08,165.6,164.2,28.5,2,64.68,68.09,30.55,159.48,86.71,365.26,1892.27,76.5,605.92,2638.5,89,  GPS,150.3,113.1,115.9,125.3,118,0.038,-0.282,2.34,-178.7,0.2,169.3,-0.6,0,  NONE,   NONE,      ,      ,-716.5,     3D,3704,      ,       ,86,       ,84.88,2701.6,0,FALSE,1,365.26,-695.83,-652.954,0.04,117.1,TRUE,FINAL_APPROACH
7/25/2026, 05:12:19,  +00:00,   HKFH,-2.9396319,37.9128304,2461,29.92,2691.5,18.8,85.24,86.6,-716.16,-5.1,0.85,0,0.01,164.9,164.4,28.5,2.8,64.97,67.64,30.56,159.52,86.75,364.62,1893.52,76.5,606.17,2628.4,90,  GPS,150.3,113.1,115.9,125.3,118,0.036,-0.286,2.34,-177.7,0.2,169.8,-0.6,0,  NONE,   NONE,      ,      ,-626,     3D,3704,      ,       ,86,       ,85.24,2691.5,0,FALSE,1,364.62,-716.16,-645.433,-0.07,107,TRUE,FINAL_APPROACH
7/25/2026, 05:12:21,  +00:00,   HKFH,-2.940026,37.912941,2452,29.92,2682,18.8,85.47,86.29,-699.57,-4.49,-0.05,0,0.05,165.7,164.4,28.5,2.3,65.12,67.2,30.56,159.55,86.71,365.15,1891.51,76.48,606.3,2618.5,90,  GPS,150.3,113.1,115.9,125.3,118,0.033,-0.291,2.35,-176.6,0.2,170.5,-0.6,0,  NONE,   NONE,      ,      ,-582.7,     3D,3704,      ,       ,86,       ,85.47,2682,0,FALSE,1,365.15,-699.57,-635.336,0.04,97.5,TRUE,FINAL_APPROACH
7/25/2026, 05:12:21,  +00:00,   HKFH,-2.9404001,37.9130516,2442,29.92,2673.4,18.8,85.42,85.84,-659.44,-4.45,-0.74,0,-0.01,166.2,164.4,28.5,2.3,65.27,66.9,30.58,159.59,86.67,366.36,1887.86,76.48,606.61,2610.3,90,  GPS,150.3,113.1,115.9,125.3,118,0.03,-0.294,2.37,-175.6,0.2,171.4,-0.6,0,  NONE,   NONE,      ,      ,-519.7,     3D,3704,      ,       ,86,       ,85.42,2673.4,0,FALSE,1,366.36,-659.44,-622.22,-0.06,88.9,TRUE,FINAL_APPROACH
7/25/2026, 05:12:22,  +00:00,   HKFH,-2.9407694,37.9131622,2435,29.92,2665.6,18.8,84.92,85.53,-619.55,-4.49,-0.15,0.01,-0.03,165.8,164.4,28.5,1.8,65.41,66.6,30.56,159.63,86.58,366.84,1884.51,76.47,606.7,2602.3,89,  GPS,150.3,113.1,115.9,125.3,118,0.027,-0.296,2.39,-174.5,0.1,172.5,-0.6,0,  NONE,   NONE,      ,      ,-496.1,     3D,3704,      ,       ,86,       ,84.92,2665.6,0,FALSE,1,366.84,-619.55,-608.058,-0.02,81.1,TRUE,FINAL_APPROACH
7/25/2026, 05:12:24,  +00:00,   HKFH,-2.9411619,37.913269,2427,29.92,2657.2,18.8,83.91,85.04,-571.29,-4.04,-0.89,-0.01,-0.02,164.6,164.4,28.5,2.7,65.56,66.3,30.56,159.67,86.62,366.53,1885.58,76.48,606.67,2594.2,88,  GPS,150.3,113.1,115.9,125.3,118,0.024,-0.299,2.41,-173.3,0.1,174.1,-0.6,0,  NONE,   NONE,      ,      ,-480.3,     3D,3704,      ,       ,86,       ,83.91,2657.2,0,FALSE,1,366.53,-571.29,-590.715,0.01,72.7,TRUE,FINAL_APPROACH
7/25/2026, 05:12:24,  +00:00,   HKFH,-2.9415395,37.9133835,2420,29.92,2649.6,19,83,84.73,-523.24,-4.14,-0.23,0,0.03,164.1,164.2,28.5,2.3,65.56,66.3,30.56,159.71,86.63,366.01,1886.06,76.47,606.78,2586.5,87,  GPS,150.3,113.1,115.9,125.3,118,0.021,-0.3,2.42,-172.1,0.1,176.4,-0.6,0,  NONE,   NONE,      ,      ,-464.6,     3D,3704,      ,       ,86,       ,83,2649.6,0,FALSE,1,366.01,-523.24,-563.662,0.05,65.1,TRUE,FINAL_APPROACH
7/25/2026, 05:12:25,  +00:00,   HKFH,-2.9419153,37.9134941,2412,29.92,2641.9,19,82.4,84.27,-486.82,-4.02,0.1,0,-0.02,164.5,164,28.5,2.3,65.71,66,30.58,159.75,86.69,364.67,1891.32,76.49,606.88,2578.8,87,  GPS,150.3,113.1,115.9,125.3,118,0.019,-0.303,2.43,-171,0.1,-179.7,-0.6,0,  NONE,   NONE,      ,      ,-460.6,     3D,3704,      ,       ,86,       ,82.4,2641.9,0,FALSE,1,364.67,-486.82,-532.885,-0.05,57.4,TRUE,FINAL_APPROACH
7/25/2026, 05:12:27,  +00:00,   HKFH,-2.9422874,37.9136047,2404,29.92,2633.9,19,82.3,83.64,-477.02,-3.5,0.73,-0.01,-0.02,164.6,164,28.5,1.7,65.85,65.55,27.69,159.79,85.96,333.34,1862.51,73.98,594.51,2570.8,87,  GPS,150.3,113.1,115.9,125.3,118,0.016,       ,2.42,-170.1,0.1,-172.7,-0.6,0,  NONE,   NONE,      ,      ,-472.4,     3D,3704,      ,       ,86,       ,82.3,2633.9,0,FALSE,1,333.34,-477.02,-504.874,0,49.4,TRUE,FINAL_APPROACH
7/25/2026, 05:12:28,  +00:00,   HKFH,-2.9427114,37.9137306,2399,29.92,2626.1,19,82.21,82.52,-458.23,-3.87,1.21,-0.01,-0.06,165,164,28.5,2.5,66.14,65.4,23.35,159.83,86.3,242.16,1789,68.29,553.27,2561.3,86,  GPS,150.3,113.1,115.9,125.3,118,0.013,       ,2.41,-169.3,0,-152.4,-0.6,0,  NONE,   NONE,      ,      ,-492.1,     3D,3704,      ,       ,86,       ,82.21,2626.1,0,FALSE,1,242.16,-458.23,-479.879,-0.04,41.6,TRUE,FINAL_APPROACH
7/25/2026, 05:12:28,  +00:00,   HKFH,-2.9429939,37.9138145,2392,29.92,2617.1,19,81.62,80.48,-425.3,-1.13,-0.07,0,0.07,165.2,164.2,28.5,2.2,66.14,65.4,22.63,159.86,86.52,208.47,1753.63,67.06,550.62,2553.8,86,  GPS,150.3,113.1,115.9,125.3,118,0.011,       ,2.41,-168.7,0,-118.6,-0.6,0,  NONE,   NONE,      ,      ,-555.1,     3D,3704,      ,       ,86,       ,81.62,2617.1,0,FALSE,1,208.47,-425.3,-452.847,0.13,32.6,TRUE,FINAL_APPROACH
7/25/2026, 05:12:30,  +00:00,   HKFH,-2.9433489,37.9139214,2385,29.92,2609.6,19,80.28,78.75,-408.39,-0.89,-1.26,0,0.03,165.1,164,28.5,2.3,66.44,65.25,22.43,159.9,86.66,185.98,1718.51,66.56,562.46,2546.5,84,  GPS,150.3,113.1,115.9,125.3,118,0.008,       ,2.4,-168,0,-65.4,-0.6,0,  NONE,   NONE,      ,      ,-452.8,     3D,3704,      ,       ,86,       ,80.28,2609.6,0,FALSE,1,185.98,-408.39,-424.437,-0.04,25.1,TRUE,FINAL_APPROACH
7/25/2026, 05:12:30,  +00:00,   HKFH,-2.9436967,37.9140244,2377,29.92,2604.4,19,78.69,76.26,-419.46,0.98,0.42,-0.01,0.01,165.1,163.7,28.5,1.8,66.88,64.95,22.44,159.94,86.75,176.06,1692.56,66.45,575.2,2541.4,83,  GPS,150.3,113.1,115.9,125.3,118,0.006,       ,2.39,-167.3,0,-44.4,-0.6,0,  NONE,   NONE,      ,      ,-318.9,     3D,3704,      ,       ,86,       ,78.69,2604.4,0,FALSE,1,176.06,-419.46,-395.988,-0.02,19.9,TRUE,FINAL_APPROACH
7/25/2026, 05:12:31,  +00:00,   HKFH,-2.9440289,37.9141235,2374,29.92,2600.6,19.2,76.78,74.16,-409.49,3.03,1.76,0,0.03,165.5,163.9,28.5,2.1,66.88,64.95,22.46,159.97,86.82,172.59,1673.78,66.4,582.34,2537.5,81,  GPS,150.3,113.1,115.9,125.3,118,0.003,       ,2.39,-166.6,0.1,-35.5,-0.6,0,  NONE,   NONE,      ,      ,-236.2,     3D,3704,      ,       ,86,       ,76.78,2600.6,0,FALSE,1,172.59,-409.49,-364.841,0.02,16.1,TRUE,FINAL_APPROACH
7/25/2026, 05:12:33,  +00:00,   HKFH,-2.9443386,37.9142151,2373,29.92,2598.2,19.2,74.83,72.49,-349.23,0.05,1.86,-0.04,-0.13,165.8,164.2,28.5,2.2,67.17,64.8,22.5,159.99,86.84,171.94,1658.43,66.36,586.21,2535.1,79,  GPS,150.3,113.1,115.9,125.3,118,0.001,       ,2.39,-165.8,0.1,-30.6,-0.6,0,  NONE,   NONE,      ,      ,-110.2,     3D,3704,      ,       ,86,       ,74.83,2598.2,0,FALSE,1,171.94,-349.23,-329.83,-0.16,13.7,TRUE,FINAL_APPROACH
7/25/2026, 05:12:33,  +00:00,   HKFH,-2.9446476,37.9143028,2368,29.92,2597.1,19.2,72.51,69.9,-287.19,-0.88,0.26,0.02,0.07,164.4,164.4,28.5,1.9,67.61,64.5,22.53,160.01,86.09,173.05,1645.66,66.36,588.97,2534,76,  GPS,150.3,113.1,115.9,125.3,118,-0.001,       ,2.39,-164.9,0.1,-27.9,-0.6,0,  NONE,   NONE,      ,      ,-78.7,     3D,3704,      ,       ,86,       ,72.51,2597.1,0,FALSE,1,173.05,-287.19,-292.872,0.2,12.6,TRUE,FINAL_APPROACH
7/25/2026, 05:12:35,  +00:00,   HKFH,-2.9449463,37.9143906,2368,29.92,2596.3,19.2,69.98,67.35,-238.75,-1.23,-0.1,-0.01,-0.14,165,164.5,28.5,1.2,67.76,64.5,22.68,160.03,86.62,194.95,1572.33,66.47,591.24,2533.2,74,  GPS,150.3,113.1,115.9,125.3,118,-0.004,       ,2.37,-163.8,0.1,-26.1,-0.6,0,  NONE,   NONE,      ,      ,-47.2,     3D,3704,      ,       ,86,       ,69.98,2596.3,0,FALSE,1,194.95,-238.75,-256.52,-0.21,11.8,TRUE,FINAL_APPROACH
7/25/2026, 05:12:36,  +00:00,   HKFH,-2.9452395,37.9144745,2367,29.92,2595.5,19.5,66.99,64.22,-175.35,-1.53,-0.42,-0.06,0.01,164,164.4,28.5,1.7,68.05,64.35,22.16,160.06,87.28,214.02,1482.65,66.11,591.46,2532.4,71,  GPS,150.3,113.1,115.9,125.3,118,-0.006,       ,2.35,-162.8,0.1,-24.7,-0.6,0,  NONE,   NONE,      ,      ,-55.1,     3D,3704,      ,       ,86,       ,66.99,2595.5,0,FALSE,1,214.02,-175.35,-219.439,0.15,11,TRUE,FINAL_APPROACH
7/25/2026, 05:12:37,  +00:00,   HKFH,-2.9455156,37.9145584,2366,29.92,2594.6,19.5,64.67,61.78,-126.91,-0.86,-0.36,-0.01,-0.12,163.8,164,28.5,2,68.05,64.35,18.8,160.09,87.26,191.2,1372.89,61.59,557.85,2531.6,68,  GPS,150.3,113.1,115.9,125.3,118,-0.008,       ,2.31,-161.9,0.2,-23.8,-0.6,0,  NONE,   NONE,      ,      ,-55.1,     3D,3704,      ,       ,86,       ,64.67,2594.6,0,FALSE,1,191.2,-126.91,-179.668,-0.13,10.1,TRUE,FINAL_APPROACH
7/25/2026, 05:12:37,  +00:00,   HKFH,-2.9457781,37.9146385,2366,29.92,2593.7,19.5,62.51,59.23,-88.65,-1.48,-0.73,0.01,-0.17,164.6,163.8,28.5,2.5,68.05,64.35,17.69,160.14,86.9,171.88,1272.96,58.74,541.12,2530.6,66,  GPS,150.3,113.1,115.9,125.3,118,-0.01,       ,2.26,-161.3,0.2,-23.1,-0.6,0,  NONE,   NONE,      ,      ,-59.1,     3D,3704,      ,       ,86,       ,62.51,2593.7,0,FALSE,1,171.88,-88.65,-139.777,-0.05,9.2,TRUE,FINAL_APPROACH
7/25/2026, 05:12:39,  +00:00,   HKFH,-2.9460297,37.9147072,2366,29.92,2593,19.5,60.66,56.18,-61.78,-1.46,-0.4,-0.01,-0.12,164.9,164.1,28.5,1.7,68.05,64.35,19.9,160.19,87.1,189.9,1179.42,60,577.62,2529.9,64,  GPS,150.3,113.1,115.9,125.3,118,-0.011,       ,2.21,-160.8,0.2,-22.4,-0.6,0,  NONE,   NONE,      ,      ,-43.3,     3D,3704,      ,       ,85.5,       ,60.66,2593,0,FALSE,1,189.9,-61.78,-105.478,0.05,8.5,TRUE,FINAL_APPROACH
7/25/2026, 05:12:40,  +00:00,   HKFH,-2.9462631,37.9147797,2366,29.92,2592,19.5,58.64,53.67,-37.58,-1.65,0,0,0.11,164.3,164.4,28.5,1.6,67.76,64.35,22.5,160.24,87.71,233.03,1129.11,63.5,631.38,2529,61,  GPS,150.3,113.1,115.9,125.3,118,-0.013,       ,2.16,-160.5,0.2,-21.9,-0.6,0,  NONE,   NONE,      ,      ,-55.1,     3D,3704,      ,       ,85.5,       ,58.64,2592,0,FALSE,1,233.03,-37.58,-77.365,0.23,7.5,TRUE,FINAL_APPROACH
7/25/2026, 05:12:40,  +00:00,   HKFH,-2.946485,37.9148445,2366,29.92,2591.1,19.5,55.13,49.98,-21.75,-2.34,-0.14,-0.03,0.17,164.3,164.1,28.5,2,67.02,64.35,23.99,160.29,88.17,279,1133.29,66.44,650.47,2528.1,58,  GPS,150.3,113.1,115.9,125.3,118,-0.015,       ,2.12,-160.5,0.2,-21.6,-0.6,0,  NONE,   NONE,      ,      ,-55.1,     3D,3704,      ,       ,85.5,       ,55.13,2591.1,0,FALSE,1,279,-21.75,-54.005,0.06,6.6,TRUE,FINAL_APPROACH
7/25/2026, 05:12:42,  +00:00,   HKFH,-2.9466884,37.9149017,2366,29.92,2590.7,19.8,52.32,47.49,-10.58,-1.77,-0.08,0.01,-0.02,164.8,164.1,28.5,2.3,66.29,64.35,24.62,160.35,88.27,314.12,1165.62,68.14,645.68,2527.6,55,  GPS,150.3,113.1,115.9,125.3,118,-0.016,       ,2.08,-160.8,0.2,-21.2,-0.6,0,  NONE,   NONE,      ,      ,-39.4,     3D,3704,      ,       ,85.5,       ,52.32,2590.7,0,FALSE,1,314.12,-10.58,-37.188,-0.19,6.2,TRUE,FINAL_APPROACH
7/25/2026, 05:12:43,  +00:00,   HKFH,-2.9468887,37.9149628,2365,29.92,2590,19.8,49.21,43.89,-6.24,-1.16,-0.04,-0.03,-0.13,164.9,164.4,28.5,2,65.41,64.5,24.78,160.42,88.18,332.57,1205.12,68.84,629.83,2526.9,52,  GPS,150.3,113.1,115.9,125.3,118,-0.018,       ,2.06,-161.5,0.2,-21,-0.6,0,  NONE,   NONE,      ,      ,-35.4,     3D,3704,      ,       ,85.5,       ,49.21,2590,0,FALSE,1,332.57,-6.24,-25.059,-0.11,5.5,TRUE,FINAL_APPROACH
7/25/2026, 05:12:43,  +00:00,   HKFH,-2.9470668,37.9150124,2365,29.92,2589.5,19.8,46.66,41.58,-6.06,-1.21,0.13,0,-0.09,164.8,164.7,28.5,1.5,65.41,64.65,24.76,160.5,88.15,338.55,1245.35,69.06,617.37,2526.4,49,  GPS,150.3,113.1,115.9,125.3,118,-0.019,       ,2.04,-162.4,0.2,-20.7,-0.6,0,  NONE,   NONE,      ,      ,-35.4,     3D,3704,      ,       ,85.5,       ,46.66,2589.5,0,FALSE,1,338.55,-6.06,-16.484,0.04,5,TRUE,FINAL_APPROACH
7/25/2026, 05:12:45,  +00:00,   HKFH,-2.9472406,37.915062,2365,29.92,2588.8,19.8,43.49,38.2,-5.15,-1.51,0.48,0,0.01,164.4,164.6,28.5,1.8,64.68,64.65,24.72,160.59,88.08,337.35,1281.79,69.09,606.79,2525.7,46,  GPS,150.3,113.1,115.9,125.3,118,-0.02,       ,2.03,-163.7,0.3,-20.5,-0.6,0,  NONE,   NONE,      ,      ,-43.3,     3D,3704,      ,       ,85.5,       ,43.49,2588.8,0,FALSE,1,337.35,-5.15,-10.437,0.1,4.3,FALSE,TAXI-OUT
7/25/2026, 05:12:46,  +00:00,   HKFH,-2.9473979,37.9151039,2365,29.92,2588.4,19.8,40.49,35.51,-7.18,-1.54,0.34,-0.01,0.02,164.3,164.3,28.5,2.1,63.95,64.65,24.7,160.7,87.97,332.27,1315.03,69.07,601.22,2525.3,43,  GPS,150.3,113.1,115.9,125.3,118,-0.022,       ,2.03,-165.1,0.3,-20.3,-0.6,0,  NONE,   NONE,      ,      ,-31.5,     3D,3704,      ,       ,85.5,       ,40.49,2588.4,0,FALSE,1,332.27,-7.18,-6.986,0.01,3.9,FALSE,TAXI-OUT
7/25/2026, 05:12:46,  +00:00,   HKFH,-2.9475448,37.9151497,2365,29.92,2587.9,19.8,37.72,33.01,-5.62,-1.47,0.45,-0.02,0,164.3,164.4,28.5,1.9,63.36,64.35,24.68,160.81,87.97,325.4,1340.99,69.03,598.27,2524.8,40,  GPS,150.3,113.1,115.9,125.3,118,-0.023,       ,2.03,-166.6,0.3,-20.1,-0.6,0,  NONE,   NONE,      ,      ,-23.6,     3D,3704,      ,       ,85.5,       ,37.72,2587.9,0,FALSE,1,325.4,-5.62,-6.986,-0.02,3.4,FALSE,TAXI-OUT
7/25/2026, 05:12:48,  +00:00,   HKFH,-2.9476807,37.9151917,2365,29.92,2587.7,20,35.04,30.6,-2.9,-1.3,0.36,0.01,-0.01,164.4,164.3,28.5,1.9,62.63,64.35,24.67,160.94,87.98,318.9,1361.13,69,597.23,2524.6,37,  GPS,150.3,113.1,115.9,125.3,118,-0.024,       ,2.02,-168.2,0.3,-20,-0.6,0,  NONE,   NONE,      ,      ,-23.6,     3D,3704,      ,       ,85.5,       ,35.04,2587.7,0,FALSE,1,318.9,-2.9,-10.253,-0.01,3.2,FALSE,TAXI-OUT
7/25/2026, 05:12:49,  +00:00,   HKFH,-2.9478052,37.915226,2365,29.92,2587.5,20,33.12,28.79,-1.31,-0.87,-0.18,0,-0.06,164.6,164.3,28.5,1.2,62.04,64.06,23.97,161.08,87.97,304.28,1378.1,68.35,593.71,2524.4,35,  GPS,150.3,113.1,115.9,125.3,118,-0.025,       ,2.02,-169.9,0.3,-19.9,-0.6,0,  NONE,   NONE,      ,      ,-23.6,     3D,3704,      ,       ,85.5,       ,33.12,2587.5,0,FALSE,1,304.28,-1.31,-14.636,-0.05,3,FALSE,TAXI-OUT
7/25/2026, 05:12:49,  +00:00,   HKFH,-2.947921,37.9152565,2364,29.92,2587.3,20,31.3,26.61,-3.07,-0.7,-0.1,0.02,0,164.9,164.4,28.5,2.5,61.89,64.06,22.14,161.22,87.81,268.61,1384.85,66.1,577.58,2524.2,33,  GPS,150.3,113.1,115.9,125.3,118,-0.026,       ,2.01,-171.5,0.3,-19.8,-0.6,0,  NONE,   NONE,      ,      ,-15.7,     3D,3704,      ,       ,85.5,       ,31.3,2587.3,0,FALSE,1,268.61,-3.07,-18.99,0.06,2.8,FALSE,TAXI-OUT
7/25/2026, 05:12:51,  +00:00,   HKFH,-2.9480309,37.9152908,2362,29.92,2587.2,20,28.97,24.2,-21.75,-0.78,0.91,-0.02,0.04,164.4,164.9,28.5,2.2,61.89,63.76,20.5,161.36,87.65,227.75,1380.57,63.63,560.38,2524.1,31,  GPS,150.3,113.1,115.9,125.3,118,-0.026,       ,2,-173.1,0.3,-19.7,-0.6,0,  NONE,   NONE,      ,      ,-7.9,     3D,3704,      ,       ,85.5,       ,28.97,2587.2,0,FALSE,1,227.75,-21.75,-23.167,0.04,2.7,FALSE,TAXI-OUT
7/25/2026, 05:12:52,  +00:00,   HKFH,-2.9481294,37.9153175,2361,29.92,2587,20,27.06,22.16,-43.25,-0.93,1.07,0,0,164.7,164.8,28.5,2.2,61.89,63.76,19.35,161.51,87.55,191.83,1368.76,61.6,554.24,2523.9,29,  GPS,150.3,113.1,115.9,125.3,118,-0.027,       ,       ,      ,0.3,-19.6,-0.6,0,  NONE,   NONE,      ,      ,-11.8,     3D,3704,      ,       ,85.5,       ,27.06,2587,0,FALSE,1,191.83,-43.25,-26.415,-0.04,2.5,FALSE,TAXI-OUT
7/25/2026, 05:12:53,  +00:00,   HKFH,-2.94822,37.9153442,2361,29.92,2586.5,20,25.24,20.55,-50.07,-1.68,0.27,-0.02,-0.04,165.2,164.9,28.5,2.3,61.89,63.61,18.64,161.66,87.4,163.89,1355.81,60.05,555.27,2523.3,26,  GPS,150.3,113.1,115.9,125.3,118,-0.028,       ,       ,      ,0.3,-19.6,-0.6,0,  NONE,   NONE,      ,      ,-19.7,     3D,3704,      ,       ,85.5,       ,25.24,2586.5,0,FALSE,1,163.89,-50.07,-28.694,-0.04,2,FALSE,TAXI-OUT
7/25/2026, 05:12:54,  +00:00,   HKFH,-2.9483118,37.9153709,2360,29.92,2586.2,20,21.27,18.25,-49.6,-1.45,0.67,0,0,164.8,165.1,28.5,2.3,62.04,63.61,18.48,161.82,87.35,143.49,1342.27,59.08,564.9,2523.1,22,  GPS,150.3,113.1,115.9,125.3,118,-0.028,       ,       ,      ,0.3,-19.5,-0.6,0,  NONE,   NONE,      ,      ,-15.7,     3D,3704,      ,       ,85.5,       ,21.27,2586.2,0,FALSE,1,143.49,-49.6,-30.541,0.04,1.7,FALSE,TAXI-OUT
7/25/2026, 05:12:55,  +00:00,   HKFH,-2.9483719,37.9153862,2360,29.92,2586,20,12.16,16.87,-46.92,-0.48,0.86,0.02,-0.01,165.2,165.2,28.5,2.4,62.04,63.46,18.54,161.94,87.38,135.49,1336.35,58.83,574.65,2522.9,13,  GPS,150.3,113.1,115.9,125.3,118,-0.029,       ,       ,      ,0.3,-19.4,-0.6,0,  NONE,   NONE,      ,      ,-11.8,     3D,3704,      ,       ,85.5,       ,12.16,2586,0,FALSE,1,135.49,-46.92,-32.369,-0.01,1.5,FALSE,TAXI-OUT
7/25/2026, 05:12:55,  +00:00,   HKFH,-2.9484408,37.9154015,2360,29.92,2586,20,3.01,15.49,-39.66,-0.51,1.18,0.03,-0.05,167.2,166.1,28.5,2,62.19,63.31,18.64,162.09,87.37,129.29,1334.68,58.72,585.7,2522.9,3,  GPS,150.3,113.1,115.9,125.3,118,-0.03,       ,       ,      ,0.3,-19.3,-0.6,0,  NONE,   NONE,      ,      ,-7.9,     3D,3704,      ,       ,85.5,       ,3.01,2586,0,FALSE,1,129.29,-39.66,-34.572,-0.04,1.5,FALSE,GROUND
7/25/2026, 05:12:57,  +00:00,   HKFH,-2.9485064,37.9154205,2359,29.92,2586,20,-0.58,14.52,-28.41,-0.93,1.83,0,0,169.5,168.6,28.5,2.2,62.48,63.16,18.69,162.23,87.24,128.27,1329.64,58.71,595.47,2522.9,-1,  GPS,150.3,113.1,115.9,125.3,118,-0.03,       ,       ,      ,0.3,-19.3,-0.6,0,  NONE,   NONE,      ,      ,-11.8,     3D,3704,      ,       ,85.5,       ,-0.58,2586,0,FALSE,1,128.27,-28.41,-35.276,0.05,1.5,FALSE,GROUND
7/25/2026, 05:12:58,  +00:00,   HKFH,-2.9485695,37.9154243,2359,29.92,2585.8,20.2,-0.97,13.92,-21.37,-1.68,1.9,0.01,-0.02,171.7,170.9,28.5,2,62.77,63.16,18.26,162.35,87.19,126.41,1290.64,57.7,592.23,2522.7,-1,  GPS,150.3,113.1,115.9,125.3,118,-0.031,       ,       ,      ,0.3,-19.1,-0.6,0,  NONE,   NONE,      ,      ,-11.8,     3D,3704,      ,       ,85.5,       ,-0.97,2585.8,0,FALSE,1,126.41,-21.37,-34.021,-0.02,1.3,FALSE,GROUND
7/25/2026, 05:12:58,  +00:00,   HKFH,-2.9486296,37.915432,2359,29.92,2585.4,20.2,-0.49,13.2,-19.59,-2.02,1.92,-0.01,0.02,174,173.2,28.5,2.3,63.07,63.01,17.43,162.49,87.47,121.27,1256.44,56.54,591.73,2522.3,-1,  GPS,150.3,113.1,115.9,125.3,118,-0.032,       ,       ,      ,0.3,-19,-0.6,0,  NONE,   NONE,      ,      ,-15.7,     3D,3704,      ,       ,85.5,       ,-0.49,2585.4,0,FALSE,1,121.27,-19.59,-32.165,0.04,0.9,FALSE,GROUND
7/25/2026, 05:13:00,  +00:00,   HKFH,-2.9486866,37.9154358,2358,29.92,2585.1,20.2,-0.09,12.07,-25.1,-1.88,1.76,-0.07,-0.05,175.1,175.4,28.5,1.9,63.21,63.01,17.8,162.62,87.43,122.73,1225.73,56.39,596.46,2522,0,  GPS,150.3,113.1,115.9,125.3,118,-0.032,       ,       ,      ,0.3,-18.8,-0.6,0,  NONE,   NONE,      ,      ,-15.7,     3D,3704,      ,       ,85.5,       ,-0.09,2585.1,0,FALSE,1,122.73,-25.1,-30.012,-0.07,0.6,FALSE,GROUND
7/25/2026, 05:13:01,  +00:00,   HKFH,-2.948735,37.9154434,2357,29.92,2585,20.2,0.03,10.96,-28.79,-2.02,2.3,-0.05,0,173.3,175.1,28.5,2,63.21,63.01,20.5,162.75,87.45,140.28,1223.99,58.87,628.68,2521.9,0,  GPS,150.3,113.1,115.9,125.3,118,-0.033,       ,       ,      ,0.4,-18.7,-0.6,0,  NONE,   NONE,      ,      ,-15.7,     3D,3704,      ,       ,85.5,       ,0.03,2585,0,FALSE,1,140.28,-28.79,-27.04,0.05,0.5,FALSE,GROUND
7/25/2026, 05:13:01,  +00:00,   HKFH,-2.948777,37.9154472,2357,29.92,2584.8,20.2,0.04,9.45,-30.7,-2.12,2.93,-0.11,0.01,169.2,172.5,28.5,2.1,63.51,63.01,23.38,162.86,87.67,175.45,1272.24,63.09,679.78,2521.7,0,  GPS,150.3,113.1,115.9,125.3,118,-0.033,       ,       ,      ,0.4,-18.6,-0.6,0,  NONE,   NONE,      ,      ,-15.7,     3D,3704,      ,       ,85.5,       ,0.04,2584.8,0,FALSE,1,175.45,-30.7,-23.592,0.01,0.3,FALSE,GROUND
7/25/2026, 05:13:03,  +00:00,   HKFH,-2.9488115,37.9154587,2357,29.92,2584.6,20.2,0.02,8.14,-31.51,-2.04,3.07,-0.1,0.03,161.6,166,28.5,2.3,63.8,62.86,24.17,162.98,87.7,207.09,1337.56,65.77,689.58,2521.5,0,  GPS,150.3,113.1,115.9,125.3,118,-0.034,       ,       ,      ,0.4,-18.7,-0.6,0,  NONE,   NONE,      ,      ,-11.8,     3D,3704,      ,       ,85.5,       ,0.02,2584.6,0,FALSE,1,207.09,-31.51,-20.156,0.02,0.1,FALSE,GROUND
7/25/2026, 05:13:04,  +00:00,   HKFH,-2.948837,37.9154739,2357,29.92,2584.6,20.2,0,6.71,-28.07,-1.45,3.19,-0.15,0.01,149.4,154.4,28.5,1.8,64.24,62.56,24.07,163.1,87.61,224.37,1386.77,66.72,667.02,2521.5,0,  GPS,150.3,113.1,115.9,125.3,118,-0.034,       ,       ,      ,0.4,-18.7,-0.6,0,  NONE,   NONE,      ,      ,-3.9,     3D,3704,      ,       ,85.5,       ,0,2584.6,0,FALSE,1,224.37,-28.07,-16.811,-0.02,0.1,FALSE,GROUND
7/25/2026, 05:13:04,  +00:00,   HKFH,-2.948853,37.9154854,2357,29.92,2584.5,20.2,0,5.31,-17.2,-0.89,2.38,-0.12,-0.05,134.8,138.2,28.5,1.9,64.83,62.11,25.29,163.21,87.51,242.24,1440.34,68.15,650.24,2521.4,0,  GPS,150.3,113.1,115.9,125.3,118,-0.033,       ,       ,      ,0.4,-18.8,-0.6,0,  NONE,   NONE,      ,      ,3.9,     3D,3704,      ,       ,85.5,       ,0,2584.5,0,FALSE,1,242.24,-17.2,-13.336,-0.06,0,FALSE,GROUND
7/25/2026, 05:13:06,  +00:00,   HKFH,-2.9488606,37.9155083,2357,29.92,2584.5,20.2,0,4.04,-5.18,-0.94,2.58,-0.09,0,118.9,120,28.5,2.1,65.56,61.66,27.66,163.3,87.47,279,1521.52,71.35,662.43,2521.4,0,  GPS,150.3,113.1,115.9,125.3,118,-0.033,       ,       ,      ,0.4,-18.9,-0.6,0,  NONE,   NONE,      ,      ,0,     3D,3704,      ,       ,85.5,       ,0,2584.5,0,FALSE,1,279,-5.18,-9.288,0.05,0,FALSE,GROUND
7/25/2026, 05:13:07,  +00:00,   HKFH,-2.9488614,37.9155159,2358,29.92,2584.5,20.2,0,3.15,5.95,-1.31,2.19,-0.08,-0.04,101.1,98.8,28.5,2.3,65.56,61.66,28,163.4,87.36,300.51,1591.59,72.44,654.19,2521.4,0,  GPS,150.3,113.1,115.9,125.3,118,-0.033,       ,       ,      ,0.4,-19,-0.6,0,  NONE,   NONE,      ,      ,3.9,     3D,3704,      ,       ,85.5,       ,0,2584.5,0,FALSE,1,300.51,5.95,-5.505,-0.04,0,FALSE,GROUND
7/25/2026, 05:13:07,  +00:00,   HKFH,-2.9488571,37.9155312,2358,29.92,2584.5,20.2,0,2.45,12.08,-1.01,2.38,-0.05,0.05,83,75.4,28.5,1.5,66.44,60.77,27.95,163.48,87.23,307.78,1633.62,72.63,637.41,2521.4,0,  GPS,150.3,113.1,115.9,125.3,118,-0.032,       ,       ,      ,0.4,-19.2,-0.6,0,  NONE,   NONE,      ,      ,3.9,     3D,3704,      ,       ,85.5,       ,0,2584.5,0,FALSE,1,307.78,12.08,-2.026,0.09,0,FALSE,GROUND
7/25/2026, 05:13:09,  +00:00,   HKFH,-2.9488502,37.9155426,2359,29.92,2584.5,20.2,0,2.27,15.16,-0.43,2.25,-0.09,0,64.1,54.1,28.5,2.2,67.61,59.74,27.79,163.56,87.13,308.69,1656.24,72.56,625.64,2521.4,0,  GPS,150.3,113.1,115.9,125.3,118,-0.032,       ,       ,      ,0.4,-19.2,-0.6,0,  NONE,   NONE,      ,      ,3.9,     3D,3704,      ,       ,85.5,       ,0,2584.5,0,FALSE,1,308.69,15.16,1.018,-0.05,0,FALSE,GROUND
7/25/2026, 05:13:10,  +00:00,   HKFH,-2.9488399,37.9155464,2358,29.92,2584.5,20.2,0,2.51,15.38,0.01,1.97,-0.06,-0.02,44.9,38.4,28.5,2.1,68.93,58.37,27.55,163.64,87.12,306.01,1665.9,72.35,617.2,2521.4,0,  GPS,150.3,113.1,115.9,125.3,118,-0.032,       ,       ,      ,0.4,-19.3,-0.6,0,  NONE,   NONE,      ,      ,0,     3D,3704,      ,       ,85.5,       ,0,2584.5,0,FALSE,1,306.01,15.38,3.31,-0.02,0,FALSE,GROUND
7/25/2026, 05:13:10,  +00:00,   HKFH,-2.9488277,37.9155502,2358,29.92,2584.6,20.2,0,2.76,9.04,0.73,1.94,-0.05,0.02,28.5,23.9,28.5,2.3,70.64,56.58,27.44,163.69,87.1,303.44,1670.72,72.26,613.03,2521.5,0,  GPS,150.3,113.1,115.9,125.3,118,-0.032,       ,       ,      ,0.4,-19.4,-0.6,0,  NONE,   NONE,      ,      ,3.9,     3D,3704,      ,       ,85.5,       ,0,2584.6,0,FALSE,1,303.44,9.04,4.715,0.04,0.1,FALSE,GROUND
7/25/2026, 05:13:12,  +00:00,   HKFH,-2.9488103,37.9155502,2358,29.92,2584.7,20.2,0,3.44,4.09,0.88,1.47,-0.05,0.02,13.2,13.6,28.5,1.4,72.36,54.8,27.33,163.75,87.05,301.19,1672.81,72.2,610.55,2521.6,0,  GPS,150.3,113.1,115.9,125.3,118,-0.031,       ,       ,      ,0.4,-19.5,-0.6,0,  NONE,   NONE,      ,      ,3.9,     3D,3704,      ,       ,85.5,       ,0,2584.7,0,FALSE,1,301.19,4.09,5.089,0,0.2,FALSE,GROUND
7/25/2026, 05:13:13,  +00:00,   HKFH,-2.9487903,37.9155502,2358,29.92,2584.5,20.2,0,4.35,-1.07,0.86,1.15,-0.06,-0.02,0.6,1,28.5,2,72.36,54.8,27.07,163.79,87.05,297.98,1670.02,71.97,608.55,2521.4,0,  GPS,150.3,113.1,115.9,125.3,118,-0.031,       ,       ,      ,0.4,-19.6,-0.6,0,  NONE,   NONE,      ,      ,3.9,     3D,3704,      ,       ,85.5,       ,0,2584.5,0,FALSE,1,297.98,-1.07,4.438,-0.04,0,FALSE,GROUND
7/25/2026, 05:13:13,  +00:00,   HKFH,-2.9487662,37.9155502,2358,29.92,2584.5,20.2,0,5.21,-5.15,0.96,1.13,-0.03,-0.03,350.8,353,28.5,2,74.07,53.01,26.8,163.82,87.05,294.64,1661.82,71.64,605.76,2521.4,0,  GPS,150.3,113.1,115.9,125.3,118,-0.031,       ,       ,      ,0.4,-19.6,-0.6,0,  NONE,   NONE,      ,      ,0,     3D,3704,      ,       ,85.5,       ,0,2584.5,0,FALSE,1,294.64,-5.15,4.112,-0.01,0,FALSE,GROUND
7/25/2026, 05:13:15,  +00:00,   HKFH,-2.9487379,37.9155426,2358,29.92,2584.5,20.2,0,5.99,-3.15,0.87,1.49,-0.03,-0.01,344.7,347.8,28.5,2.3,75.62,51.22,26.73,163.84,87.13,293.47,1654.11,71.55,605.4,2521.4,0,  GPS,150.3,113.1,115.9,125.3,118,-0.03,       ,       ,      ,0.4,-19.6,-0.6,0,  NONE,   NONE,      ,      ,3.9,     3D,3704,      ,       ,85.5,       ,0,2584.5,0,FALSE,1,293.47,-3.15,3.887,0.02,0,FALSE,GROUND
7/25/2026, 05:13:16,  +00:00,   HKFH,-2.9487085,37.915535,2358,29.92,2584.6,20.5,0,6.59,-1.44,1.12,1.55,-0.02,-0.02,340.7,344.8,28.5,2.2,77.34,49.58,26.71,163.84,87.12,293.45,1649.95,71.59,605.95,2521.5,0,  GPS,150.3,113.1,115.9,125.3,118,-0.03,       ,       ,      ,0.4,-19.7,-0.6,0,  NONE,   NONE,      ,      ,3.9,     3D,3704,      ,       ,85.5,       ,0,2584.6,0,FALSE,1,293.45,-1.44,3.827,-0.01,0.1,FALSE,GROUND
7/25/2026, 05:13:17,  +00:00,   HKFH,-2.9486735,37.9155235,2358,29.92,2584.9,20.5,0,7.33,-0.56,0.93,1.58,0,0.02,338.4,341.2,28.5,1.8,78.72,48.22,26.7,163.83,87.09,293.68,1647.8,71.57,606.28,2521.8,0,  GPS,150.3,113.1,115.9,125.3,118,-0.03,       ,       ,      ,0.4,-19.7,-0.6,0,  NONE,   NONE,      ,      ,7.9,     3D,3704,      ,       ,85.5,       ,0,2584.9,0,FALSE,1,293.68,-0.56,4.361,0.04,0.4,FALSE,GROUND
7/25/2026, 05:13:19,  +00:00,   HKFH,-2.9486053,37.9154968,2359,29.92,2585.4,20.5,0,8.26,8.82,0.76,1.52,0,-0.06,338.7,341,28.5,1.7,79.92,46.87,26.68,163.78,87.1,294.23,1645.86,71.58,606.11,2522.3,0,  GPS,150.3,113.1,115.9,125.3,118,-0.03,       ,       ,      ,0.3,-19.7,-0.6,0,  NONE,   NONE,      ,      ,11.8,     3D,3704,      ,       ,85,       ,0,2585.4,0,FALSE,1,294.23,8.82,4.761,-0.08,0.9,FALSE,GROUND
7/25/2026, 05:13:19,  +00:00,   HKFH,-2.9485664,37.9154854,2359,29.92,2585.7,20.5,0,8.83,12.91,0.92,1.4,-0.01,-0.08,339.3,341,28.5,1.7,80.57,46.06,26.66,163.75,87.13,294.44,1645.25,71.58,606.17,2522.6,0,  GPS,150.3,113.1,115.9,125.3,118,-0.029,       ,       ,      ,0.3,-19.7,-0.6,0,  NONE,   NONE,      ,      ,11.8,     3D,3704,      ,       ,85,       ,0,2585.7,0,FALSE,1,294.44,12.91,5.244,-0.02,1.2,FALSE,GROUND
7/25/2026, 05:13:21,  +00:00,   HKFH,-2.948525,37.9154701,2359,29.92,2586,20.5,0,9.45,14.78,0.36,1.68,0,-0.04,339.8,340.9,28.5,1.5,81.08,45.38,26.65,163.71,87.16,294.59,1644.09,71.58,606,2522.8,0,  GPS,150.3,113.1,115.9,125.3,118,-0.029,       ,       ,      ,0.3,-19.7,-0.6,0,  NONE,   NONE,      ,      ,11.8,     3D,3704,      ,       ,85,       ,0,2586,0,FALSE,1,294.59,14.78,6.308,0.04,1.5,FALSE,GROUND
7/25/2026, 05:13:22,  +00:00,   HKFH,-2.9484792,37.915451,2359,29.92,2586.2,20.5,0,10.07,14.38,0.03,1.6,-0.02,0,339.5,340.8,28.5,1.7,81.45,45.11,26.65,163.67,87.17,294.35,1643.57,71.56,606.06,2523,0,  GPS,150.3,113.1,115.9,125.3,118,-0.029,       ,       ,      ,0.3,-19.7,-0.6,0,  NONE,   NONE,      ,      ,7.9,     3D,3704,      ,       ,85,       ,0,2586.2,0,FALSE,1,294.35,14.38,7.258,0.04,1.7,FALSE,GROUND
7/25/2026, 05:13:22,  +00:00,   HKFH,-2.9484327,37.9154358,2359,29.92,2586.2,20.5,0,10.73,8.09,0.2,1.23,0.01,-0.01,339.8,340.2,28.5,1.6,81.71,45.11,26.65,163.64,87.1,294.39,1643.18,71.56,606.2,2523.1,0,  GPS,150.3,113.1,115.9,125.3,118,-0.029,       ,       ,      ,0.3,-19.7,-0.6,0,  NONE,   NONE,      ,      ,7.9,     3D,3704,      ,       ,85,       ,0,2586.2,0,FALSE,1,294.39,8.09,8.132,-0.01,1.7,FALSE,GROUND
7/25/2026, 05:13:24,  +00:00,   HKFH,-2.9483824,37.9154167,2359,29.92,2586.3,20.5,0,11.43,3.76,0.4,0.76,0.01,-0.01,340.3,340.3,28.5,1.7,81.83,45.11,26.65,163.62,87.16,294.58,1643.25,71.57,606.59,2523.2,0,  GPS,150.3,113.1,115.9,125.3,118,-0.028,       ,       ,      ,0.3,-19.7,-0.6,0,  NONE,   NONE,      ,      ,3.9,     3D,3704,      ,       ,85,       ,0,2586.3,0,FALSE,1,294.58,3.76,9.393,0,1.8,FALSE,GROUND
7/25/2026, 05:13:25,  +00:00,   HKFH,-2.9483218,37.9153938,2359,29.92,2586.4,20.5,0,12.05,5.49,0.27,0.67,0.01,0.01,340.9,340.9,28.5,1.6,81.83,45.24,26.65,163.6,87.17,295.5,1643.85,71.59,606.42,2523.3,0,  GPS,150.3,113.1,115.9,125.3,118,-0.028,       ,       ,      ,0.3,-19.7,-0.6,0,  NONE,   NONE,      ,      ,3.9,     3D,3704,      ,       ,85,       ,0,2586.4,0,FALSE,1,295.5,5.49,9.952,0.02,1.9,FALSE,GROUND
7/25/2026, 05:13:27,  +00:00,   HKFH,-2.9482167,37.9153595,2360,29.92,2586.8,20.5,0,13.2,6.35,1.16,1.23,0.02,-0.06,341.8,342.1,28.5,1.5,81.83,46.06,26.63,163.59,87.08,295.28,1643.89,71.58,605.98,2523.7,0,  GPS,150.3,113.1,115.9,125.3,118,-0.027,       ,       ,      ,0.3,-19.7,-0.6,0,  NONE,   NONE,      ,      ,7.9,     3D,3704,      ,       ,85,       ,0,2586.8,0,FALSE,1,295.28,6.35,9.216,-0.07,2.3,FALSE,GROUND
7/25/2026, 05:13:27,  +00:00,   HKFH,-2.9481535,37.9153404,2360,29.92,2587,20.5,0,13.65,7.3,0.77,1.45,-0.01,0,342.5,342.5,28.5,1.7,81.45,46.73,26.63,163.6,87.13,294.64,1643.57,71.58,606.39,2523.9,0,  GPS,150.3,113.1,115.9,125.3,118,-0.027,       ,       ,      ,0.3,-19.8,-0.6,0,  NONE,   NONE,      ,      ,11.8,     3D,3704,      ,       ,85,       ,0,2587,0,FALSE,1,294.64,7.3,7.973,0.06,2.5,FALSE,GROUND
7/25/2026, 05:13:29,  +00:00,   HKFH,-2.9480846,37.9153175,2360,29.92,2587.2,20.5,0,14.27,12.05,0.86,1.31,-0.02,0,343,343.2,28.5,1.7,81.2,46.73,26.61,163.63,87.08,294.2,1643.33,71.56,606.86,2524.1,0,  GPS,150.3,113.1,115.9,125.3,118,-0.026,       ,       ,      ,0.3,-19.8,-0.6,0,  NONE,   NONE,      ,      ,11.8,     3D,3704,      ,       ,85,       ,0,2587.2,0,FALSE,1,294.2,12.05,6.627,0,2.7,FALSE,GROUND
7/25/2026, 05:13:30,  +00:00,   HKFH,-2.9480143,37.9152985,2360,29.92,2587.4,20.5,0,14.87,14.41,0.48,1.38,0,0.03,343.6,343.7,28.5,1.8,80.82,47.41,26.6,163.65,87.09,293.88,1643.01,71.57,607.07,2524.2,0,  GPS,150.3,113.1,115.9,125.3,118,-0.026,       ,       ,      ,0.3,-19.8,-0.6,0,  NONE,   NONE,      ,      ,7.9,     3D,3704,      ,       ,85,       ,0,2587.4,0,FALSE,1,293.88,14.41,5.852,0.03,2.9,FALSE,GROUND
7/25/2026, 05:13:31,  +00:00,   HKFH,-2.9478824,37.9152603,2360,29.92,2587.6,20.5,0,16.15,5.55,1.02,1.86,-0.03,-0.04,344,344.3,28.5,1.8,80.57,49.04,26.6,163.72,87.06,293.59,1643.54,71.56,607.39,2524.5,0,  GPS,150.3,113.1,115.9,125.3,118,-0.025,       ,       ,      ,0.3,-20,-0.6,0,  NONE,   NONE,      ,      ,3.9,     3D,3704,      ,       ,85,       ,0,2587.6,0,FALSE,1,293.59,5.55,5.488,-0.07,3.1,FALSE,GROUND
7/25/2026, 05:13:33,  +00:00,   HKFH,-2.9478076,37.9152374,2360,29.92,2587.7,20.5,0,16.74,2.35,0.98,2.08,-0.04,-0.01,344,344.4,28.5,1.7,80.32,49.85,26.6,163.76,87.05,293.44,1644.17,71.56,607.5,2524.6,0,  GPS,150.3,113.1,115.9,125.3,118,-0.024,       ,       ,      ,0.3,-20,-0.6,0,  NONE,   NONE,      ,      ,7.9,     3D,3704,      ,       ,85,       ,0,2587.7,0,FALSE,1,293.44,2.35,4.943,0.03,3.2,FALSE,GROUND
7/25/2026, 05:13:33,  +00:00,   HKFH,-2.9477303,37.9152184,2360,29.92,2588,20.5,0,17.24,0.92,1.23,1.33,-0.03,-0.05,344,344,28.5,1.8,79.92,50.54,26.45,163.8,87.09,292.35,1643.27,71.45,606.87,2524.9,0,  GPS,150.3,113.1,115.9,125.3,118,-0.024,       ,       ,      ,0.3,-20.1,-0.6,0,  NONE,   NONE,      ,      ,11.8,     3D,3704,      ,       ,85,       ,0,2588,0,FALSE,1,292.35,0.92,4.378,-0.04,3.5,FALSE,GROUND
7/25/2026, 05:13:35,  +00:00,   HKFH,-2.9476497,37.9151917,2361,29.92,2588.2,20.5,0,17.71,0.34,1.25,1.09,0,-0.01,344.1,344,28.5,2,79.57,51.22,25.67,163.85,87.05,282.58,1628.81,70.64,599.78,2525.1,0,  GPS,150.3,113.1,115.9,125.3,118,-0.023,       ,       ,      ,0.3,-20.2,-0.6,0,  NONE,   NONE,      ,      ,11.8,     3D,3704,      ,       ,85,       ,0,2588.2,0,FALSE,1,282.58,0.34,4.362,0.04,3.7,FALSE,GROUND
7/25/2026, 05:13:36,  +00:00,   HKFH,-2.9475706,37.9151649,2361,29.92,2588.4,20.5,0,18.16,0.12,1.02,0.65,-0.03,-0.01,343.7,343.9,28.5,1.7,79.23,51.22,25.3,163.9,87.01,275.48,1615.6,70.09,595.88,2525.3,0,  GPS,150.3,113.1,115.9,125.3,118,-0.023,       ,       ,      ,0.3,-20.2,-0.6,0,  NONE,   NONE,      ,      ,15.7,     3D,3704,      ,       ,85,       ,0,2588.4,0,FALSE,1,275.48,0.12,4.358,0,3.9,FALSE,GROUND
7/25/2026, 05:13:36,  +00:00,   HKFH,-2.9474876,37.9151382,2360,29.92,2588.7,20.5,0,18.56,0.04,1.03,0.7,0,-0.04,343.3,343.5,28.5,1.4,79.06,51.77,25.26,163.94,87.05,271.43,1602.17,69.92,597.64,2525.6,0,  GPS,150.3,113.1,115.9,125.3,118,-0.022,       ,       ,      ,0.3,-20.3,-0.6,0,  NONE,   NONE,      ,      ,15.7,     3D,3704,      ,       ,85,       ,0,2588.7,0,FALSE,1,271.43,0.04,4.356,-0.03,4.2,FALSE,GROUND
7/25/2026, 05:13:38,  +00:00,   HKFH,-2.947402,37.9151192,2361,29.92,2589,20.5,0,18.82,0.7,0.98,0.91,0,-0.02,343.9,343.6,28.5,1.6,79.06,52.19,25.26,163.99,87.08,269.83,1594.76,69.9,600.33,2525.9,0,  GPS,150.3,113.1,115.9,125.3,118,-0.021,       ,       ,      ,0.3,-20.4,-0.6,0,  NONE,   NONE,      ,      ,15.7,     3D,3704,      ,       ,85,       ,0,2589,0,FALSE,1,269.83,0.7,5.34,0.02,4.5,FALSE,GROUND
7/25/2026, 05:13:39,  +00:00,   HKFH,-2.9473186,37.9150925,2361,29.92,2589.2,20.5,0,19.07,7.14,0.99,1.02,-0.02,0.01,344.2,344.3,28.5,1.7,78.72,52.46,25.3,164.03,87.13,269.32,1590.74,69.91,601.98,2526.1,0,  GPS,150.3,113.1,115.9,125.3,118,-0.021,       ,       ,      ,0.3,-20.5,-0.6,0,  NONE,   NONE,      ,      ,15.7,     3D,3704,      ,       ,85,       ,0,2589.2,0,FALSE,1,269.32,7.14,6.683,0.03,4.7,FALSE,GROUND
7/25/2026, 05:13:39,  +00:00,   HKFH,-2.9472313,37.915062,2361,29.92,2589.4,20.5,0,19.42,12.01,1.18,1.29,-0.01,-0.03,344.2,344.4,28.5,1.6,78.37,52.73,25.28,164.08,87.1,268.86,1588.23,69.91,603.05,2526.3,0,  GPS,150.3,113.1,115.9,125.3,118,-0.02,       ,       ,      ,0.3,-20.5,-0.6,0,  NONE,   NONE,      ,      ,11.8,     3D,3704,      ,       ,85,       ,0,2589.4,0,FALSE,1,268.86,12.01,8.183,-0.04,4.9,FALSE,GROUND
7/25/2026, 05:13:41,  +00:00,   HKFH,-2.9471431,37.9150429,2362,29.92,2589.9,20.5,0,19.71,14.39,1.04,1.34,0,0,344.3,344.5,28.5,1.7,78.03,52.87,23.52,164.12,87.13,253.36,1572.71,68.3,593.73,2526.7,0,  GPS,150.3,113.1,115.9,125.3,118,-0.019,       ,       ,      ,0.3,-20.7,-0.6,0,  NONE,   NONE,      ,      ,23.6,     3D,3704,      ,       ,85,       ,0,2589.9,0,FALSE,1,253.36,14.39,9.746,0.03,5.4,FALSE,GROUND
7/25/2026, 05:13:42,  +00:00,   HKFH,-2.9470549,37.9150162,2362,29.92,2590.3,20.5,0,19.87,15.39,1.21,1.36,0,0,344.4,344.6,28.5,1.7,78.03,52.87,19.09,164.17,86.84,198.95,1477.17,62.41,550.59,2527.2,0,  GPS,150.3,113.1,115.9,125.3,118,-0.019,       ,       ,      ,0.2,-20.8,-0.6,0,  NONE,   NONE,      ,      ,19.7,     3D,3704,      ,       ,85,       ,0,2590.3,0,FALSE,1,198.95,15.39,11.333,0,5.8,FALSE,GROUND
7/25/2026, 05:13:42,  +00:00,   HKFH,-2.9469659,37.9149895,2362,29.92,2590.5,20.5,0,19.89,15.78,0.97,1.3,0,0,344.5,344.6,28.5,1.8,77.68,53.15,16.93,164.22,86.96,154.99,1385.83,58.18,526.21,2527.4,0,  GPS,150.3,113.1,115.9,125.3,118,-0.018,       ,       ,      ,0.2,-20.9,-0.6,0,  NONE,   NONE,      ,      ,11.8,     3D,3704,      ,       ,85,       ,0,2590.5,0,FALSE,1,154.99,15.78,12.929,0,6,FALSE,GROUND
7/25/2026, 05:13:44,  +00:00,   HKFH,-2.9468775,37.9149666,2363,29.92,2590.8,20.5,0,19.81,15.92,0.81,1.45,-0.01,0.06,344.5,344.7,28.5,1.5,77.17,53.15,16.42,164.27,87.09,129.88,1313.38,56.14,532.62,2527.7,0,  GPS,150.3,113.1,115.9,125.3,118,-0.017,       ,       ,      ,0.2,-21.1,-0.6,0,  NONE,   NONE,      ,      ,11.8,     3D,3704,      ,       ,85,       ,0,2590.8,0,FALSE,1,129.88,15.92,14.459,0.06,6.3,FALSE,GROUND
7/25/2026, 05:13:45,  +00:00,   HKFH,-2.9467895,37.9149399,2363,29.92,2591,20.5,0,19.67,15.97,0.92,0.92,-0.02,0.01,344.7,344.6,28.5,1.8,76.82,53.15,16.52,164.33,87.17,118.12,1258.66,55.31,553.71,2527.9,0,  GPS,150.3,113.1,115.9,125.3,118,-0.017,       ,       ,      ,0.2,-21.2,-0.6,0,  NONE,   NONE,      ,      ,15.7,     3D,3704,      ,       ,85,       ,0,2591,0,FALSE,1,118.12,15.97,15.345,-0.05,6.5,FALSE,GROUND
7/25/2026, 05:13:45,  +00:00,   HKFH,-2.946703,37.914917,2363,29.92,2591.4,20.5,0,19.48,15.99,1.31,1,0,0.01,344.9,344.9,28.5,1.5,76.65,53.15,16.72,164.38,87.21,113.43,1219.58,54.99,575.22,2528.2,0,  GPS,150.3,113.1,115.9,125.3,118,-0.016,       ,       ,      ,0.2,-21.4,-0.6,0,  NONE,   NONE,      ,      ,19.7,     3D,3704,      ,       ,85,       ,0,2591.4,0,FALSE,1,113.43,15.99,15.744,0,6.9,FALSE,GROUND
7/25/2026, 05:13:47,  +00:00,   HKFH,-2.9466164,37.9148941,2363,29.92,2591.7,20.5,0,19.22,16,0.85,1.44,-0.01,0.02,344.9,345.1,28.5,1.4,76.48,53.15,16.85,164.43,87.26,111.96,1190.95,54.85,591.42,2528.6,0,  GPS,150.3,113.1,115.9,125.3,118,-0.015,       ,       ,      ,0.2,-21.5,-0.6,0,  NONE,   NONE,      ,      ,19.7,     3D,3704,      ,       ,85,       ,0,2591.7,0,FALSE,1,111.96,16,15.906,0.01,7.2,FALSE,GROUND
7/25/2026, 05:13:48,  +00:00,   HKFH,-2.9465313,37.9148674,2364,29.92,2591.8,20.5,0,18.99,16,0.79,0.96,-0.01,-0.02,344.8,344.9,28.5,1.9,76.48,53.15,16.93,164.48,87.33,111.83,1170.95,54.78,602.39,2528.7,0,  GPS,150.3,113.1,115.9,125.3,118,-0.015,       ,       ,      ,0.2,-21.7,-0.6,0,  NONE,   NONE,      ,      ,11.8,     3D,3704,      ,       ,85,       ,0,2591.8,0,FALSE,1,111.83,16,16.281,-0.04,7.3,FALSE,GROUND
7/25/2026, 05:13:49,  +00:00,   HKFH,-2.9464514,37.9148483,2364,29.92,2592.1,20.5,0,18.82,16,1.53,1.46,-0.01,0,344.6,344.9,28.5,1.7,76.14,53.28,17.01,164.53,87.44,112.31,1157.14,54.74,609.25,2529,0,  GPS,150.3,113.1,115.9,125.3,118,-0.014,       ,       ,      ,0.2,-21.8,-0.6,0,  NONE,   NONE,      ,      ,15.7,     3D,3704,      ,       ,85,       ,0,2592.1,0,FALSE,1,112.31,16,16.61,0.02,7.6,FALSE,GROUND
7/25/2026, 05:13:50,  +00:00,   HKFH,-2.9463651,37.9148216,2364,29.92,2592.6,20.5,0,18.45,16,1.57,1.52,-0.03,-0.06,344.3,344.6,28.6,2,76.14,53.28,17.06,164.59,87.51,113.11,1147.66,54.72,614.99,2529.5,0,  GPS,150.3,113.1,115.9,125.3,118,-0.014,       ,       ,      ,0.2,-22,-0.6,0,  NONE,   NONE,      ,      ,27.6,     3D,3704,      ,       ,85,       ,0,2592.6,0,FALSE,1,113.11,16,16.778,-0.06,8.1,FALSE,GROUND
7/25/2026, 05:13:51,  +00:00,   HKFH,-2.9462869,37.9147987,2365,29.92,2592.8,20.5,0,18.17,16.01,1.09,1.69,0,0,344.1,344.2,28.5,2,75.97,53.28,17.1,164.64,87.47,113.8,1141.36,54.71,617.78,2529.7,0,  GPS,150.3,113.1,115.9,125.3,118,-0.013,       ,       ,      ,0.2,-22.1,-0.6,0,  NONE,   NONE,      ,      ,15.7,     3D,3704,      ,       ,85,       ,0,2592.8,0,FALSE,1,113.8,16.01,16.85,0.06,8.3,FALSE,GROUND
7/25/2026, 05:13:52,  +00:00,   HKFH,-2.9462049,37.9147758,2365,29.92,2593.1,20.5,0,17.86,19.14,0.73,0.94,0,-0.04,344.2,344.1,28.5,1.5,75.97,53.15,17.11,164.7,87.52,114.24,1136.82,54.69,619.94,2530,0,  GPS,150.3,113.1,115.9,125.3,118,-0.012,       ,       ,      ,0.2,-22.3,-0.6,0,  NONE,   NONE,      ,      ,11.8,     3D,3704,      ,       ,85,       ,0,2593.1,0,FALSE,1,114.24,19.14,16.878,-0.04,8.6,FALSE,GROUND
7/25/2026, 05:13:53,  +00:00,   HKFH,-2.9461257,37.914753,2365,29.92,2593.3,20.5,0,17.59,19.07,0.94,1.35,-0.01,0,344.2,344.1,28.5,1.8,75.97,53.15,17.09,164.77,87.46,114.43,1132.92,54.65,621.07,2530.2,0,  GPS,150.3,113.1,115.9,125.3,118,-0.012,       ,       ,      ,0.2,-22.5,-0.6,0,  NONE,   NONE,      ,      ,15.7,     3D,3704,      ,       ,85,       ,0,2593.3,0,FALSE,1,114.43,19.07,16.888,0.04,8.8,FALSE,GROUND
7/25/2026, 05:13:53,  +00:00,   HKFH,-2.9460516,37.9147339,2366,29.92,2593.6,20.8,0,17.28,17.6,0.79,1.42,0,0.02,344.3,344.3,28.5,2,75.79,53.15,17.1,164.84,87.46,114.33,1130.73,54.59,621.46,2530.5,0,  GPS,150.3,113.1,115.9,125.3,118,-0.011,       ,       ,      ,0.2,-22.6,-0.6,0,  NONE,   NONE,      ,      ,15.7,     3D,3704,      ,       ,85,       ,0,2593.6,0,FALSE,1,114.33,17.6,16.892,0.02,9.1,FALSE,GROUND
7/25/2026, 05:13:54,  +00:00,   HKFH,-2.9459755,37.9147072,2366,29.92,2593.9,20.8,0,16.99,16.69,0.63,1.02,0,0.02,344.5,344.3,28.5,1.9,75.79,53.15,17.11,164.92,87.44,114.49,1128.41,54.54,622.16,2530.8,0,  GPS,150.3,113.1,115.9,125.3,118,-0.011,       ,       ,      ,0.2,-22.8,-0.6,0,  NONE,   NONE,      ,      ,15.7,     3D,3704,      ,       ,85,       ,0,2593.9,0,FALSE,1,114.49,16.69,16.893,0,9.4,FALSE,GROUND
7/25/2026, 05:13:56,  +00:00,   HKFH,-2.9459004,37.9146881,2366,29.92,2594.1,20.8,0,16.78,16.27,0.31,0.52,-0.02,-0.05,344.5,344.3,28.5,2.1,75.79,53.01,17.14,165.01,87.43,114.69,1126.63,54.52,623.18,2530.9,0,  GPS,150.3,113.1,115.9,125.3,118,-0.01,       ,       ,      ,0.2,-23,-0.6,0,  NONE,   NONE,      ,      ,7.9,     3D,3704,      ,       ,85,       ,0,2594.1,0,FALSE,1,114.69,16.27,16.893,-0.07,9.6,FALSE,GROUND
7/25/2026, 05:13:57,  +00:00,   HKFH,-2.9458253,37.9146652,2366,29.92,2594.3,20.8,0,16.54,16.1,0.52,0.9,0.03,0.01,344,344.3,28.5,2.1,75.62,52.87,17.16,165.09,87.43,115.03,1124.74,54.52,623.76,2531.2,0,  GPS,150.3,113.1,115.9,125.3,118,-0.01,       ,       ,      ,0.2,-23.2,-0.6,0,  NONE,   NONE,      ,      ,15.7,     3D,3704,      ,       ,85,       ,0,2594.3,0,FALSE,1,115.03,16.1,16.892,0.06,9.8,FALSE,GROUND
7/25/2026, 05:13:57,  +00:00,   HKFH,-2.9457541,37.9146423,2366,29.92,2594.6,20.8,0,16.29,16.04,0.51,0.64,-0.02,0.04,344.1,344.2,28.6,2.3,75.62,52.87,17.19,165.17,87.51,115.29,1123.81,54.54,624.24,2531.4,0,  GPS,150.3,113.1,115.9,125.3,118,-0.009,       ,       ,      ,0.2,-23.4,-0.6,0,  NONE,   NONE,      ,      ,11.8,     3D,3704,      ,       ,85,       ,0,2594.6,0,FALSE,1,115.29,16.04,16.578,0.03,10.1,FALSE,GROUND
7/25/2026, 05:13:59,  +00:00,   HKFH,-2.9456823,37.9146194,2367,29.92,2594.8,20.8,0,16.08,16.01,0.47,0.23,0,-0.03,344.5,344.3,28.6,2.2,75.62,52.73,17.17,165.26,87.5,115.58,1122.61,54.54,624.21,2531.6,0,  GPS,150.3,113.1,115.9,125.3,118,-0.009,       ,       ,      ,0.2,-23.5,-0.6,0,  NONE,   NONE,      ,      ,11.8,     3D,3704,      ,       ,84.5,       ,0,2594.8,0,FALSE,1,115.58,16.01,16.271,-0.07,10.3,FALSE,GROUND
7/25/2026, 05:13:59,  +00:00,   HKFH,-2.945611,37.9146042,2367,29.92,2595,20.8,0,15.84,16,0.45,0.48,0.02,0.06,344.6,344.5,28.5,1.7,75.45,52.73,17.19,165.34,87.5,115.88,1121.63,54.53,623.87,2531.9,0,  GPS,150.3,113.1,115.9,125.3,118,-0.008,       ,       ,      ,0.2,-23.8,-0.6,0,  NONE,   NONE,      ,      ,15.7,     3D,3704,      ,       ,84.5,       ,0,2595,0,FALSE,1,115.88,16,15.938,0.09,10.5,FALSE,GROUND
7/25/2026, 05:14:00,  +00:00,   HKFH,-2.9455426,37.9145813,2367,29.92,2595.3,20.8,0,15.61,16,-0.07,0.34,-0.02,0.03,344.5,344.6,28.5,1.9,75.45,52.73,17.19,165.42,87.43,116.13,1120.88,54.53,623.77,2532.2,0,  GPS,150.3,113.1,115.9,125.3,118,1.015,       ,       ,      ,0.2,-24,-0.6,0,  NONE,   NONE,      ,      ,15.7,     3D,3704,      ,       ,84.5,       ,0,2595.3,0,FALSE,1,116.13,16,15.751,-0.03,10.8,FALSE,GROUND
7/25/2026, 05:14:02,  +00:00,  APNOM,-2.9454732,37.914566,2367,29.92,2595.5,20.8,0,15.36,16,0.48,0.98,-0.01,0.02,344.2,344.7,28.5,2.1,75.28,52.87,17.19,165.49,87.47,116.27,1119.75,54.53,623.51,2532.4,0,  GPS,323.1,113.1,115.9,125.3,118,0.017,       ,       ,      ,107.4,-36.9,-0.6,0,  NONE,   NONE,      ,      ,11.8,     3D,3704,      ,       ,84.5,       ,0,2595.5,0,FALSE,1,116.27,16,15.671,-0.01,11,FALSE,GROUND
7/25/2026, 05:14:03,  +00:00,  APNOM,-2.9454055,37.9145393,2367,29.92,2595.7,20.8,0,15.14,16,0.14,0.85,-0.02,0.03,344.1,344.3,28.5,1.9,75.11,53.15,17.21,165.56,87.44,116.2,1119.5,54.54,623.58,2532.6,0,  GPS,323.1,113.1,115.9,125.3,118,0.016,       ,       ,      ,107.4,-36.9,-0.6,0,  NONE,   NONE,      ,      ,15.7,     3D,3704,      ,       ,84.5,       ,0,2595.7,0,FALSE,1,116.2,16,15.638,0.01,11.2,FALSE,GROUND
7/25/2026, 05:14:04,  +00:00,  APNOM,-2.9453382,37.9145241,2368,29.92,2595.9,20.8,0,14.91,14.27,0.11,0.43,0.01,0.02,343.7,343.7,28.6,2.1,75.11,53.15,17.21,165.63,87.39,116.08,1119.57,54.54,623.61,2532.8,0,  GPS,323.1,113.1,115.9,125.3,118,0.015,       ,       ,      ,107.4,-36.9,-0.6,0,  NONE,   NONE,      ,      ,11.8,     3D,3704,      ,       ,84.5,       ,0,2595.9,0,FALSE,1,116.08,14.27,15.625,-0.01,11.4,FALSE,GROUND
7/25/2026, 05:14:05,  +00:00,  APNOM,-2.9452741,37.914505,2368,29.92,2596,20.8,0,14.64,14.82,0.52,0.59,-0.01,0.02,343.3,343.4,28.6,2.1,74.93,53.42,17.24,165.69,87.47,116.09,1119.49,54.53,624.01,2532.9,0,  GPS,323.1,113.1,115.9,125.3,118,0.014,       ,       ,      ,107.4,-36.9,-0.6,0,  NONE,   NONE,      ,      ,15.7,     3D,3704,      ,       ,84.5,       ,0,2596,0,FALSE,1,116.09,14.82,15.621,0,11.5,FALSE,GROUND
7/25/2026, 05:14:06,  +00:00,  APNOM,-2.9452097,37.9144821,2368,29.92,2596.2,20.8,0,14.37,15.47,0.09,0.6,0.03,-0.02,343.5,343.4,28.5,1.7,74.76,53.56,17.23,165.74,87.58,116.29,1119.63,54.54,623.79,2533.1,0,  GPS,323.1,113.1,115.9,125.3,118,0.014,       ,       ,      ,107.4,-36.9,-0.6,0,  NONE,   NONE,      ,      ,15.7,     3D,3704,      ,       ,84.5,       ,0,2596.2,0,FALSE,1,116.29,15.47,15.62,-0.04,11.7,FALSE,GROUND
7/25/2026, 05:14:07,  +00:00,  APNOM,-2.9451501,37.9144669,2368,29.92,2596.4,20.8,0,14.17,15.77,0.16,-0.12,0.03,-0.01,344,343.6,28.5,1.8,74.76,53.97,17.24,165.79,87.51,116.6,1119.48,54.53,623.29,2533.3,0,  GPS,323.1,113.1,115.9,125.3,118,0.013,       ,       ,      ,107.4,-36.9,-0.6,0,  NONE,   NONE,      ,      ,11.8,     3D,3704,      ,       ,84.5,       ,0,2596.4,0,FALSE,1,116.6,15.77,15.314,0.01,11.9,FALSE,GROUND
7/25/2026, 05:14:08,  +00:00,  APNOM,-2.945086,37.9144478,2369,29.92,2596.5,20.8,0,13.92,15.91,-0.05,-0.23,0,0.03,344,343.7,28.5,1.8,74.59,54.25,17.24,165.83,87.51,116.7,1119.38,54.53,622.91,2533.4,0,  GPS,323.1,113.1,115.9,125.3,118,0.012,       ,       ,      ,107.4,-36.9,-0.6,0,  NONE,   NONE,      ,      ,11.8,     3D,3704,      ,       ,84.5,       ,0,2596.5,0,FALSE,1,116.7,15.91,14.609,0.04,12,FALSE,GROUND
7/25/2026, 05:14:08,  +00:00,  APNOM,-2.9450257,37.9144325,2369,29.92,2596.8,20.8,0,13.76,15.97,-0.35,0.05,0.03,0.02,343.9,343.9,28.5,1.9,74.42,54.52,17.26,165.87,87.48,116.62,1119.09,54.53,622.99,2533.7,0,  GPS,323.1,113.1,115.9,125.3,118,0.012,       ,       ,      ,107.4,-36.9,-0.6,0,  NONE,   NONE,      ,      ,11.8,     3D,3704,      ,       ,84.5,       ,0,2596.8,0,FALSE,1,116.62,15.97,14.165,-0.01,12.3,FALSE,GROUND
7/25/2026, 05:14:10,  +00:00,  APNOM,-2.9449649,37.9144096,2369,29.92,2597,20.8,0,13.57,15.99,-0.01,0.13,-0.01,-0.01,343.9,344.2,28.5,1.9,74.25,54.93,17.26,165.91,87.54,116.58,1119.17,54.54,623.01,2533.9,0,  GPS,323.1,113.1,115.9,125.3,118,0.011,       ,       ,      ,107.4,-36.9,-0.6,0,  NONE,   NONE,      ,      ,7.9,     3D,3704,      ,       ,84.5,       ,0,2597,0,FALSE,1,116.58,15.99,14.133,-0.03,12.5,FALSE,GROUND
7/25/2026, 05:14:11,  +00:00,  APNOM,-2.944905,37.9143944,2369,29.92,2597.1,20.8,0,13.41,12.94,0.25,0.57,-0.01,-0.02,344.4,344.6,28.5,1.8,74.07,54.93,17.26,165.94,87.64,116.42,1118.49,54.51,622.95,2534,0,  GPS,323.1,113.1,115.9,125.3,118,0.01,       ,       ,      ,107.4,-36.9,-0.6,0,  NONE,   NONE,      ,      ,11.8,     3D,3704,      ,       ,84.5,       ,0,2597.1,0,FALSE,1,116.42,12.94,14.137,-0.01,12.6,FALSE,GROUND
7/25/2026, 05:14:12,  +00:00,  APNOM,-2.944845,37.9143753,2369,29.92,2597.3,20.8,0,13.2,8.95,-0.47,0.34,-0.02,0.01,344.8,344.8,28.5,1.5,73.9,55.21,17.28,165.98,87.61,116.41,1118.18,54.49,622.95,2534.2,0,  GPS,323.1,113.1,115.9,125.3,118,0.01,       ,       ,      ,107.4,-36.9,-0.6,0,  NONE,   NONE,      ,      ,11.8,     3D,3704,      ,       ,84.5,       ,0,2597.3,0,FALSE,1,116.41,8.95,13.644,0.03,12.8,FALSE,GROUND
7/25/2026, 05:14:13,  +00:00,  APNOM,-2.9447896,37.91436,2369,29.92,2597.5,20.8,0,13.02,11.56,-0.24,0.29,0.02,0.02,344.7,344.9,28.6,2.1,73.9,55.62,17.27,166.01,87.59,116.21,1118.11,54.49,623.1,2534.4,0,  GPS,323.1,113.1,115.9,125.3,118,0.009,       ,       ,      ,107.4,-36.9,-0.6,0,  NONE,   NONE,      ,      ,11.8,     3D,3704,      ,       ,84.5,       ,0,2597.5,0,FALSE,1,116.21,11.56,12.679,0.01,13,FALSE,GROUND
7/25/2026, 05:14:13,  +00:00,  APNOM,-2.9447322,37.9143448,2370,29.92,2597.7,20.8,0,12.85,13.95,-0.01,0.36,0.01,-0.05,344.1,344.8,28.5,1.4,73.73,55.89,17.28,166.04,87.56,116.14,1118.39,54.48,623.31,2534.6,0,  GPS,323.1,113.1,115.9,125.3,118,0.008,       ,       ,      ,107.4,-36.9,-0.6,0,  NONE,   NONE,      ,      ,11.8,     3D,3704,      ,       ,84.5,       ,0,2597.7,0,FALSE,1,116.14,13.95,11.811,-0.07,13.2,FALSE,GROUND
7/25/2026, 05:14:14,  +00:00,  APNOM,-2.9446757,37.9143295,2370,29.92,2597.8,20.8,0,12.73,14.86,-0.27,-0.07,-0.01,-0.01,344.1,344.2,28.5,1.4,73.39,56.17,17.3,166.06,87.54,116.27,1118.47,54.47,623.46,2534.7,0,  GPS,323.1,113.1,115.9,125.3,118,0.008,       ,       ,      ,107.4,-36.9,-0.6,0,  NONE,   NONE,      ,      ,7.9,     3D,3704,      ,       ,84.5,       ,0,2597.8,0,FALSE,1,116.27,14.86,11.231,0.04,13.3,FALSE,GROUND
7/25/2026, 05:14:16,  +00:00,  APNOM,-2.9446177,37.9143105,2370,29.92,2597.9,20.8,0,12.56,10.54,0.07,-0.15,0,0,343.7,343.8,28.6,2.3,73.22,56.58,17.31,166.08,87.5,116.51,1118.51,54.47,623.41,2534.8,0,  GPS,323.1,113.1,115.9,125.3,118,0.007,       ,       ,      ,107.4,-36.9,-0.6,0,  NONE,   NONE,      ,      ,7.9,     3D,3704,      ,       ,84.5,       ,0,2597.9,0,FALSE,1,116.51,10.54,10.941,0.01,13.4,FALSE,GROUND
7/25/2026, 05:14:17,  +00:00,  APNOM,-2.944562,37.9142914,2370,29.92,2598.1,20.8,0,12.44,6.12,-0.23,-0.8,0.02,-0.09,343.5,343.3,28.5,1.9,73.04,56.58,17.29,166.1,87.44,116.62,1118.55,54.47,623.26,2535,0,  GPS,323.1,113.1,115.9,125.3,118,0.006,       ,       ,      ,107.4,-36.9,-0.6,0,  NONE,   NONE,      ,      ,11.8,     3D,3704,      ,       ,84.5,       ,0,2598.1,0,FALSE,1,116.62,6.12,11.134,-0.09,13.6,FALSE,GROUND
7/25/2026, 05:14:18,  +00:00,  APNOM,-2.9445074,37.9142799,2370,29.92,2598.3,20.8,0,12.29,7.23,-0.1,-0.13,0.01,0.01,343.5,343.6,28.6,2.1,72.87,56.99,17.28,166.12,87.48,116.72,1118.29,54.46,623.05,2535.2,0,  GPS,323.1,113.1,115.9,125.3,118,0.006,       ,       ,      ,107.4,-36.9,-0.6,0,  NONE,   NONE,      ,      ,11.8,     3D,3704,      ,       ,84.5,       ,0,2598.3,0,FALSE,1,116.72,7.23,11.821,0.1,13.8,FALSE,GROUND
7/25/2026, 05:14:19,  +00:00,  APNOM,-2.9444537,37.9142609,2370,29.92,2598.6,20.8,0,12.11,10.17,0.11,-0.16,-0.01,-0.02,343.2,343.4,28.6,1.8,72.53,57.41,17.29,166.14,87.43,116.7,1117.9,54.45,622.96,2535.5,0,  GPS,323.1,113.1,115.9,125.3,118,0.005,       ,       ,      ,107.4,-36.9,-0.6,0,  NONE,   NONE,      ,      ,11.8,     3D,3704,      ,       ,84.5,       ,0,2598.6,0,FALSE,1,116.7,10.17,12.257,-0.03,14.1,FALSE,GROUND
7/25/2026, 05:14:20,  +00:00,  APNOM,-2.944401,37.9142456,2370,29.92,2598.8,20.8,0,11.9,13.09,0.18,0.02,-0.02,-0.02,343,343.1,28.5,1.7,72.53,57.82,17.3,166.15,87.55,116.84,1117.77,54.47,622.82,2535.7,0,  GPS,323.1,113.1,115.9,125.3,118,0.005,       ,       ,      ,107.4,-36.9,-0.6,0,  NONE,   NONE,      ,      ,11.8,     3D,3704,      ,       ,84.5,       ,0,2598.8,0,FALSE,1,116.84,13.09,12.168,0,14.3,FALSE,GROUND
7/25/2026, 05:14:21,  +00:00,  APNOM,-2.9443417,37.9142227,2371,29.92,2599.1,20.8,0,11.72,14.87,0.03,-0.27,-0.03,0,343.3,343.2,28.6,2.3,72.36,58.23,17.3,166.17,87.52,117.02,1117.72,54.47,622.68,2536,0,  GPS,323.1,113.1,115.9,125.3,118,0.004,       ,       ,      ,107.4,-36.9,-0.6,0,  NONE,   NONE,      ,      ,15.7,     3D,3704,      ,       ,84.5,       ,0,2599.1,0,FALSE,1,117.02,14.87,11.722,0.02,14.6,FALSE,GROUND
7/25/2026, 05:14:23,  +00:00,  APNOM,-2.9442475,37.914196,2371,29.92,2599.4,20.8,0,11.39,15.82,-0.03,-0.83,0.03,-0.05,343.2,343.2,28.6,2.1,72.01,58.64,17.31,166.19,87.47,116.9,1117.21,54.44,622.85,2536.3,0,  GPS,323.1,113.1,115.9,125.3,118,0.003,       ,       ,      ,107.3,-36.9,-0.6,0,  NONE,   NONE,      ,      ,11.8,     3D,3704,      ,       ,84.5,       ,0,2599.4,0,FALSE,1,116.9,15.82,11.288,-0.05,14.9,FALSE,GROUND
7/25/2026, 05:14:24,  +00:00,  APNOM,-2.9441972,37.9141808,2371,29.92,2599.6,20.8,0,11.27,15.92,-0.04,-0.81,-0.01,-0.04,343,343.3,28.5,1.5,71.5,59.05,17.3,166.2,87.47,116.82,1116.77,54.41,622.85,2536.5,0,  GPS,323.1,113.1,115.9,125.3,118,0.002,       ,       ,      ,107.3,-36.9,-0.6,0,  NONE,   NONE,      ,      ,3.9,     3D,3704,      ,       ,84.5,       ,0,2599.6,0,FALSE,1,116.82,15.92,11.484,0.01,15.1,FALSE,GROUND
7/25/2026, 05:14:25,  +00:00,  APNOM,-2.94415,37.9141655,2371,29.92,2599.7,20.8,0,11.2,13.06,-0.16,-0.2,-0.01,-0.01,343,343.1,28.5,1.6,70.98,59.47,17.31,166.2,87.47,116.76,1116.5,54.39,622.83,2536.6,0,  GPS,323.1,113.1,115.9,125.3,118,0.002,       ,       ,      ,107.3,-36.9,-0.6,0,  NONE,   NONE,      ,      ,3.9,     3D,3704,      ,       ,84.5,       ,0,2599.7,0,FALSE,1,116.76,13.06,11.925,0.03,15.2,FALSE,GROUND
7/25/2026, 05:14:25,  +00:00,  APNOM,-2.9441001,37.9141502,2371,29.92,2599.8,20.8,0,11.06,10.4,-0.23,0.15,0.03,0.04,343.4,343.6,28.5,1.8,70.46,59.88,17.31,166.21,87.43,116.81,1116.23,54.4,623.08,2536.7,0,  GPS,323.1,113.1,115.9,125.3,118,0.001,       ,       ,      ,107.3,-36.9,-0.6,0,  NONE,   NONE,      ,      ,7.9,     3D,3704,      ,       ,84.5,       ,0,2599.8,0,FALSE,1,116.81,10.4,12.242,0.05,15.3,FALSE,GROUND
7/25/2026, 05:14:27,  +00:00,  APNOM,-2.9440496,37.9141388,2372,29.92,2599.9,20.8,0,10.92,6.2,0,0.01,0.01,0.01,344.2,344.1,28.6,1.8,69.96,60.32,17.32,166.22,87.4,116.69,1115.95,54.4,623.29,2536.8,0,  GPS,323.1,113.1,115.9,125.3,118,0.001,       ,       ,      ,107.3,-36.9,-0.6,0,  NONE,   NONE,      ,      ,7.9,     3D,3704,      ,       ,84.5,       ,0,2599.9,0,FALSE,1,116.69,6.2,12.312,-0.03,15.4,FALSE,GROUND
7/25/2026, 05:14:28,  +00:00,  APNOM,-2.9440024,37.9141235,2372,29.92,2600.1,20.8,0,10.77,8.08,0.12,0.09,0.03,0.05,344.6,344.7,28.6,2,69.22,60.77,17.31,166.23,87.42,116.82,1115.72,54.4,623.31,2537,0,  GPS,323.1,113.1,115.9,125.3,118,0,       ,       ,      ,107.3,-36.9,-0.6,0,  NONE,   NONE,      ,      ,11.8,     3D,3704,      ,       ,84.5,       ,0,2600.1,0,FALSE,1,116.82,8.08,12.175,0.04,15.6,FALSE,GROUND
7/25/2026, 05:14:28,  +00:00,  APNOM,-2.9439552,37.9141121,2372,29.92,2600.2,20.8,0,10.59,11.64,-0.36,0.04,0,0.07,345,345.2,28.5,1.5,68.64,61.06,17.31,166.24,87.55,116.94,1115.49,54.39,623.17,2537.1,0,  GPS,323.1,113.1,115.9,125.3,118,0,       ,       ,      ,107.3,-36.9,-0.6,0,  NONE,   NONE,      ,      ,11.8,     3D,3704,      ,       ,84.5,       ,0,2600.2,0,FALSE,1,116.94,11.64,12.031,0.02,15.7,FALSE,GROUND
7/25/2026, 05:14:30,  +00:00,  APNOM,-2.9439089,37.9140968,2372,29.92,2600.4,20.8,0,10.3,13.34,-0.37,-0.48,0.03,0.07,346.1,345.7,28.6,1.9,68.64,61.06,17.31,166.24,87.51,116.81,1115.17,54.39,623.08,2537.3,0,  GPS,323.1,113.1,115.9,125.3,118,-0.001,       ,       ,      ,107.3,-36.9,-0.6,0,  NONE,   NONE,      ,      ,7.9,     3D,3704,      ,       ,84.5,       ,0,2600.4,0,FALSE,1,116.81,13.34,11.96,0,15.9,FALSE,GROUND
7/25/2026, 05:14:31,  +00:00,  APNOM,-2.9438636,37.9140854,2372,29.92,2600.5,20.8,0,9.87,13.79,-0.2,-0.55,0.03,0.03,347.6,347.1,28.5,1.7,68.05,61.51,17.32,166.24,87.47,116.89,1114.92,54.43,623.39,2537.4,0,  GPS,323.1,113.1,115.9,125.3,118,-0.001,       ,       ,      ,107.3,-36.9,-0.6,0,  NONE,   NONE,      ,      ,7.9,     3D,3704,      ,       ,84.5,       ,0,2600.5,0,FALSE,1,116.89,13.79,12.223,-0.04,16,FALSE,GROUND
7/25/2026, 05:14:32,  +00:00,  APNOM,-2.9438224,37.9140816,2373,29.92,2600.7,20.8,0,9.12,13.5,0.12,-0.49,0.03,0,350.3,349.5,28.6,2,67.32,61.81,17.35,166.24,87.46,116.77,1114.95,54.41,623.86,2537.6,0,  GPS,323.1,113.1,115.9,125.3,118,-0.002,       ,       ,      ,107.3,-36.9,-0.6,0,  NONE,   NONE,      ,      ,11.8,     3D,3704,      ,       ,84.5,       ,0,2600.7,0,FALSE,1,116.77,13.5,12.77,-0.03,16.2,FALSE,GROUND
7/25/2026, 05:14:33,  +00:00,  APNOM,-2.943784,37.9140778,2373,29.92,2600.8,20.8,0,8.46,14.38,-0.42,-0.56,0.04,0.02,354.5,353.4,28.6,1.7,66.58,62.11,17.35,166.24,87.43,117.02,1115.38,54.42,624.15,2537.7,0,  GPS,323.1,113.1,115.9,125.3,118,-0.003,       ,       ,      ,107.3,-36.9,-0.6,0,  NONE,   NONE,      ,      ,3.9,     3D,3704,      ,       ,84.5,       ,0,2600.8,0,FALSE,1,117.02,14.38,13.405,0.02,16.3,FALSE,GROUND
7/25/2026, 05:14:33,  +00:00,  APNOM,-2.9437482,37.9140701,2373,29.92,2600.9,20.8,0,7.76,15.21,-0.65,-0.32,0.05,-0.01,359.3,358.5,28.6,1.8,65.85,62.56,17.37,166.24,87.43,117.06,1115.75,54.42,624.32,2537.8,0,  GPS,323.1,113.1,115.9,125.3,118,-0.003,       ,       ,      ,107.3,-36.9,-0.6,0,  NONE,   NONE,      ,      ,7.9,     3D,3704,      ,       ,84.5,       ,0,2600.9,0,FALSE,1,117.06,15.21,13.226,-0.03,16.4,FALSE,GROUND
7/25/2026, 05:14:35,  +00:00,  APNOM,-2.9437139,37.9140778,2373,29.92,2600.9,20.8,0,7.33,15.69,-0.74,0.35,0.05,0.03,4.8,4.3,28.5,1.7,64.97,63.16,17.37,166.25,87.4,117.04,1115.61,54.43,624.62,2537.8,0,  GPS,323.1,113.1,115.9,125.3,118,-0.004,       ,       ,      ,107.3,-36.9,-0.6,0,  NONE,   NONE,      ,      ,3.9,     3D,3704,      ,       ,84.5,       ,0,2600.9,0,FALSE,1,117.04,15.69,12.329,0.04,16.4,FALSE,GROUND
7/25/2026, 05:14:36,  +00:00,  APNOM,-2.9436815,37.9140816,2373,29.92,2601,20.8,0,7.21,15.87,-0.69,0.77,0.04,0.04,9.2,8.8,28.5,1.8,64.97,63.16,17.35,166.25,87.39,116.81,1115.13,54.39,624.54,2537.9,0,  GPS,323.1,113.1,115.9,125.3,118,-0.004,       ,       ,      ,107.3,-36.9,-0.6,0,  NONE,   NONE,      ,      ,0,     3D,3704,      ,       ,84.5,       ,0,2601,0,FALSE,1,116.81,15.87,11.1,0.01,16.5,FALSE,GROUND
7/25/2026, 05:14:36,  +00:00,  APNOM,-2.9436498,37.9140854,2373,29.92,2601,20.8,0,7.15,12.55,-0.57,0.96,0,-0.05,13.8,12.6,28.5,1.7,64.09,63.76,17.35,166.25,87.36,116.81,1114.11,54.39,624.75,2537.9,0,  GPS,323.1,113.1,115.9,125.3,118,-0.005,       ,       ,      ,107.3,-36.9,-0.6,0,  NONE,   NONE,      ,      ,0,     3D,3704,      ,       ,84.5,       ,0,2601,0,FALSE,1,116.81,12.55,9.76,-0.09,16.5,FALSE,GROUND
7/25/2026, 05:14:38,  +00:00,  APNOM,-2.9436181,37.9141006,2374,29.92,2601,20.8,0,7.08,6.29,-1.05,1.69,-0.01,0,18.7,18.7,28.5,1.7,63.21,64.5,17.34,166.25,87.37,116.54,1114.15,54.36,624.96,2537.9,0,  GPS,323.1,113.1,115.9,125.3,118,-0.006,       ,       ,      ,107.3,-36.9,-0.6,0,  NONE,   NONE,      ,      ,0,     3D,3704,      ,       ,84.5,       ,0,2601,0,FALSE,1,116.54,6.29,8.424,0.05,16.5,FALSE,GROUND
7/25/2026, 05:14:39,  +00:00,  APNOM,-2.9435878,37.9141121,2374,29.92,2600.9,20.8,0,7.02,2.67,-1.07,1,0,0.02,24.3,23.1,28.6,1.7,62.33,65.1,17.31,166.24,87.35,115.91,1114.57,54.32,624.98,2537.8,0,  GPS,323.1,113.1,115.9,125.3,118,-0.007,       ,       ,      ,107.3,-36.9,-0.6,0,  NONE,   NONE,      ,      ,0,     3D,3704,      ,       ,84,       ,0,2600.9,0,FALSE,1,115.91,2.67,6.899,0.02,16.4,FALSE,GROUND
7/25/2026, 05:14:39,  +00:00,  APNOM,-2.9435589,37.9141235,2374,29.92,2600.8,20.8,0,7.08,1.05,-1.26,1.36,-0.01,-0.02,29.6,28.8,28.5,1.7,61.45,66,17.29,166.24,87.34,115.32,1114.03,54.26,625.04,2537.7,0,  GPS,323.1,113.1,115.9,125.3,118,-0.008,       ,       ,      ,107.3,-36.9,-0.6,0,  NONE,   NONE,      ,      ,-3.9,     3D,3704,      ,       ,84,       ,0,2600.8,0,FALSE,1,115.32,1.05,4.781,-0.04,16.3,FALSE,GROUND
7/25/2026, 05:14:41,  +00:00,  APNOM,-2.9435306,37.9141464,2373,29.92,2600.7,20.8,0,7.21,0.39,-1.25,1.38,0,-0.01,34.8,33.9,28.6,1.8,60.72,66.75,17.29,166.24,87.3,114.88,1113.52,54.24,625.18,2537.6,0,  GPS,323.1,113.1,115.9,125.3,118,-0.009,       ,       ,      ,107.3,-36.9,-0.6,0,  NONE,   NONE,      ,      ,-7.9,     3D,3704,      ,       ,84,       ,0,2600.7,0,FALSE,1,114.88,0.39,2.8,0.01,16.2,FALSE,GROUND
7/25/2026, 05:14:42,  +00:00,  APNOM,-2.9435036,37.9141655,2373,29.92,2600.6,20.8,0,7.37,0.14,-1,0.51,0.01,-0.03,40,38.3,28.6,1.6,60.72,66.75,17.28,166.24,87.34,114.82,1112.95,54.23,625.29,2537.5,0,  GPS,323.1,113.1,115.9,125.3,118,-0.01,       ,       ,      ,107.3,-36.9,-0.6,0,  NONE,   NONE,      ,      ,-7.9,     3D,3704,      ,       ,84,       ,0,2600.6,0,FALSE,1,114.82,0.14,1.017,-0.02,16.1,FALSE,GROUND
7/25/2026, 05:14:42,  +00:00,  APNOM,-2.9434791,37.9141884,2373,29.92,2600.5,20.8,0,7.39,-0.87,-0.57,0.64,0,-0.01,44.1,42.2,28.6,1.8,60.28,67.49,17.26,166.24,87.34,114.7,1111.86,54.19,625.07,2537.4,0,  GPS,323.1,113.1,115.9,125.3,118,-0.011,       ,       ,      ,107.3,-36.9,-0.6,0,  NONE,   NONE,      ,      ,0,     3D,3704,      ,       ,84,       ,0,2600.5,0,FALSE,1,114.7,-0.87,-0.319,0.02,16,FALSE,GROUND
7/25/2026, 05:14:44,  +00:00,  APNOM,-2.9434559,37.9142113,2373,29.92,2600.6,20.8,0,7.25,-5.97,-0.48,0.47,-0.02,-0.03,47.1,45.9,28.5,1.5,59.85,68.09,17.28,166.23,87.32,114.64,1111.16,54.19,625.07,2537.5,0,  GPS,323.1,113.1,115.9,125.3,118,-0.012,       ,       ,      ,107.3,-36.9,-0.6,0,  NONE,   NONE,      ,      ,3.9,     3D,3704,      ,       ,84,       ,0,2600.6,0,FALSE,1,114.64,-5.97,-0.981,-0.02,16.1,FALSE,GROUND
7/25/2026, 05:14:44,  +00:00,  APNOM,-2.9434338,37.914238,2373,29.92,2600.6,20.8,0,7.08,-4.12,-0.45,0.78,0,-0.03,49.5,48.1,28.6,1.7,59.72,68.39,17.28,166.22,87.38,114.46,1111.29,54.17,625.43,2537.4,0,  GPS,323.1,113.1,115.9,125.3,118,-0.013,       ,       ,      ,107.3,-36.9,-0.6,0,  NONE,   NONE,      ,      ,3.9,     3D,3704,      ,       ,84,       ,0,2600.6,0,FALSE,1,114.46,-4.12,-1.808,0,16.1,FALSE,GROUND
7/25/2026, 05:14:45,  +00:00,  APNOM,-2.943414,37.9142609,2373,29.92,2600.5,20.8,0,6.78,-1.96,-0.7,0.53,0.02,-0.02,51.5,50.7,28.6,1.8,59.72,68.69,17.26,166.21,87.51,114.14,1110.71,54.13,625.53,2537.4,0,  GPS,323.1,113.1,115.9,125.3,118,-0.014,       ,       ,      ,107.3,-36.9,-0.6,0,  NONE,   NONE,      ,      ,0,     3D,3704,      ,       ,84,       ,0,2600.5,0,FALSE,1,114.14,-1.96,-3.007,0.01,16,FALSE,GROUND
7/25/2026, 05:14:47,  +00:00,  APNOM,-2.9433956,37.9142876,2373,29.92,2600.3,20.8,0,6.45,-0.81,-1.27,0.92,0,0.03,54.3,53.8,28.6,1.8,59.85,68.69,17.25,166.2,87.44,113.96,1110.6,54.1,625.46,2537.2,0,  GPS,323.1,113.1,115.9,125.3,118,-0.015,       ,       ,      ,107.3,-36.9,-0.6,0,  NONE,   NONE,      ,      ,-3.9,     3D,3704,      ,       ,84,       ,0,2600.3,0,FALSE,1,113.96,-0.81,-3.962,0.05,15.8,FALSE,GROUND
7/25/2026, 05:14:47,  +00:00,  APNOM,-2.9433796,37.9143105,2373,29.92,2600.3,20.8,0,6.12,-0.33,-1,0.57,-0.02,-0.01,56,55.7,28.6,1.8,60.13,68.69,17.26,166.18,87.46,113.9,1110.43,54.1,625.59,2537.2,0,  GPS,323.1,113.1,115.9,125.3,118,-0.015,       ,       ,      ,107.3,-36.9,-0.6,0,  NONE,   NONE,      ,      ,0,     3D,3704,      ,       ,84,       ,0,2600.3,0,FALSE,1,113.9,-0.33,-4.084,-0.04,15.8,FALSE,GROUND
7/25/2026, 05:14:49,  +00:00,  APNOM,-2.9433646,37.9143295,2372,29.92,2600.3,20.8,0,5.7,-5.6,-1.16,0.44,-0.04,0.08,55.4,55.1,28.6,1.7,60.13,68.69,17.27,166.16,87.43,113.85,1110.43,54.11,625.96,2537.2,0,  GPS,323.1,113.1,115.9,125.3,118,-0.016,       ,       ,      ,107.3,-36.9,-0.6,0,  NONE,   NONE,      ,      ,0,     3D,3704,      ,       ,84,       ,0,2600.3,0,FALSE,1,113.85,-5.6,-3.552,0.09,15.8,FALSE,GROUND
7/25/2026, 05:14:50,  +00:00,  APNOM,-2.9433506,37.9143486,2372,29.92,2600.3,20.8,0,4.88,-10.94,-0.83,0.92,-0.07,0.08,51.2,51.5,28.6,1.6,60.57,68.39,17.28,166.14,87.4,113.99,1110.02,54.13,626.63,2537.2,0,  GPS,323.1,113.1,115.9,125.3,118,-0.017,       ,       ,      ,107.3,-36.9,-0.6,0,  NONE,   NONE,      ,      ,7.9,     3D,3704,      ,       ,84,       ,0,2600.3,0,FALSE,1,113.99,-10.94,-2.663,0,15.8,FALSE,GROUND
7/25/2026, 05:14:50,  +00:00,  APNOM,-2.9433358,37.91436,2373,29.92,2600.3,20.8,0,4.39,-9.16,-0.71,0.12,-0.04,0.02,45.4,44,28.6,1.9,61.01,68.09,17.28,166.11,87.34,117.2,1104.09,54.15,626.88,2537.2,0,  GPS,323.1,113.1,115.9,125.3,118,-0.017,       ,       ,      ,107.3,-36.9,-0.6,0,  NONE,   NONE,      ,      ,3.9,     3D,3704,      ,       ,84,       ,0,2600.3,0,FALSE,1,117.2,-9.16,-2.114,-0.06,15.8,FALSE,GROUND
7/25/2026, 05:14:52,  +00:00,  APNOM,-2.9433191,37.9143753,2373,29.92,2600.3,20.8,0,4.51,-1.08,-0.96,0.65,-0.07,-0.09,38.9,38.8,28.6,1.6,61.6,68.09,17.27,166.09,87.35,148.54,984.98,54.12,627.18,2537.2,0,  GPS,323.1,113.1,115.9,125.3,118,-0.018,       ,       ,      ,107.3,-36.9,-0.6,0,  NONE,   NONE,      ,      ,3.9,     3D,3704,      ,       ,84,       ,0,2600.3,0,FALSE,1,148.54,-1.08,-1.862,-0.11,15.8,FALSE,GROUND
7/25/2026, 05:14:53,  +00:00,  APNOM,-2.9433005,37.9143829,2373,29.92,2600.6,20.8,0,4.47,4.45,-0.8,0.74,-0.06,0.04,30.2,30.2,28.6,1.9,62.04,67.49,17.25,166.07,87.55,199,770.17,54.1,626.98,2537.5,0,  GPS,323.1,113.1,115.9,125.3,118,-0.019,       ,       ,      ,107.3,-36.9,-0.6,0,  NONE,   NONE,      ,      ,3.9,     3D,3704,      ,       ,84,       ,0,2600.6,0,FALSE,1,199,4.45,-1.759,0.13,16.1,FALSE,GROUND
7/25/2026, 05:14:53,  +00:00,  APNOM,-2.9432826,37.9143867,2373,29.92,2600.7,20.8,0,4.2,2.92,-0.98,1.09,-0.03,0.02,21.6,21.6,28.5,1.6,62.48,67.05,17.22,166.05,87.65,240.28,589.67,54.18,625.35,2537.6,0,  GPS,323.1,113.1,115.9,125.3,118,-0.019,       ,       ,      ,107.3,-36.9,-0.6,0,  NONE,   NONE,      ,      ,3.9,     3D,3704,      ,       ,84,       ,0,2600.7,0,FALSE,1,240.28,2.92,-1.702,-0.02,16.2,FALSE,GROUND
7/25/2026, 05:14:55,  +00:00,  APNOM,-2.9432659,37.9143944,2373,29.92,2600.8,20.8,0,3.87,1.37,-0.78,1.21,-0.02,-0.02,16.9,17.1,28.6,2,62.48,66.6,17.19,166.03,87.68,266.54,467.49,54.33,622.27,2537.7,0,  GPS,323.1,113.1,115.9,125.3,118,-0.019,       ,       ,      ,107.3,-36.9,-0.6,0,  NONE,   NONE,      ,      ,0,     3D,3704,      ,       ,84,       ,0,2600.8,0,FALSE,1,266.54,1.37,-0.523,-0.04,16.3,FALSE,GROUND
7/25/2026, 05:14:55,  +00:00,  APNOM,-2.9432521,37.9143982,2373,29.92,2600.9,21,0,3.23,0.56,-0.87,1.55,-0.06,-0.05,13.9,15,28.5,1.7,63.21,65.85,17.14,166.02,87.71,283.73,413.07,54.44,618.05,2537.8,0,  GPS,323.1,113.1,115.9,125.3,118,-0.02,       ,       ,      ,107.3,-36.9,-0.6,0,  NONE,   NONE,      ,      ,3.9,     3D,3704,      ,       ,84,       ,0,2600.9,0,FALSE,1,283.73,0.56,1.378,-0.03,16.4,FALSE,GROUND
7/25/2026, 05:14:56,  +00:00,  APNOM,-2.9432399,37.914402,2373,29.92,2600.7,21,0,2.55,0.22,-0.8,1.03,-0.02,-0.06,11.6,10.4,28.5,1.5,63.95,65.1,17.1,166,87.68,294.62,371.3,54.51,613.68,2537.6,0,  GPS,323.1,113.1,115.9,125.3,118,-0.02,       ,       ,      ,107.3,-36.9,-0.6,0,  NONE,   NONE,      ,      ,0,     3D,3704,      ,       ,84,       ,0,2600.7,0,FALSE,1,294.62,0.22,3.219,-0.01,16.2,FALSE,GROUND
7/25/2026, 05:14:58,  +00:00,  APNOM,-2.9432316,37.914402,2373,29.92,2600.7,21,0,1.9,0.24,-1.29,1.79,-0.04,0.01,9.5,10.5,28.5,1.7,64.53,65.1,17.08,165.99,87.69,301.56,351.54,54.57,610.26,2537.6,0,  GPS,323.1,113.1,115.9,125.3,118,-0.02,       ,       ,      ,107.3,-36.9,-0.6,0,  NONE,   NONE,      ,      ,0,     3D,3704,      ,       ,84,       ,0,2600.7,0,FALSE,1,301.56,0.24,4.108,0.07,16.2,FALSE,GROUND
7/25/2026, 05:14:58,  +00:00,  APNOM,-2.9432273,37.914402,2373,29.92,2600.6,20.8,0,0.97,6.19,-0.94,1.7,-0.02,-0.02,9.2,10.5,28.5,1.6,65.27,64.35,17.08,165.98,87.75,304.78,335.85,54.56,607.72,2537.5,0,  GPS,323.1,113.1,115.9,125.3,118,-0.02,       ,       ,      ,107.3,-36.9,-0.6,0,  NONE,   NONE,      ,      ,3.9,     3D,3704,      ,       ,84,       ,0,2600.6,0,FALSE,1,304.78,6.19,4.055,-0.03,16.1,FALSE,GROUND
7/25/2026, 05:15:00,  +00:00,  APNOM,-2.9432242,37.914402,2373,29.92,2600.6,20.8,0,0,8.07,-1.04,1.55,-0.01,0,8.9,10.5,28.5,1.7,66,63.61,17.08,165.97,87.8,306.43,326.07,54.46,606.61,2537.5,0,  GPS,323.1,113.1,115.9,125.3,118,-0.02,       ,       ,      ,107.3,-36.9,-0.6,0,  NONE,   NONE,      ,      ,0,     3D,3704,      ,       ,84,       ,0,2600.6,0,FALSE,1,306.43,8.07,3.93,0.02,16.1,FALSE,GROUND
7/25/2026, 05:15:01,  +00:00,  APNOM,-2.9432235,37.914402,2374,29.92,2600.7,21,0,0,9.25,-0.93,1.61,-0.04,0,8.9,10.5,28.5,1.6,66,62.71,17.11,165.97,87.81,308.01,316.47,54.42,606.64,2537.6,0,  GPS,323.1,113.1,115.9,125.3,118,-0.02,       ,       ,      ,107.3,-36.9,-0.6,0,  NONE,   NONE,      ,      ,0,     3D,3704,      ,       ,84,       ,0,2600.7,0,FALSE,1,308.01,9.25,4.198,0,16.2,FALSE,GROUND
7/25/2026, 05:15:01,  +00:00,  APNOM,-2.9432232,37.914402,2373,29.92,2600.7,21,0,0,7.81,-0.87,1.64,-0.02,0,8.9,10.5,28.6,1.8,66.73,61.81,17.13,165.99,87.84,308.44,311.91,54.39,607.5,2537.6,0,  GPS,323.1,113.1,115.9,125.3,118,-0.02,       ,       ,      ,107.3,-36.9,-0.6,0,  NONE,   NONE,      ,      ,0,     3D,3704,      ,       ,84,       ,0,2600.7,0,FALSE,1,308.44,7.81,5.136,0,16.2,FALSE,GROUND
7/25/2026, 05:15:03,  +00:00,  APNOM,-2.9432237,37.914402,2373,29.92,2600.7,21,0,0,3.92,-0.82,1.63,-0.02,0,8.9,10.5,28.5,1.5,67.46,60.92,17.13,166.02,87.77,307.67,309.98,54.36,608.46,2537.6,0,  GPS,323.1,113.1,115.9,125.3,118,-0.02,       ,       ,      ,107.3,-36.9,-0.6,0,  NONE,   NONE,      ,      ,0,     3D,3704,      ,       ,84,       ,0,2600.7,0,FALSE,1,307.67,3.92,6.115,0,16.2,FALSE,GROUND
7/25/2026, 05:15:04,  +00:00,  APNOM,-2.943224,37.914402,2373,29.92,2600.6,21,0,0,1.67,-0.85,1.64,-0.02,0,8.9,10.5,28.5,1.7,68.2,60.02,17.13,166.05,87.78,308.56,307.78,54.36,608.9,2537.5,0,  GPS,323.1,113.1,115.9,125.3,118,-0.02,       ,       ,      ,107.3,-36.9,-0.6,0,  NONE,   NONE,      ,      ,0,     3D,3704,      ,       ,84,       ,0,2600.6,0,FALSE,1,308.56,1.67,6.21,0,16.1,FALSE,GROUND
7/25/2026, 05:15:04,  +00:00,  APNOM,-2.9432237,37.914402,2374,29.92,2600.5,21,0,0,4.05,-0.85,1.65,-0.02,0,8.9,10.5,28.5,1.6,68.78,60.02,17.12,166.09,87.76,308.62,303.57,54.34,608.93,2537.4,0,  GPS,323.1,113.1,115.9,125.3,118,-0.02,       ,       ,      ,107.3,-36.9,-0.6,0,  NONE,   NONE,      ,      ,0,     3D,3704,      ,       ,84,       ,0,2600.5,0,FALSE,1,308.62,4.05,5.045,0,16,FALSE,GROUND
7/25/2026, 05:15:06,  +00:00,  APNOM,-2.9432237,37.914402,2374,29.92,2600.5,21,0,0,9.94,-0.87,1.66,-0.02,0,8.9,10.5,28.6,1.7,68.78,59.19,17.14,166.13,87.76,308.26,304.13,54.36,609.6,2537.4,0,  GPS,323.1,113.1,115.9,125.3,118,-0.02,       ,       ,      ,107.3,-36.9,-0.6,0,  NONE,   NONE,      ,      ,0,     3D,3704,      ,       ,84,       ,0,2600.5,0,FALSE,1,308.26,9.94,3.861,0,16,FALSE,GROUND
7/25/2026, 05:15:06,  +00:00,  APNOM,-2.9432237,37.914402,2374,29.92,2600.4,21,0,0,10.01,-0.88,1.66,-0.03,0,8.9,10.5,28.5,1.6,69.22,58.64,17.15,166.18,87.76,307.8,304.92,54.35,610.33,2537.3,0,  GPS,323.1,113.1,115.9,125.3,118,-0.02,       ,       ,      ,107.3,-36.9,-0.6,0,  NONE,   NONE,      ,      ,0,     3D,3704,      ,       ,84,       ,0,2600.4,0,FALSE,1,307.8,10.01,2.757,0,15.9,FALSE,GROUND
7/25/2026, 05:15:07,  +00:00,  APNOM,-2.9432237,37.914402,2373,29.92,2600.4,21,0,0,1.19,-0.89,1.66,-0.02,0,8.9,10.5,28.5,1.7,69.66,58.09,17.15,166.23,87.72,307.41,303.61,54.36,610.96,2537.3,0,  GPS,323.1,113.1,115.9,125.3,118,-0.02,       ,       ,      ,107.3,-36.9,-0.6,0,  NONE,   NONE,      ,      ,0,     3D,3704,      ,       ,84,       ,0,2600.4,0,FALSE,1,307.41,1.19,1.902,0,15.9,FALSE,GROUND
7/25/2026, 05:15:09,  +00:00,  APNOM,-2.9432232,37.914402,2374,29.92,2600.3,21,0,0,-5.46,-0.9,1.66,-0.02,0,8.9,10.5,28.5,1.6,70.29,57.54,17.15,166.28,87.89,307.83,301.93,54.32,611.64,2537.1,0,  GPS,323.1,113.1,115.9,125.3,118,-0.02,       ,       ,      ,107.3,-36.9,-0.6,0,  NONE,   NONE,      ,      ,0,     3D,3704,      ,       ,84,       ,0,2600.3,0,FALSE,1,307.83,-5.46,1.037,0,15.8,FALSE,GROUND
7/25/2026, 05:15:09,  +00:00,  APNOM,-2.9432232,37.914402,2374,29.92,2600.2,21,0,0,-3.77,-0.91,1.65,-0.02,0,8.9,10.5,28.6,1.8,70.81,56.99,17.15,166.35,87.92,307.18,300.08,54.32,612.21,2537.1,0,  GPS,323.1,113.1,115.9,125.3,118,-0.02,       ,       ,      ,107.3,-36.9,-0.6,0,  NONE,   NONE,      ,      ,0,     3D,3704,      ,       ,84,       ,0,2600.2,0,FALSE,1,307.18,-3.77,-0.182,0,15.7,FALSE,GROUND
7/25/2026, 05:15:11,  +00:00,  APNOM,-2.9432232,37.914402,2374,29.92,2600,21,0,0,-1.79,-0.86,1.63,-0.02,0,8.9,10.5,28.5,1.6,70.81,56.99,17.14,166.43,87.82,307.08,302.39,54.34,612.74,2536.9,0,  GPS,323.1,113.1,115.9,125.3,118,-0.02,       ,       ,      ,107.3,-36.9,-0.6,0,  NONE,   NONE,      ,      ,0,     3D,3704,      ,       ,84,       ,0,2600,0,FALSE,1,307.08,-1.79,-1.718,0,15.5,FALSE,GROUND
7/25/2026, 05:15:12,  +00:00,  APNOM,-2.943223,37.914402,2373,29.92,2600,21,0,0,-0.74,-0.79,1.61,-0.03,0,8.9,10.5,28.5,1.6,71.32,56.44,17.15,166.51,87.85,307.43,301.55,54.33,612.78,2536.9,0,  GPS,323.1,113.1,115.9,125.3,118,-0.02,       ,       ,      ,107.3,-36.9,-0.6,0,  NONE,   NONE,      ,      ,0,     3D,3704,      ,       ,84,       ,0,2600,0,FALSE,1,307.43,-0.74,-3.332,0,15.5,FALSE,GROUND
7/25/2026, 05:15:12,  +00:00,  APNOM,-2.9432237,37.914402,2373,29.92,2600.2,21,0,0,-4.73,-0.74,1.59,-0.02,0,8.9,10.5,28.5,1.5,71.67,56.03,17.13,166.6,87.85,307.1,304.36,54.34,612.33,2537.1,0,  GPS,323.1,113.1,115.9,125.3,118,-0.02,       ,       ,      ,107.3,-36.9,-0.6,0,  NONE,   NONE,      ,      ,0,     3D,3704,      ,       ,84,       ,0,2600.2,0,FALSE,1,307.1,-4.73,-4.606,0,15.7,FALSE,GROUND
7/25/2026, 05:15:14,  +00:00,  APNOM,-2.9432237,37.914402,2373,29.92,2600.2,21,0,0,-10.52,-0.76,1.59,-0.02,0,8.9,10.5,28.5,1.6,72.01,55.62,17.13,166.69,87.82,307.15,304.18,54.34,611.93,2537.1,0,  GPS,323.1,113.1,115.9,125.3,118,-0.02,       ,       ,      ,107.3,-36.9,-0.6,0,  NONE,   NONE,      ,      ,0,     3D,3704,      ,       ,84,       ,0,2600.2,0,FALSE,1,307.15,-10.52,-4.834,0,15.7,FALSE,GROUND
7/25/2026, 05:15:14,  +00:00,  APNOM,-2.9432237,37.914402,2373,29.92,2600.2,21,0,0,-11.31,-0.64,1.56,-0.03,0,8.9,10.5,28.5,1.6,72.53,55.07,17.12,166.78,87.78,307.31,304.15,54.34,611.58,2537,0,  GPS,323.1,113.1,115.9,125.3,118,-0.02,       ,       ,      ,107.3,-36.9,-0.6,0,  NONE,   NONE,      ,      ,0,     3D,3704,      ,       ,84,       ,0,2600.2,0,FALSE,1,307.31,-11.31,-4.329,0,15.7,FALSE,GROUND
7/25/2026, 05:15:15,  +00:00,  APNOM,-2.9432237,37.914402,2373,29.92,2600.1,21,0,0,-6.2,-0.6,1.54,-0.02,0,8.9,10.5,28.6,1.6,73.04,54.52,17.12,166.87,87.78,306.92,306.27,54.33,611.54,2537,0,  GPS,323.1,113.1,115.9,125.3,118,-0.02,       ,       ,      ,107.3,-36.9,-0.6,0,  NONE,   NONE,      ,      ,0,     3D,3704,      ,       ,84,       ,0,2600.1,0,FALSE,1,306.92,-6.2,-3.967,0,15.6,FALSE,GROUND
7/25/2026, 05:15:17,  +00:00,  APNOM,-2.943223,37.914402,2373,29.92,2599.8,21,0,0,-2.73,-0.56,1.54,-0.03,0,8.9,10.5,28.6,1.6,73.04,54.52,17.12,166.97,87.74,306.96,307.91,54.35,611.2,2536.7,0,  GPS,323.1,113.1,115.9,125.3,118,-0.02,       ,       ,      ,107.3,-36.9,-0.6,0,  NONE,   NONE,      ,      ,0,     3D,3704,      ,       ,84,       ,0,2599.8,0,FALSE,1,306.96,-2.73,-3.793,0,15.3,FALSE,GROUND
7/25/2026, 05:15:17,  +00:00,  APNOM,-2.943223,37.914402,2373,29.92,2599.8,21,0,0,-1.09,-0.53,1.53,-0.02,0,8.9,10.5,28.5,1.3,73.56,53.97,17.13,167.08,87.77,308.37,304.47,54.33,610.88,2536.7,0,  GPS,323.1,113.1,115.9,125.3,118,-0.02,       ,       ,      ,107.3,-36.9,-0.6,0,  NONE,   NONE,      ,      ,0,     3D,3704,      ,       ,84,       ,0,2599.8,0,FALSE,1,308.37,-1.09,-3.721,0,15.3,FALSE,GROUND
7/25/2026, 05:15:18,  +00:00,  APNOM,-2.943223,37.914402,2373,29.92,2599.8,21,0,0,-0.41,-0.48,1.51,-0.03,0,8.9,10.5,28.5,1.7,74.07,53.56,17.13,167.18,87.77,308.7,301.48,54.36,610.55,2536.7,0,  GPS,323.1,113.1,115.9,125.3,118,-0.02,       ,       ,      ,107.3,-36.9,-0.6,0,  NONE,   NONE,      ,      ,0,     3D,3704,      ,       ,83.5,       ,0,2599.8,0,FALSE,1,308.7,-0.41,-3.249,0,15.3,FALSE,GROUND
7/25/2026, 05:15:20,  +00:00,  APNOM,-2.943223,37.914402,2373,29.92,2599.8,21,0,0,-0.15,-0.49,1.49,-0.03,0,8.9,10.5,28.6,1.7,74.59,53.15,17.12,167.29,87.77,308.37,300.46,54.3,610.59,2536.7,0,  GPS,323.1,113.1,115.9,125.3,118,-0.02,       ,       ,      ,107.3,-36.9,-0.6,0,  NONE,   NONE,      ,      ,0,     3D,3704,      ,       ,83.5,       ,0,2599.8,0,FALSE,1,308.37,-0.15,-2.197,0,15.3,FALSE,GROUND
7/25/2026, 05:15:20,  +00:00,  APNOM,-2.9432232,37.914402,2373,29.92,2600.1,21,0,0,-0.05,-0.42,1.49,-0.03,0,8.9,10.5,28.6,1.7,75.11,52.73,17.12,167.4,87.69,307.51,301.25,54.29,611.06,2537,0,  GPS,323.1,113.1,115.9,125.3,118,-0.02,       ,       ,      ,107.3,-36.9,-0.6,0,  NONE,   NONE,      ,      ,3.9,     3D,3704,      ,       ,83.5,       ,0,2600.1,0,FALSE,1,307.51,-0.05,-1.066,0,15.6,FALSE,GROUND
7/25/2026, 05:15:22,  +00:00,  APNOM,-2.9432232,37.914402,2373,29.92,2600.2,21,0,0,-0.02,-0.37,1.47,-0.03,0,8.9,10.5,28.5,1.4,75.62,52.32,17.12,167.5,87.68,306.6,303.69,54.31,611.76,2537.1,0,  GPS,323.1,113.1,115.9,125.3,118,-0.02,       ,       ,      ,107.3,-36.9,-0.6,0,  NONE,   NONE,      ,      ,0,     3D,3704,      ,       ,83.5,       ,0,2600.2,0,FALSE,1,306.6,-0.02,-0.446,0,15.7,FALSE,GROUND
7/25/2026, 05:15:23,  +00:00,  APNOM,-2.9432237,37.914402,2373,29.92,2600.1,21,0,0,-0.01,-0.34,1.47,-0.03,0,8.9,10.5,28.5,1.6,76.31,51.91,17.12,167.61,87.72,306.55,304.36,54.31,612.1,2537,0,  GPS,323.1,113.1,115.9,125.3,118,-0.02,       ,       ,      ,107.3,-36.9,-0.6,0,  NONE,   NONE,      ,      ,0,     3D,3704,      ,       ,83.5,       ,0,2600.1,0,FALSE,1,306.55,-0.01,-0.173,0,15.6,FALSE,GROUND
7/25/2026, 05:15:23,  +00:00,  APNOM,-2.9432237,37.914402,2373,29.92,2600.2,21,0,0,0,-0.32,1.46,-0.02,0,8.9,10.5,28.5,1.5,76.31,51.91,17.12,167.71,87.68,306.98,304,54.33,612.2,2537.1,0,  GPS,323.1,113.1,115.9,125.3,118,-0.02,       ,       ,      ,107.3,-36.9,-0.6,0,  NONE,   NONE,      ,      ,0,     3D,3704,      ,       ,83.5,       ,0,2600.2,0,FALSE,1,306.98,0,-0.064,0,15.7,FALSE,GROUND
7/25/2026, 05:15:25,  +00:00,  APNOM,-2.9432232,37.914402,2373,29.92,2600,21,0,0,0,-0.29,1.46,-0.03,0,8.9,10.5,28.6,1.7,76.82,51.5,17.13,167.8,87.68,307.55,302.73,54.38,612.1,2536.9,0,  GPS,323.1,113.1,115.9,125.3,118,-0.02,       ,       ,      ,107.3,-36.9,-0.6,0,  NONE,   NONE,      ,      ,0,     3D,3704,      ,       ,83.5,       ,0,2600,0,FALSE,1,307.55,0,0.461,0,15.5,FALSE,GROUND
7/25/2026, 05:15:25,  +00:00,  APNOM,-2.9432232,37.914402,2373,29.92,2600,21,0,0,0,-0.26,1.45,-0.03,0,8.9,10.5,28.5,1.6,77.34,51.09,17.12,167.89,87.68,308.19,302.05,54.33,611.61,2536.9,0,  GPS,323.1,113.1,115.9,125.3,118,-0.02,       ,       ,      ,107.3,-36.9,-0.6,0,  NONE,   NONE,      ,      ,0,     3D,3704,      ,       ,83.5,       ,0,2600,0,FALSE,1,308.19,0,0.924,0,15.5,FALSE,GROUND
7/25/2026, 05:15:26,  +00:00,  APNOM,-2.9432237,37.914402,2373,29.92,2600,21,0,0,0,-0.24,1.46,-0.02,0,8.9,10.5,28.6,1.6,77.86,50.81,17.12,167.98,87.64,308.77,299.99,54.33,611.28,2536.9,0,  GPS,323.1,113.1,115.9,125.3,118,-0.02,       ,       ,      ,107.3,-36.9,-0.6,0,  NONE,   NONE,      ,      ,0,     3D,3704,      ,       ,83.5,       ,0,2600,0,FALSE,1,308.77,0,1.16,0,15.5,FALSE,GROUND
7/25/2026, 05:15:28,  +00:00,  APNOM,-2.9432237,37.914402,2373,29.92,2600.1,21,0,0,0,-0.22,1.44,-0.03,0,8.9,10.5,28.6,1.5,78.2,50.4,17.12,168.06,87.65,308.07,301.85,54.34,611.07,2537,0,  GPS,323.1,113.1,115.9,125.3,118,-0.02,       ,       ,      ,107.3,-36.9,-0.6,0,  NONE,   NONE,      ,      ,0,     3D,3704,      ,       ,83.5,       ,0,2600.1,0,FALSE,1,308.07,0,1.533,0,15.6,FALSE,GROUND
7/25/2026, 05:15:29,  +00:00,  APNOM,-2.943224,37.914402,2374,29.92,2600.3,21,0,0,4.84,-0.21,1.45,-0.03,0,8.9,10.5,28.5,1.9,78.72,50.12,17.13,168.14,87.64,307.51,305.39,54.35,610.82,2537.2,0,  GPS,323.1,113.1,115.9,125.3,118,-0.02,       ,       ,      ,107.3,-36.9,-0.6,0,  NONE,   NONE,      ,      ,0,     3D,3704,      ,       ,83.5,       ,0,2600.3,0,FALSE,1,307.51,4.84,2.199,0,15.8,FALSE,GROUND
7/25/2026, 05:15:30,  +00:00,  APNOM,-2.943224,37.914402,2373,29.92,2600.3,21,0,0,4.48,-0.18,1.44,-0.03,0,8.9,10.5,28.5,1.5,78.72,50.12,17.12,168.22,87.67,306.87,309.02,54.35,610.58,2537.2,0,  GPS,323.1,113.1,115.9,125.3,118,-0.02,       ,       ,      ,107.3,-36.9,-0.6,0,  NONE,   NONE,      ,      ,0,     3D,3704,      ,       ,83.5,       ,0,2600.3,0,FALSE,1,306.87,4.48,3.297,0,15.8,FALSE,GROUND
7/25/2026, 05:15:31,  +00:00,  APNOM,-2.943224,37.914402,2373,29.92,2600.3,21,0,0,2.31,-0.15,1.42,-0.03,0,8.9,10.5,28.5,1.4,79.06,49.85,17.11,168.3,87.81,308.92,304.49,54.35,610.22,2537.2,0,  GPS,323.1,113.1,115.9,125.3,118,-0.02,       ,       ,      ,107.3,-36.9,-0.6,0,  NONE,   NONE,      ,      ,0,     3D,3704,      ,       ,83.5,       ,0,2600.3,0,FALSE,1,308.92,2.31,4.666,0,15.8,FALSE,GROUND
7/25/2026, 05:15:31,  +00:00,  APNOM,-2.943224,37.914402,2374,29.92,2600.3,21,0,0,3.71,-0.13,1.43,-0.02,0,8.9,10.5,28.5,1.4,79.4,49.44,17.11,168.37,87.81,308.78,300.72,54.33,609.99,2537.2,0,  GPS,323.1,113.1,115.9,125.3,118,-0.02,       ,       ,      ,107.3,-36.9,-0.6,0,  NONE,   NONE,      ,      ,0,     3D,3704,      ,       ,83.5,       ,0,2600.3,0,FALSE,1,308.78,3.71,5.799,0,15.8,FALSE,GROUND
7/25/2026, 05:15:33,  +00:00,  APNOM,-2.9432244,37.914402,2374,29.92,2600.4,21,0,0,6.65,-0.11,1.43,-0.03,0,8.9,10.5,28.5,1.5,79.75,49.17,17.11,168.44,87.8,308.52,301.44,54.33,610,2537.3,0,  GPS,323.1,113.1,115.9,125.3,118,-0.02,       ,       ,      ,107.3,-36.9,-0.6,0,  NONE,   NONE,      ,      ,0,     3D,3704,      ,       ,83.5,       ,0,2600.4,0,FALSE,1,308.52,6.65,6.194,0,15.9,FALSE,GROUND
7/25/2026, 05:15:34,  +00:00,  APNOM,-2.9432244,37.914402,2374,29.92,2600.4,21,0,0,10.98,-0.09,1.41,-0.02,0,8.9,10.5,28.6,1.5,79.92,49.17,17.12,168.51,87.77,308.67,299.25,54.32,610.29,2537.3,0,  GPS,323.1,113.1,115.9,125.3,118,-0.02,       ,       ,      ,107.3,-36.9,-0.6,0,  NONE,   NONE,      ,      ,0,     3D,3704,      ,       ,83.5,       ,0,2600.4,0,FALSE,1,308.67,10.98,5.603,0,15.9,FALSE,GROUND
7/25/2026, 05:15:34,  +00:00,  APNOM,-2.9432249,37.914402,2375,29.92,2600.4,21,0,0,13.69,-0.07,1.41,-0.02,0,8.9,10.5,28.5,1.4,80.19,49.04,17.12,168.57,87.74,308.8,298.37,54.34,610.73,2537.3,0,  GPS,323.1,113.1,115.9,125.3,118,-0.02,       ,       ,      ,107.3,-36.9,-0.6,0,  NONE,   NONE,      ,      ,0,     3D,3704,      ,       ,83.5,       ,0,2600.4,0,FALSE,1,308.8,13.69,4.427,0,15.9,FALSE,GROUND
7/25/2026, 05:15:36,  +00:00,  APNOM,-2.9432249,37.914402,2374,29.92,2600.5,21,0,0,11.33,-0.05,1.4,-0.02,0,8.9,10.5,28.5,1.4,80.19,48.77,17.12,168.63,87.75,307.84,299.25,54.33,611.34,2537.4,0,  GPS,323.1,113.1,115.9,125.3,118,-0.02,       ,       ,      ,107.3,-36.9,-0.6,0,  NONE,   NONE,      ,      ,0,     3D,3704,      ,       ,83.5,       ,0,2600.5,0,FALSE,1,307.84,11.33,3.094,0,16,FALSE,GROUND
7/25/2026, 05:15:36,  +00:00,  APNOM,-2.9432242,37.914402,2374,29.92,2600.3,21,0,0,3.95,-0.07,1.4,-0.02,0,8.9,10.5,28.5,1.4,80.44,48.5,17.13,168.68,87.73,306.61,303.11,54.36,611.82,2537.2,0,  GPS,323.1,113.1,115.9,125.3,118,-0.02,       ,       ,      ,107.3,-36.9,-0.6,0,  NONE,   NONE,      ,      ,0,     3D,3704,      ,       ,83.5,       ,0,2600.3,0,FALSE,1,306.61,3.95,2.245,0,15.8,FALSE,GROUND
7/25/2026, 05:15:38,  +00:00,  APNOM,-2.9432242,37.914402,2374,29.92,2600.4,21,0,0,-5.91,-0.05,1.38,-0.02,0,8.9,10.5,28.5,1.3,80.57,48.36,17.13,168.72,87.68,307.65,302.51,54.33,612,2537.3,0,  GPS,323.1,113.1,115.9,125.3,118,-0.02,       ,       ,      ,107.3,-36.9,-0.6,0,  NONE,   NONE,      ,      ,0,     3D,3704,      ,       ,83.5,       ,0,2600.4,0,FALSE,1,307.65,-5.91,1.579,0,15.9,FALSE,GROUND
7/25/2026, 05:15:39,  +00:00,  APNOM,-2.9432242,37.914402,2374,29.92,2600.3,21,0,0,-6.92,-0.01,1.4,-0.02,0,8.9,10.5,28.5,1.5,80.82,48.09,17.13,168.77,87.72,307.81,301.26,54.33,611.8,2537.2,0,  GPS,323.1,113.1,115.9,125.3,118,-0.02,       ,       ,      ,107.3,-36.9,-0.6,0,  NONE,   NONE,      ,      ,0,     3D,3704,      ,       ,83.5,       ,0,2600.3,0,FALSE,1,307.81,-6.92,0.519,0,15.8,FALSE,GROUND
7/25/2026, 05:15:39,  +00:00,  APNOM,-2.9432242,37.914402,2373,29.92,2600.3,21,0,0,-8.85,0,1.4,-0.02,0,8.9,10.5,28.6,1.5,81.08,48.09,17.15,168.82,87.71,307.42,301.96,54.35,611.89,2537.2,0,  GPS,323.1,113.1,115.9,125.3,118,-0.02,       ,       ,      ,107.3,-36.9,-0.6,0,  NONE,   NONE,      ,      ,0,     3D,3704,      ,       ,83.5,       ,0,2600.3,0,FALSE,1,307.42,-8.85,-1.169,0,15.8,FALSE,GROUND
7/25/2026, 05:15:41,  +00:00,  APNOM,-2.9432244,37.914402,2374,29.92,2600.5,21,0,0,-6.18,0.01,1.4,-0.03,0,8.9,10.5,28.5,1.3,81.2,47.95,17.13,168.86,87.65,306.95,304.09,54.34,611.85,2537.4,0,  GPS,323.1,113.1,115.9,125.3,118,-0.02,       ,       ,      ,107.3,-36.9,-0.6,0,  NONE,   NONE,      ,      ,0,     3D,3704,      ,       ,83.5,       ,0,2600.5,0,FALSE,1,306.95,-6.18,-2.868,0,16,FALSE,GROUND
7/25/2026, 05:15:41,  +00:00,  APNOM,-2.9432244,37.914402,2374,29.92,2600.5,21,0,0,-2.95,0.03,1.38,-0.03,0,8.9,10.5,28.5,1.4,81.45,47.82,17.14,168.91,87.89,306.74,304.36,54.32,612.19,2537.4,0,  GPS,323.1,113.1,115.9,125.3,118,-0.02,       ,       ,      ,107.3,-36.9,-0.6,0,  NONE,   NONE,      ,      ,0,     3D,3704,      ,       ,83.5,       ,0,2600.5,0,FALSE,1,306.74,-2.95,-4.196,0,16,FALSE,GROUND
7/25/2026, 05:15:42,  +00:00,  APNOM,-2.9432244,37.914402,2373,29.92,2600.5,21,0,0,-3.95,0.02,1.4,-0.02,0,8.9,10.5,28.5,1.5,81.45,47.68,17.13,168.95,87.9,307.16,302.78,54.33,612.58,2537.4,0,  GPS,323.1,113.1,115.9,125.3,118,-0.02,       ,       ,      ,107.3,-36.9,-0.6,0,  NONE,   NONE,      ,      ,0,     3D,3704,      ,       ,83.5,       ,0,2600.5,0,FALSE,1,307.16,-3.95,-4.887,0,16,FALSE,GROUND
7/25/2026, 05:15:44,  +00:00,  APNOM,-2.9432244,37.914402,2373,29.92,2600.5,21,0,0,-5.9,0.04,1.38,-0.02,0,8.9,10.5,28.6,1.5,81.71,47.55,17.13,168.99,87.88,305.91,305.7,54.35,612.42,2537.4,0,  GPS,323.1,113.1,115.9,125.3,118,-0.02,       ,       ,      ,107.3,-36.9,-0.6,0,  NONE,   NONE,      ,      ,0,     3D,3704,      ,       ,83.5,       ,0,2600.5,0,FALSE,1,305.91,-5.9,-4.461,0,16,FALSE,GROUND
7/25/2026, 05:15:44,  +00:00,  APNOM,-2.9432244,37.914402,2373,29.92,2600.5,21,0,0,-3.3,0.04,1.36,-0.02,0,8.9,10.5,28.5,1.6,81.96,47.41,17.14,169.04,87.85,305.49,309.66,54.34,612.39,2537.4,0,  GPS,323.1,113.1,115.9,125.3,118,-0.02,       ,       ,      ,107.3,-36.9,-0.6,0,  NONE,   NONE,      ,      ,0,     3D,3704,      ,       ,83.5,       ,0,2600.5,0,FALSE,1,305.49,-3.3,-3.842,0,16,FALSE,GROUND
7/25/2026, 05:15:46,  +00:00,  APNOM,-2.9432244,37.914402,2373,29.92,2600.5,21,0,0,-1.95,0.07,1.37,-0.02,0,8.9,10.5,28.5,1.5,82.21,47.41,17.14,169.08,87.8,305.89,309.28,54.34,612.34,2537.4,0,  GPS,323.1,113.1,115.9,125.3,118,-0.02,       ,       ,      ,107.3,-36.9,-0.6,0,  NONE,   NONE,      ,      ,0,     3D,3704,      ,       ,83.5,       ,0,2600.5,0,FALSE,1,305.89,-1.95,-2.986,0,16,FALSE,GROUND
7/25/2026, 05:15:47,  +00:00,  APNOM,-2.9432249,37.914402,2373,29.92,2600.5,21,0,0,-2.96,0.07,1.37,-0.03,0,8.9,10.5,28.6,1.6,82.46,47.41,17.13,169.12,87.78,306.07,308.3,54.34,612.37,2537.4,0,  GPS,323.1,113.1,115.9,125.3,118,-0.02,       ,       ,      ,107.3,-36.9,-0.6,0,  NONE,   NONE,      ,      ,0,     3D,3704,      ,       ,83.5,       ,0,2600.5,0,FALSE,1,306.07,-2.96,-2.379,0,16,FALSE,GROUND
7/25/2026, 05:15:47,  +00:00,  APNOM,-2.9432249,37.914402,2373,29.92,2600.5,21,0,0,-1.65,0.08,1.36,-0.02,0,8.9,10.5,28.6,1.8,82.59,47.28,17.13,169.16,87.77,306.52,307.69,54.35,612.23,2537.4,0,  GPS,323.1,113.1,115.9,125.3,118,-0.02,       ,       ,      ,107.3,-36.9,-0.6,0,  NONE,   NONE,      ,      ,0,     3D,3704,      ,       ,83.5,       ,0,2600.5,0,FALSE,1,306.52,-1.65,-2.088,0,16,FALSE,GROUND
7/25/2026, 05:15:49,  +00:00,  APNOM,-2.9432249,37.914402,2373,29.92,2600.5,21,0,0,-0.73,0.09,1.35,-0.03,-0.01,8.9,10.5,28.6,1.6,82.59,47.14,17.12,169.21,87.72,307.32,306.16,54.34,612,2537.4,0,  GPS,323.1,113.1,115.9,125.3,118,-0.02,       ,       ,      ,107.3,-36.9,-0.6,0,  NONE,   NONE,      ,      ,0,     3D,3704,      ,       ,83.5,       ,0,2600.5,0,FALSE,1,307.32,-0.73,-1.694,-0.01,16,FALSE,GROUND
7/25/2026, 05:15:49,  +00:00,  APNOM,-2.9432249,37.914402,2373,29.92,2600.5,21,0,0,-0.29,0.1,1.35,-0.02,-0.01,8.9,10.5,28.6,1.5,82.72,47.14,17.13,169.25,87.94,308.82,300.82,54.34,611.58,2537.4,0,  GPS,323.1,113.1,115.9,125.3,118,-0.02,       ,       ,      ,107.3,-36.9,-0.6,0,  NONE,   NONE,      ,      ,3.9,     3D,3704,      ,       ,83.5,       ,0,2600.5,0,FALSE,1,308.82,-0.29,-1.104,0,16,FALSE,GROUND
7/25/2026, 05:15:50,  +00:00,  APNOM,-2.9432249,37.914402,2373,29.92,2600.5,21,0,0,-0.11,0.11,1.34,-0.02,0,8.9,10.5,28.6,1.5,82.97,47,17.12,169.28,88.01,307.81,302.67,54.36,611.29,2537.4,0,  GPS,323.1,113.1,115.9,125.3,118,-0.02,       ,       ,      ,107.3,-36.9,-0.6,0,  NONE,   NONE,      ,      ,0,     3D,3704,      ,       ,83.5,       ,0,2600.5,0,FALSE,1,307.81,-0.11,-0.774,0.01,16,FALSE,GROUND
7/25/2026, 05:15:52,  +00:00,  APNOM,-2.9432249,37.914402,2373,29.92,2600.5,21,0,0,-0.04,0.12,1.34,-0.02,0,8.9,10.5,28.5,1.5,82.97,47,17.12,169.32,87.99,307.45,304.5,54.35,610.88,2537.4,0,  GPS,323.1,113.1,115.9,125.3,118,-0.02,       ,       ,      ,107.3,-36.9,-0.6,0,  NONE,   NONE,      ,      ,0,     3D,3704,      ,       ,83.5,       ,0,2600.5,0,FALSE,1,307.45,-0.04,-0.579,0,16,FALSE,GROUND
7/25/2026, 05:15:52,  +00:00,  APNOM,-2.9432251,37.914402,2373,29.92,2600.6,21,0,0,-0.01,0.13,1.35,-0.02,0,8.9,10.5,28.5,1.5,82.97,47,17.12,169.37,87.98,307.02,305.09,54.34,610.91,2537.5,0,  GPS,323.1,113.1,115.9,125.3,118,-0.02,       ,       ,      ,107.3,-36.9,-0.6,0,  NONE,   NONE,      ,      ,0,     3D,3704,      ,       ,83.5,       ,0,2600.6,0,FALSE,1,307.02,-0.01,-0.283,0,16.1,FALSE,GROUND
7/25/2026, 05:15:54,  +00:00,  APNOM,-2.9432251,37.914402,2373,29.92,2600.6,21,0,0,0,0.14,1.33,-0.02,0,8.9,10.5,28.6,1.5,83.22,47,17.14,169.41,87.94,306.86,304.29,54.33,611.14,2537.5,0,  GPS,323.1,113.1,115.9,125.3,118,-0.02,       ,       ,      ,107.3,-36.9,-0.6,0,  NONE,   NONE,      ,      ,3.9,     3D,3704,      ,       ,83.5,       ,0,2600.6,0,FALSE,1,306.86,0,-0.118,0,16.1,FALSE,GROUND
7/25/2026, 05:15:55,  +00:00,  APNOM,-2.9432256,37.914402,2373,29.92,2600.5,21,0,0,0,0.14,1.33,-0.02,0,8.9,10.5,28.6,1.5,83.22,46.87,17.14,169.45,87.91,306.3,305.48,54.33,611.96,2537.4,0,  GPS,323.1,113.1,115.9,125.3,118,-0.02,       ,       ,      ,107.3,-36.9,-0.6,0,  NONE,   NONE,      ,      ,0,     3D,3704,      ,       ,83.5,       ,0,2600.5,0,FALSE,1,306.3,0,-0.045,0,16,FALSE,GROUND
7/25/2026, 05:15:55,  +00:00,  APNOM,-2.9432256,37.914402,2373,29.92,2600.5,21,0,0,0,0.14,1.34,-0.02,0,8.9,10.5,28.5,1.5,83.35,46.87,17.15,169.5,87.85,306.21,306.14,54.34,612.24,2537.4,0,  GPS,323.1,113.1,115.9,125.3,118,-0.02,       ,       ,      ,107.3,-36.9,-0.6,0,  NONE,   NONE,      ,      ,0,     3D,3704,      ,       ,83.5,       ,0,2600.5,0,FALSE,1,306.21,0,-0.134,0,16,FALSE,GROUND
7/25/2026, 05:15:57,  +00:00,  APNOM,-2.9432249,37.914402,2373,29.92,2600.3,21,0,0,0,0.13,1.35,-0.02,0,8.9,10.5,28.6,1.5,83.47,46.87,17.14,169.54,87.81,306.64,306.61,54.35,611.97,2537.2,0,  GPS,323.1,113.1,115.9,125.3,118,-0.02,       ,       ,      ,107.3,-36.9,-0.6,0,  NONE,   NONE,      ,      ,0,     3D,3704,      ,       ,83.5,       ,0,2600.3,0,FALSE,1,306.64,0,0.541,0,15.8,FALSE,GROUND
7/25/2026, 05:15:57,  +00:00,  APNOM,-2.9432249,37.914402,2373,29.92,2600.2,21,0,0,0,0.13,1.35,-0.02,0,8.9,10.5,28.6,1.5,83.47,46.87,17.12,169.58,87.85,306.67,308.03,54.34,611.52,2537.1,0,  GPS,323.1,113.1,115.9,125.3,118,-0.02,       ,       ,      ,107.3,-36.9,-0.6,0,  NONE,   NONE,      ,      ,0,     3D,3704,      ,       ,83.5,       ,0,2600.2,0,FALSE,1,306.67,0,1.844,0,15.7,FALSE,GROUND
7/25/2026, 05:15:58,  +00:00,  APNOM,-2.9432249,37.914402,2373,29.92,2600.2,21.2,0,0,0,0.14,1.35,-0.02,0,8.9,10.5,28.6,1.5,83.47,46.87,17.12,169.62,87.82,307.45,303.69,54.34,610.98,2537.1,0,  GPS,323.1,113.1,115.9,125.3,118,-0.02,       ,       ,      ,107.3,-36.9,-0.6,0,  NONE,   NONE,      ,      ,0,     3D,3704,      ,       ,83,       ,0,2600.2,0,FALSE,1,307.45,0,2.573,0,15.7,FALSE,GROUND
7/25/2026, 05:16:00,  +00:00,  APNOM,-2.9432249,37.914402,2373,29.92,2600.2,21.2,0,0,-1.18,0.14,1.35,-0.02,0,8.9,10.5,28.5,1.3,83.6,46.87,17.12,169.66,87.8,306.63,306.94,54.35,610.66,2537.1,0,  GPS,323.1,113.1,115.9,125.3,118,-0.02,       ,       ,      ,107.3,-36.9,-0.6,0,  NONE,   NONE,      ,      ,0,     3D,3704,      ,       ,83,       ,0,2600.2,0,FALSE,1,306.63,-1.18,3.27,0,15.7,FALSE,GROUND
7/25/2026, 05:16:02,  +00:00,  APNOM,-2.9432249,37.914402,2374,29.92,2600.2,21.2,0,0,6.64,0.15,1.36,-0.03,0,8.9,10.5,28.5,1.4,83.73,46.73,17.1,169.75,87.81,306.59,307.12,54.33,610.19,2537.1,0,  GPS,323.1,113.1,115.9,125.3,118,-0.02,       ,       ,      ,107.3,-36.9,-0.6,0,  NONE,   NONE,      ,      ,0,     3D,3704,      ,       ,83,       ,0,2600.2,0,FALSE,1,306.59,6.64,5.336,0,15.7,FALSE,GROUND
7/25/2026, 05:16:03,  +00:00,  APNOM,-2.9432249,37.914402,2373,29.92,2600.1,21.2,0,0,12.99,0.15,1.36,-0.03,0,8.9,10.5,28.6,1.7,83.73,46.73,17.11,169.78,87.69,306.55,308.37,54.32,610.27,2537,0,  GPS,323.1,113.1,115.9,125.3,118,-0.02,       ,       ,      ,107.3,-36.9,-0.6,0,  NONE,   NONE,      ,      ,0,     3D,3704,      ,       ,83,       ,0,2600.1,0,FALSE,1,306.55,12.99,6.846,0,15.6,FALSE,GROUND
7/25/2026, 05:16:03,  +00:00,  APNOM,-2.9432249,37.914402,2373,29.92,2600.1,21.2,0,0,7.28,0.16,1.37,-0.02,0,8.9,10.5,28.5,1.5,83.85,46.73,17.12,169.81,87.69,307.99,301.78,54.33,610.62,2537,0,  GPS,323.1,113.1,115.9,125.3,118,-0.02,       ,       ,      ,107.3,-36.9,-0.6,0,  NONE,   NONE,      ,      ,0,     3D,3704,      ,       ,83,       ,0,2600.1,0,FALSE,1,307.99,7.28,7.714,0,15.6,FALSE,GROUND
7/25/2026, 05:16:05,  +00:00,  APNOM,-2.9432249,37.914402,2375,29.92,2600,21.2,0,0,6.97,0.18,1.37,-0.02,0,8.9,10.5,28.6,1.6,83.85,46.73,17.12,169.84,87.68,308.03,300.06,54.33,610.86,2536.9,0,  GPS,323.1,113.1,115.9,125.3,118,-0.02,       ,       ,      ,107.3,-36.9,-0.6,0,  NONE,   NONE,      ,      ,0,     3D,3704,      ,       ,83,       ,0,2600,0,FALSE,1,308.03,6.97,7.502,0,15.5,FALSE,GROUND
7/25/2026, 05:16:05,  +00:00,  APNOM,-2.9432249,37.914402,2375,29.92,2600,21.2,0,0,20.66,0.18,1.36,-0.03,0,8.9,10.5,28.6,1.4,83.85,46.73,17.12,169.88,87.67,307.16,302.1,54.33,611.08,2536.9,0,  GPS,323.1,113.1,115.9,125.3,118,-0.02,       ,       ,      ,107.3,-36.9,-0.6,0,  NONE,   NONE,      ,      ,0,     3D,3704,      ,       ,83,       ,0,2600,0,FALSE,1,307.16,20.66,6.52,0,15.5,FALSE,GROUND
7/25/2026, 05:16:06,  +00:00,  APNOM,-2.9432249,37.914402,2374,29.92,2599.9,21.2,0,0,15.1,0.16,1.37,-0.03,0,8.9,10.5,28.6,1.7,83.85,46.73,17.13,169.91,87.68,307.24,303.76,54.36,610.72,2536.8,0,  GPS,323.1,113.1,115.9,125.3,118,-0.02,       ,       ,      ,107.3,-36.9,-0.6,0,  NONE,   NONE,      ,      ,0,     3D,3704,      ,       ,83,       ,0,2599.9,0,FALSE,1,307.24,15.1,5.286,0,15.4,FALSE,GROUND
7/25/2026, 05:16:08,  +00:00,  APNOM,-2.9432249,37.914402,2374,29.92,2599.9,21.2,0,0,8.68,0.18,1.38,-0.03,0,8.9,10.5,28.5,1.5,83.98,46.6,17.13,169.94,87.64,307.35,303.86,54.37,610.48,2536.8,0,  GPS,323.1,113.1,115.9,125.3,118,-0.02,       ,       ,      ,107.3,-36.9,-0.6,0,  NONE,   NONE,      ,      ,-3.9,     3D,3704,      ,       ,83,       ,0,2599.9,0,FALSE,1,307.35,8.68,3.262,0,15.4,FALSE,GROUND
7/25/2026, 05:16:08,  +00:00,  APNOM,-2.9432249,37.914402,2373,29.92,2600,21.2,0,0,-2.12,0.19,1.37,-0.03,0,8.9,10.5,28.5,1.4,83.98,46.6,17.1,169.97,87.64,307.08,306.49,54.36,609.78,2536.9,0,  GPS,323.1,113.1,115.9,125.3,118,-0.02,       ,       ,      ,107.3,-36.9,-0.6,0,  NONE,   NONE,      ,      ,0,     3D,3704,      ,       ,83,       ,0,2600,0,FALSE,1,307.08,-2.12,1.202,0,15.5,FALSE,GROUND
7/25/2026, 05:16:10,  +00:00,  APNOM,-2.9432249,37.914402,2373,29.92,2599.9,21.2,0,0,-9.82,0.19,1.36,-0.02,-0.01,8.9,10.5,28.5,1.3,83.98,46.6,17.1,170,87.64,306.84,307.78,54.34,609.26,2536.8,0,  GPS,323.1,113.1,115.9,125.3,118,-0.02,       ,       ,      ,107.3,-36.9,-0.6,0,  NONE,   NONE,      ,      ,0,     3D,3704,      ,       ,83,       ,0,2599.9,0,FALSE,1,306.84,-9.82,0.136,-0.01,15.4,FALSE,GROUND
7/25/2026, 05:16:10,  +00:00,  APNOM,-2.9432251,37.914402,2373,29.92,2599.8,21.2,0,0,-13.52,0.2,1.35,-0.02,-0.01,8.9,10.5,28.5,1.5,83.98,46.6,17.11,170.03,87.6,307.24,306.14,54.36,609.05,2536.7,0,  GPS,323.1,113.1,115.9,125.3,118,-0.02,       ,       ,      ,107.3,-36.9,-0.6,0,  NONE,   NONE,      ,      ,0,     3D,3704,      ,       ,83,       ,0,2599.8,0,FALSE,1,307.24,-13.52,-0.698,0,15.3,FALSE,GROUND
7/25/2026, 05:16:11,  +00:00,  APNOM,-2.9432251,37.914402,2373,29.92,2599.7,21.2,0,0,-13.6,0.2,1.36,-0.03,0,8.9,10.5,28.5,1.4,83.98,46.6,17.12,170.06,87.6,307.07,304.52,54.34,609.48,2536.6,0,  GPS,323.1,113.1,115.9,125.3,118,-0.02,       ,       ,      ,107.3,-36.9,-0.6,0,  NONE,   NONE,      ,      ,-7.9,     3D,3704,      ,       ,83,       ,0,2599.7,0,FALSE,1,307.07,-13.6,-2.85,0.01,15.2,FALSE,GROUND
7/25/2026, 05:16:13,  +00:00,  APNOM,-2.9432256,37.914402,2373,29.92,2599.7,21.2,0,0,-7.61,0.2,1.36,-0.03,0,8.9,10.5,28.6,1.5,83.98,46.46,17.11,170.08,87.69,307.45,304.33,54.33,609.49,2536.6,0,  GPS,323.1,113.1,115.9,125.3,118,-0.02,       ,       ,      ,107.3,-36.9,-0.6,0,  NONE,   NONE,      ,      ,0,     3D,3704,      ,       ,83,       ,0,2599.7,0,FALSE,1,307.45,-7.61,-4.4,0,15.2,FALSE,GROUND
7/25/2026, 05:16:13,  +00:00,  APNOM,-2.9432259,37.914402,2373,29.92,2599.7,21.2,0,0,-3.38,0.2,1.36,-0.02,0,8.9,10.5,28.6,1.5,83.98,46.46,17.12,170.11,87.72,308.29,299.39,54.33,609.87,2536.6,0,  GPS,323.1,113.1,115.9,125.3,118,-0.02,       ,       ,      ,107.3,-36.9,-0.6,0,  NONE,   NONE,      ,      ,0,     3D,3704,      ,       ,83,       ,0,2599.7,0,FALSE,1,308.29,-3.38,-5.284,0,15.2,FALSE,GROUND
7/25/2026, 05:16:15,  +00:00,  APNOM,-2.9432259,37.914402,2373,29.92,2599.7,21.2,0,0,-1.37,0.21,1.37,-0.02,0,8.9,10.5,28.5,1.3,83.98,46.46,17.14,170.13,87.69,308.21,298.95,54.34,610.33,2536.5,0,  GPS,323.1,113.1,115.9,125.3,118,-0.02,       ,       ,      ,107.3,-36.9,-0.6,0,  NONE,   NONE,      ,      ,0,     3D,3704,      ,       ,83,       ,0,2599.7,0,FALSE,1,308.21,-1.37,-5.078,0,15.2,FALSE,GROUND
7/25/2026, 05:16:16,  +00:00,  APNOM,-2.9432261,37.914402,2373,29.92,2599.7,21.2,0,0,-0.86,0.22,1.37,-0.02,0,8.9,10.5,28.5,1.4,83.98,46.46,17.14,170.15,87.68,307.33,301.54,54.34,610.81,2536.6,0,  GPS,323.1,113.1,115.9,125.3,118,-0.02,       ,       ,      ,107.3,-36.9,-0.6,0,  NONE,   NONE,      ,      ,0,     3D,3704,      ,       ,83,       ,0,2599.7,0,FALSE,1,307.33,-0.86,-4.098,0,15.2,FALSE,GROUND
7/25/2026, 05:16:16,  +00:00,  APNOM,-2.9432259,37.914402,2373,29.92,2599.6,21.2,0,0,-0.4,0.22,1.38,-0.02,0,8.9,10.5,28.6,1.4,83.98,46.33,17.12,170.18,87.68,307.06,304.73,54.38,610.95,2536.5,0,  GPS,323.1,113.1,115.9,125.3,118,-0.02,       ,       ,      ,107.3,-36.9,-0.6,0,  NONE,   NONE,      ,      ,0,     3D,3704,      ,       ,83,       ,0,2599.6,0,FALSE,1,307.06,-0.4,-2.747,0,15.1,FALSE,GROUND
7/25/2026, 05:16:18,  +00:00,  APNOM,-2.9432259,37.914402,2373,29.92,2599.7,21.2,0,0,-0.16,0.22,1.37,-0.03,0,8.9,10.5,28.6,1.5,83.98,46.33,17.14,170.21,87.93,307.42,303.76,54.36,610.49,2536.6,0,  GPS,323.1,113.1,115.9,125.3,118,-0.02,       ,       ,      ,107.3,-36.9,-0.6,0,  NONE,   NONE,      ,      ,0,     3D,3704,      ,       ,83,       ,0,2599.7,0,FALSE,1,307.42,-0.16,-0.921,0,15.2,FALSE,GROUND
7/25/2026, 05:16:18,  +00:00,  APNOM,-2.9432261,37.914402,2373,29.92,2599.7,21.2,0,0,-0.06,0.22,1.38,-0.02,0,8.9,10.5,28.5,1.2,83.98,46.33,17.13,170.23,87.89,307.52,303.39,54.37,610.41,2536.6,0,  GPS,323.1,113.1,115.9,125.3,118,-0.02,       ,       ,      ,107.3,-36.9,-0.6,0,  NONE,   NONE,      ,      ,0,     3D,3704,      ,       ,83,       ,0,2599.7,0,FALSE,1,307.52,-0.06,0.244,0,15.2,FALSE,GROUND
7/25/2026, 05:16:19,  +00:00,  APNOM,-2.9432261,37.914402,2373,29.92,2599.8,21.2,0,0,-0.02,0.22,1.38,-0.02,0,8.9,10.5,28.5,1.4,83.98,46.19,17.13,170.25,87.94,307.02,304.57,54.4,610.51,2536.7,0,  GPS,323.1,113.1,115.9,125.3,118,-0.02,       ,       ,      ,107.3,-36.9,-0.6,0,  NONE,   NONE,      ,      ,0,     3D,3704,      ,       ,83,       ,0,2599.8,0,FALSE,1,307.02,-0.02,0.784,0,15.3,FALSE,GROUND
7/25/2026, 05:16:21,  +00:00,  APNOM,-2.9432261,37.914402,2373,29.92,2599.8,21.2,0,0,-0.01,0.23,1.38,-0.02,0,8.9,10.5,28.5,1.4,83.98,46.19,17.12,170.28,87.93,307.27,303.79,54.38,610.61,2536.7,0,  GPS,323.1,113.1,115.9,125.3,118,-0.02,       ,       ,      ,107.3,-36.9,-0.6,0,  NONE,   NONE,      ,      ,0,     3D,3704,      ,       ,83,       ,0,2599.8,0,FALSE,1,307.27,-0.01,0.572,0,15.3,FALSE,GROUND
7/25/2026, 05:16:21,  +00:00,  APNOM,-2.9432261,37.914402,2373,29.92,2599.8,21.2,0,0,4.66,0.23,1.4,-0.03,0,8.9,10.5,28.6,1.6,83.98,46.19,17.12,170.31,87.86,307.1,304.97,54.37,611.11,2536.7,0,  GPS,323.1,113.1,115.9,125.3,118,-0.02,       ,       ,      ,107.3,-36.9,-0.6,0,  NONE,   NONE,      ,      ,0,     3D,3704,      ,       ,83,       ,0,2599.8,0,FALSE,1,307.1,4.66,0.215,0,15.3,FALSE,GROUND
7/25/2026, 05:16:23,  +00:00,  APNOM,-2.9432261,37.914402,2373,29.92,2599.9,21.2,0,0,4.04,0.23,1.4,-0.02,0,8.9,10.5,28.5,1.4,83.98,46.06,17.12,170.34,87.85,307.15,306.15,54.39,611.32,2536.8,0,  GPS,323.1,113.1,115.9,125.3,118,-0.02,       ,       ,      ,107.3,-36.9,-0.6,0,  NONE,   NONE,      ,      ,0,     3D,3704,      ,       ,83,       ,0,2599.9,0,FALSE,1,307.15,4.04,0.017,0,15.4,FALSE,GROUND
7/25/2026, 05:16:23,  +00:00,  APNOM,-2.9432261,37.914402,2373,29.92,2599.9,21.2,0,0,2.02,0.23,1.4,-0.03,0,8.9,10.5,28.5,1.3,83.98,46.06,17.13,170.36,87.82,306.88,305.19,54.36,611.05,2536.8,0,  GPS,323.1,113.1,115.9,125.3,118,-0.02,       ,       ,      ,107.3,-36.9,-0.6,0,  NONE,   NONE,      ,      ,0,     3D,3704,      ,       ,83,       ,0,2599.9,0,FALSE,1,306.88,2.02,-0.071,0,15.4,FALSE,GROUND
7/25/2026, 05:16:24,  +00:00,  APNOM,-2.9432261,37.914402,2373,29.92,2600,21.2,0,0,-3.49,0.22,1.38,-0.02,0,8.9,10.5,28.5,1.3,83.98,45.92,17.12,170.39,87.77,307,304.44,54.38,611.41,2536.9,0,  GPS,323.1,113.1,115.9,125.3,118,-0.02,       ,       ,      ,107.3,-36.9,-0.6,0,  NONE,   NONE,      ,      ,0,     3D,3704,      ,       ,83,       ,0,2600,0,FALSE,1,307,-3.49,-0.106,0,15.5,FALSE,GROUND
7/25/2026, 05:16:26,  +00:00,  APNOM,-2.9432261,37.914402,2373,29.92,2600,21.2,0,0,-4.43,0.23,1.41,-0.02,0,8.9,10.5,28.6,1.6,83.98,45.92,17.12,170.42,87.77,306.57,303.72,54.38,611.95,2536.9,0,  GPS,323.1,113.1,115.9,125.3,118,-0.02,       ,       ,      ,107.3,-36.9,-0.6,0,  NONE,   NONE,      ,      ,0,     3D,3704,      ,       ,83,       ,0,2600,0,FALSE,1,306.57,-4.43,-0.327,0,15.5,FALSE,GROUND
7/25/2026, 05:16:26,  +00:00,  APNOM,-2.9432261,37.914402,2373,29.92,2600.1,21.2,0,0,-2.38,0.24,1.41,-0.03,0,8.9,10.5,28.5,1.4,84.1,45.78,17.12,170.45,87.74,306.9,304.3,54.39,612.3,2537,0,  GPS,323.1,113.1,115.9,125.3,118,-0.02,       ,       ,      ,107.3,-36.9,-0.6,0,  NONE,   NONE,      ,      ,0,     3D,3704,      ,       ,83,       ,0,2600.1,0,FALSE,1,306.9,-2.38,-0.478,0,15.6,FALSE,GROUND
7/25/2026, 05:16:28,  +00:00,  APNOM,-2.9432261,37.914402,2373,29.92,2600.1,21.2,0,0,-1.04,0.24,1.41,-0.03,0,8.9,10.5,28.5,1.4,84.1,45.78,17.12,170.48,87.72,307.23,301.28,54.37,612.8,2537,0,  GPS,323.1,113.1,115.9,125.3,118,-0.02,       ,       ,      ,107.3,-36.9,-0.6,0,  NONE,   NONE,      ,      ,0,     3D,3704,      ,       ,83,       ,0,2600.1,0,FALSE,1,307.23,-1.04,-1.016,0,15.6,FALSE,GROUND
7/25/2026, 05:16:29,  +00:00,  APNOM,-2.9432261,37.914402,2373,29.92,2600.1,21.2,0,0,-0.41,0.24,1.42,-0.03,0,8.9,10.5,28.5,1.3,84.1,45.78,17.12,170.51,87.86,307.67,299.48,54.36,612.72,2537,0,  GPS,323.1,113.1,115.9,125.3,118,-0.02,       ,       ,      ,107.3,-36.9,-0.6,0,  NONE,   NONE,      ,      ,0,     3D,3704,      ,       ,83,       ,0,2600.1,0,FALSE,1,307.67,-0.41,-1.45,0,15.6,FALSE,GROUND
7/25/2026, 05:16:29,  +00:00,  APNOM,-2.9432266,37.914402,2372,29.92,2600.2,21.2,0,0,-2.23,0.24,1.44,-0.03,0,8.9,10.5,28.5,1.4,84.1,45.78,17.12,170.54,87.89,306.89,300.89,54.34,612.88,2537.1,0,  GPS,323.1,113.1,115.9,125.3,118,-0.02,       ,       ,      ,107.3,-36.9,-0.6,0,  NONE,   NONE,      ,      ,0,     3D,3704,      ,       ,83,       ,0,2600.2,0,FALSE,1,306.89,-2.23,-1.663,0,15.7,FALSE,GROUND
7/25/2026, 05:16:31,  +00:00,  APNOM,-2.9432266,37.914402,2373,29.92,2600.3,21.2,0,0,-1.52,0.24,1.43,-0.03,0,8.9,10.5,28.5,1.4,84.1,45.65,17.12,170.57,87.85,306.86,302.78,54.35,612.97,2537.2,0,  GPS,323.1,113.1,115.9,125.3,118,-0.02,       ,       ,      ,107.3,-36.9,-0.6,0,  NONE,   NONE,      ,      ,0,     3D,3704,      ,       ,83,       ,0,2600.3,0,FALSE,1,306.86,-1.52,-1.318,0,15.8,FALSE,GROUND
7/25/2026, 05:16:31,  +00:00,  APNOM,-2.9432261,37.914402,2373,29.92,2600.5,21.2,0,0,-0.72,0.24,1.43,-0.02,0,8.9,10.5,28.5,1.3,84.1,45.65,17.12,170.61,87.86,306.61,304.05,54.36,612.98,2537.4,0,  GPS,323.1,113.1,115.9,125.3,118,-0.02,       ,       ,      ,107.3,-36.9,-0.6,0,  NONE,   NONE,      ,      ,0,     3D,3704,      ,       ,83,       ,0,2600.5,0,FALSE,1,306.61,-0.72,-0.877,0,16,FALSE,GROUND
7/25/2026, 05:16:32,  +00:00,  APNOM,-2.9432266,37.914402,2373,29.92,2600.6,21.2,0,0,-0.3,0.24,1.42,-0.02,0,8.9,10.5,28.6,1.4,83.98,45.65,17.12,170.64,87.81,307.41,301.93,54.36,613.01,2537.5,0,  GPS,323.1,113.1,115.9,125.3,118,-0.02,       ,       ,      ,107.3,-36.9,-0.6,0,  NONE,   NONE,      ,      ,0,     3D,3704,      ,       ,83,       ,0,2600.6,0,FALSE,1,307.41,-0.3,-0.3,0,16.1,FALSE,GROUND
7/25/2026, 05:16:34,  +00:00,  APNOM,-2.9432266,37.914402,2373,29.92,2600.6,21.2,0,0,-0.11,0.24,1.43,-0.02,0,8.9,10.5,28.5,1.2,83.98,45.65,17.12,170.68,87.85,306.86,301.23,54.36,613.1,2537.5,0,  GPS,323.1,113.1,115.9,125.3,118,-0.02,       ,       ,      ,107.3,-36.9,-0.6,0,  NONE,   NONE,      ,      ,0,     3D,3704,      ,       ,83,       ,0,2600.6,0,FALSE,1,306.86,-0.11,-0.11,0,16.1,FALSE,GROUND
7/25/2026, 05:16:34,  +00:00,  APNOM,-2.9432266,37.914402,2373,29.92,2600.6,21.2,0,0,-0.04,0.25,1.42,-0.02,0,8.9,10.5,28.5,1.5,83.98,45.51,17.12,170.72,87.74,307.11,302.71,54.37,612.83,2537.5,0,  GPS,323.1,113.1,115.9,125.3,118,-0.02,       ,       ,      ,107.3,-36.9,-0.6,0,  NONE,   NONE,      ,      ,0,     3D,3704,      ,       ,83,       ,0,2600.6,0,FALSE,1,307.11,-0.04,-0.04,0,16.1,FALSE,GROUND
7/25/2026, 05:16:36,  +00:00,  APNOM,-2.9432266,37.914402,2373,29.92,2600.6,21.2,0,0,-0.02,0.24,1.42,-0.02,0,8.9,10.5,28.5,1.4,83.98,45.51,17.12,170.75,87.77,306.64,305.44,54.37,612.33,2537.5,0,  GPS,323.1,113.1,115.9,125.3,118,-0.02,       ,       ,      ,107.3,  -,,,,,,,,,,,,,,0,2600.6,0,FALSE,1,306.64,-0.02,-0.02,0,16.1,FALSE,GROUND
